VendorName,FullAddress,EIN,ContactPhone,Category
Johnson L.L.C.,"21819 Johnson Course, East William, AK 74064, USA",78-6579303,(386) 379-4026,Logistics
Martin-Kelly,"192 Frank Light Suite 835, East Lydiamouth, MO 35594, USA",36-2950628,(139) 537-6724,Professional Services
Mcgee PLC,"969 Cox Dam Suite 101, Lake Ernest, TX 55834, USA",24-9827706,9166978480,Logistics
BROWN INC,"301 Jeremy Bypass, Chadbury, KY 88185, USA",13-4126396,7382997376,Manufacturing
Davis Grp,"6701 Richard Junction Apt. 333, Taylorburgh, KY 61138, USA",200604502,317-810-8013,Professional Services
Jones Inc,"1939 Christine Manor, Sarahborough, TN 94373, USA",702632297,534-624-7510,Professional Services
"Moore, Campbell & Clark","48740 Cynthia Village Suite 005, Lake Tina, GA 97655, USA",,786-801-1280,Facilities Management
LEE LTD,"299 Sullivan Village Apt. 443, Floydmouth, NH 58406, USA",84-9621470,7387214895,Office Supplies
Chambers & Sons,"00379 Stanley Rds, Lake Heather, NM 52884, USA",465341213,(320) 163-2870,Construction
"Payne, Morrison & Walker","6706 Caldwell Union, Ramseymouth, PW 17229, USA",,980-699-0162,Logistics
Williams Gruop,"75564 King Common Suite 080, Jeffreyland, WI 85927, USA",507943839,(003) 309-2327,Logistics
Elliott and Sons,"452 Kimberly Estates Suite 190, Barbarafurt, MO 94219, USA",485451171,319-314-9190,Healthcare Supplies
"PATTERSON, WOOD & HUNTER","67165 Zimmerman Mews Apt. 849, Marshallshire, KY 42746, USA",74-8245888,3147379965,Construction
Torres PLC,"8856 Bell Motorway Suite 443, Lake Jamesville, WA 70737, USA",88-3543540,(233) 749-8941,Facilities Management
Evreett-Woods,"7190 Edward Port, Christopherbury, DE 73648, USA",,6999386774,Logistics
"Walker, Hernandez and Baker","02499 Gonzales Mountain, Hollyview, NY 71277, USA",99-0566476,7719065940,Healthcare Supplies
Kim-Wolfe,"93248 Andrea Course, Port Robin, NH 15897, USA",149203558,2748467737,Professional Services
Chase Grp,"7662 Hanna Crossroad, Mollymouth, CT 69438, USA",185675980,(702) 621-7459,Professional Services
"Jenkins, Maldonado & White","96937 Jesse Route, Stevetown, MH 61482, USA",,482-175-9464,Facilities Management
GONZALEZ-CRUZ,"36959 Haney Hill Apt. 640, New Julieport, WI 30663, USA",782560971,9533942104,Healthcare Supplies
RILEY LTD,"45623 Kristin Wells, Alyssaview, MP 22068, USA",27-4648506,4745171236,Healthcare Supplies
Davis LPC,"7586 Nicole Shoal, Port Tracychester, KY 04789, USA",819595113,(537) 735-1585,Construction
Hill-Donaldson,"39005 Vanessa Turnpike Apt. 183, Port Molly, MA 19841, USA",853573823,9042284210,Logistics
Howard and Sons,"24026 Julie Mountains Suite 589, South Williamton, VA 86864, USA",754049436,847-007-6617,IT Services
Jones-Miller,"24998 James Ranch, Shawnchester, CT 92484, USA",673528321,(183) 673-6576,Professional Services
"Davis, Simmons and Ortega","71111 Davis Sts Suite 280, Elizabethchester, MI 87708, USA",,6049451983,Facilities Management
Peterosn-Wood,"910 Eric River Apt. 147, Tuckermouth, MT 36305, USA",,381-561-4978,Professional Services
Williams-Foster,"34324 Murphy Ave, Burgessburgh, DC 50335, USA",,(838) 851-6060,Healthcare Supplies
"Bishop, Cox & Hardin","5905 Mark Point Suite 449, West Christopher, TN 19038, USA",53-0747414,5462914865,Construction
Solis and Sons,"75818 Justin Track Apt. 478, Port Samuel, PW 29603, USA",32-8306011,7506068536,Facilities Management
Walker-Flores,"522 Justin Village, Hortonberg, WV 92977, USA",524806516,7790104328,Facilities Management
"Spencer, Myers & Harrison","4051 Allen Shoals Apt. 952, West Amyburgh, MP 90243, USA",249926919,772-217-0430,Professional Services
Morrison-Short,"1154 Griffin Stravenue Suite 275, Williamsstad, RI 57509, USA",,4016582029,Office Supplies
Padilla-Lewis,"731 Melissa Mission Apt. 715, Jennaside, ND 38559, USA",488690725,(422) 583-1323,Professional Services
Ward PLC,"8291 Kyle Stravenue Suite 866, East Teresaland, NV 61558, USA",248532577,8528922680,Facilities Management
"Hernandez, Martin & Morris","8414 Cynthia Plaza, Davidport, RI 70425, USA",19-7613238,(182) 992-2995,Manufacturing
Jimenez PLC,"4701 Wagner Garden Apt. 950, West Troyfort, LA 70846, USA",950488739,(016) 245-6506,Office Supplies
"Hoffman, Cox & Roberts","784 David Ct Suite 558, Kariborough, PA 67232, USA",740389325,680-002-5787,Logistics
Stevens PLC,"549 Lee Gateway Suite 843, Kellieborough, UT 92905, USA",66-8132202,7575844198,Construction
Gibbs-Bradley,"96685 Richard Ct, East Thomas, IA 01396, USA",925276600,463-745-4990,Healthcare Supplies
Hansen Ltd,"064 Julie Prairie Apt. 065, New Virginialand, NJ 04660, USA",58-7182120,4622656766,Manufacturing
"Brandt, Baxter and Adnerson","28682 Mary Throughway Apt. 478, Patelbury, IA 60876, USA",875340444,(524) 310-6903,Construction
Garcia Inc,"030 Gonzales Plains Apt. 028, Jimshire, MD 76191, USA",63-7500247,953-428-3644,IT Services
"Thomas, Green & Donovan","2353 Hudson Gardens Suite 854, Levyfort, NH 22551, USA",,5228728080,Healthcare Supplies
"WILLIAMS, SMITH & TAYLOR","20387 Brown Route, Hopkinstown, AL 70259, USA",918739736,8600848408,IT Services
"Jordan, Case and White","233 Ochoa Grove, Millerfurt, NH 74556, USA",679153816,334-101-6668,Manufacturing
Hill-Evans,"4379 Stephen Dale, Adamfurt, MA 81790, USA",35-7109965,657-569-2459,Manufacturing
"Burgess, Grant and Watts","5679 Michael Burg, Garciachester, PW 11754, USA",976198296,(125) 457-3875,Logistics
Kim Ltd,"1401 Melinda Rue Apt. 238, New Ethan, OH 56386, USA",91-6690353,7362266093,IT Services
Allen Inc,"2866 Bailey Manors, South Cynthia, UT 85076, USA",69-0347116,2827422579,IT Services
Crane-Washington,"8876 Perry Ville, Burnsland, OK 04545, USA",384602384,340-438-4279,Office Supplies
Dunn-Wilson,"8580 Payne Manors, Lake Mariabury, ME 04725, USA",327416584,7451713395,Professional Services
"Long, Thomas and Chen","7116 Neal Wells Suite 775, Port Kimland, VA 60590, USA",528414718,(518) 636-3745,Healthcare Supplies
Kelley-Anderson,"0017 David Walks Apt. 770, Harrisberg, FM 85697, USA",57-0406376,(424) 154-1520,Facilities Management
"Torres, Lyons and Young","103 Miller Ramp, New Erin, AL 01557, USA",229927269,(516) 271-3611,Professional Services
"Murphy, Willis & Hines","6303 Sandy Crescent, Salazarton, ME 87805, USA",73-1832764,2102027588,Professional Services
Jackson-Matrinez,"105 Nelson Circles Suite 917, Dixonton, NM 74803, USA",10-7721109,(252) 419-1380,Logistics
Palmer-Byrd,"06788 Cody Cove Apt. 100, East James, MO 49291, USA",39-9012686,(199) 410-1372,Facilities Management
Martinez-Dunlap,"96670 Vega Extensions, Jasonburgh, KY 37182, USA",33-0035022,720-999-3476,IT Services
Brown-Ramirez,"3838 Veronica Tunnel, Timothyfort, MI 74642, USA",876693898,8564205930,Facilities Management
"GARCIA, CRAWFORD AND RIVERA","55215 Smith Fords, Lake Carlos, KS 14661, USA",20-4078666,006-762-6765,Office Supplies
Garcia-Mendoza,"71040 Green Cove, West Georgefurt, GA 96443, USA",480424119,1815997062,Office Supplies
Moor-eGarcia,"68844 Young Causeway, Armstrongfort, FL 07645, USA",541417711,506-149-7310,Facilities Management
Little Inc,"46774 Darlene Loaf Apt. 565, South Bradley, NV 61457, USA",882839238,(434) 902-1158,Manufacturing
"Garcia, Melton & Taylor","4691 Scott View Suite 785, New Laceyland, ME 93505, USA",95-9629660,862-890-2330,Logistics
Griffith Ltd,"4666 Brandy Ports Apt. 538, Knoxstad, NY 39848, USA",297018781,2824172482,Construction
Brown-Dickerson,"56972 Huffman Falls, South Marvinburgh, MD 83666, USA",180943908,007-432-9271,Facilities Management
"Hamilton, Jordan & Patterson","0083 Dodson Islands Apt. 003, Lake Natalie, ME 17400, USA",967607278,1689421044,Logistics
"Wilson, Wilson and Rodriguez","348 Michael Lodge, Ethanside, NM 27723, USA",27-8575192,753-001-1972,Office Supplies
"Jones, Cummings & Conway","4470 Lisa Well, Port Kellymouth, NE 97302, USA",,(110) 022-5579,Facilities Management
Clay Group,"45089 Tiffany Skyway, Aprilville, NE 87233, USA",162959284,(375) 628-9002,IT Services
CHRISTIAN-BOOTH,"5354 William Plaza, Powellbury, CO 60675, USA",50-6919288,7971775170,Manufacturing
"Walker, Peterson & Gallegos","851 Penny Park Apt. 614, East David, PR 51998, USA",94-1889393,373-516-0917,Facilities Management
"Lawrence, Gordon & Maynard","086 Glass Tunnel, Lake Beth, VA 17328, USA",40-6284028,(169) 958-6693,Office Supplies
"Butler, Adkins & Skinner","0810 Thomas Skyway Apt. 342, Francesberg, MP 08631, USA",266211829,4380571983,Professional Services
Moss Inc,"64842 Brandy Glens Apt. 572, East Sarahton, WI 82469, USA",16-2795957,9479851583,Manufacturing
Thompson LLC,"346 Hayes Lodge, Stewartfurt, TX 16007, USA",72-7255918,8091901581,Facilities Management
Whitehead-York,"23943 Howard Union, Port Karenside, NH 84999, USA",,(814) 141-3975,Logistics
Lambert and Sons,"9135 Hayes Ridges, Heatherberg, OK 74800, USA",29-9528037,(556) 205-3364,Logistics
"Webb, Howard & Robinson","14530 April Turnpike Suite 677, North Tinamouth, CT 92741, USA",53-3550699,8449892665,Logistics
"Villanueva, Miller and King","655 Sparks Rapids, New Nicolemouth, GA 30646, USA",,184-322-2591,Professional Services
"Barnes, Hernandez & Davis","908 Christopher Shoals Apt. 980, Boydstad, VI 06194, USA",55-0139320,863-765-9916,Healthcare Supplies
Woods-Hall,"9864 Adam Summit, New Alexandrahaven, AL 49656, USA",379995032,3565126944,Professional Services
CUNNINGHAM-CARR,"68872 Hansen Orchard Suite 495, Fitzgeraldville, WA 30617, USA",81-9112790,721-386-5890,Healthcare Supplies
Johnson PLC,"205 Diana Estate, West Kimberlystad, TN 52293, USA",52-4971817,(693) 801-1848,IT Services
Bailey-Ochoa,"376 Jose Lodge, New Charlesport, MA 15837, USA",821221887,848-947-6973,Construction
Shannon L.L.C.,"373 Jill Well, Jamieborough, MP 33229, USA",90-7308348,952-111-7908,Logistics
Smit-hMartinez,"982 Kelly Spring, Hamptonmouth, FM 10778, USA",64-3189555,694-722-5699,Construction
Miller,"5449 Nelson Mills, Juliehaven, NV 54763, USA",242224154,220-234-1326,Healthcare Supplies
Brown Grp,"68114 Christopher Loaf, Jeromeport, NV 82615, USA",17-3864104,2282005577,Professional Services
DUNN-TAYLOR,"979 Mills Route, Reginafort, ND 30271, USA",49-6776692,174-564-2400,Construction
Henderson & Sons,"8463 Ian Highway Apt. 797, Jackiefort, ID 42528, USA",99-5226828,(020) 802-1442,Construction
Weaver-Gibson,"209 Parsons Garden Suite 186, New Felicia, WI 72782, USA",223940587,(294) 565-1181,Logistics
Spark sPLC,"528 Mahoney Island Suite 566, Charleneshire, ND 28540, USA",749431082,6845776004,Professional Services
Holmes LLC,"3350 Ellison Pass, North Benjamin, MI 20962, USA",870530217,2459334419,Healthcare Supplies
"Hardin, Navarro and Cummings","79194 Jessica Ports Suite 105, Nicholechester, MT 16300, USA",31-8610946,390-604-8058,Construction
Murphy Ltd,"06799 Jeffrey Highway, Hernandezmouth, CO 62872, USA",64-2678844,(908) 641-6862,Facilities Management
Castillo & Sons,"9389 John Grove Suite 591, Lake Robertstad, MI 25468, USA",36-9639388,5590425979,Manufacturing
Williams-Meyers,"521 Jodi Gardens, Port Marissa, LA 02301, USA",19-9104722,(514) 770-5383,Office Supplies
"Mills, Green & Webb","069 Jonathan Cir, Jamesview, AR 61444, USA",99-0505735,016-451-0463,Construction
RAYMOND .LL.C.,"56216 Robert Ports, South Tara, PW 79847, USA",45-8153605,5782329832,IT Services
FARMER PLC,"993 Jerry Burg Suite 172, Josephstad, HI 51286, USA",273497327,7722330604,Facilities Management
Newton and Sons,"27975 Clay Meadow, Parsonsfurt, VA 41513, USA",692362342,6999880817,Office Supplies
RICH & SONS,"086 James Mill Suite 447, South Kelly, PW 07650, USA",70-2269164,(827) 718-1298,Manufacturing
TATE LLC,"22064 Cross Mission, Courtneyville, MH 17746, USA",84-1976666,309-407-7780,IT Services
Youn-gChapman,"6719 John Plaza Suite 983, East Eddiestad, AZ 19555, USA",68-5823118,099-451-0162,Manufacturing
Rodriguez Ltd,"9469 Green Ports, Sarashire, NM 68619, USA",72-5464884,(772) 934-3010,IT Services
"Robles, Mclaughlin & Clark","0558 Alex Flats Suite 414, Williammouth, WI 01304, USA",,(155) 699-0235,IT Services
"Mendoaz, Wells and Johnson","2785 Bowers Loop, Port Adrianashire, VA 89393, USA",,588-039-5512,Construction
Daniels PLC,"2493 Charles Ridge Suite 870, North Thomas, TX 07114, USA",81-6114302,160-166-2997,Logistics
Bell Group,"5992 Richard Station, West Angelaland, WY 40100, USA",766430218,(876) 963-9382,IT Services
JONES-CLARK,"9583 Elaine Club Suite 199, Nguyenville, GU 58856, USA",,246-191-9657,IT Services
"Brown, Robinson and Taylor","27846 Gonzalez Springs, Kevinport, PW 57481, USA",958872154,519-098-6240,IT Services
"Faulkner, Smith & Castro","40369 Garrett Station Suite 666, Lake Glenn, DC 25172, USA",542697755,8656242201,Manufacturing
Thomas Group,"12679 Hanson Motorway Suite 876, Jeremiahchester, PA 01474, USA",29-2587044,(973) 846-8950,Healthcare Supplies
"Webb, Richardson & Carpenter","84781 John Roads, Lake Cynthiashire, ME 80853, USA",94-0081098,(058) 077-8795,Office Supplies
Lang-Scott,"3938 Byrd Falls Suite 800, North Roberthaven, CT 90350, USA",51-0751046,753-443-0091,Manufacturing
"Douglas, Houston & Sampson","119 Nicholas Track, North Heather, KS 39110, USA",60-5399561,717-465-4214,Professional Services
"Luna, Waters and Smith","00642 Conway Ports Apt. 877, Powellland, ND 30103, USA",47-5442872,0671985546,Construction
"Shea, Holland & Diaz","74328 Tammy Shore Apt. 461, Tommouth, WA 25334, USA",98-1044229,(203) 093-7618,Professional Services
Porter-Hanna,"05050 Wilson Valley Suite 829, North Benjamin, FL 64581, USA",339362341,079-032-0204,Manufacturing
Thomas-Perry,"273 Dennis Turnpike Suite 207, North Adrianland, VT 85927, USA",52-7849588,946-723-2487,Healthcare Supplies
"Hopkins, Hill and Lee","772 Elizabeth Cape, Lake Michaelborough, NE 33450, USA",930353157,5970108220,Construction
"WILSON, JACOBSON & GRIFFITH","3531 Perez Freeway Suite 363, South Brendaton, FM 57630, USA",477040284,2397265273,Office Supplies
Hood-Ramirez,"335 Riley Ramp Apt. 906, North Vickiehaven, AZ 56298, USA",12-9635852,(867) 177-3180,Logistics
"Russell, Robinson and Howard","107 Martin Mount, South Stevenberg, VI 92662, USA",380477683,625-701-6580,IT Services
Allen-Wilson,"933 Gomez Grove Suite 401, Michaelfort, NY 69534, USA",14-1078352,(178) 847-9513,Logistics
Miller & Sons,"12412 Hernandez Ford Apt. 468, South Michael, NV 97194, USA",,(043) 103-8569,Office Supplies
"Lucas, Nguyen and Watkins","4924 Kristina Forks Suite 540, West Justin, GA 81586, USA",47-1178705,284-222-2310,Healthcare Supplies
"Estrada, Marsh & Chandler","1702 Kyle Locks Apt. 751, Brianborough, OR 69501, USA",51-3600440,3430187186,Professional Services
STEWART-JACOBS,"562 Wood Landing, West Michaelport, NV 74036, USA",,1376742662,Manufacturing
"Miller, Clark and Wells","96106 Perry Point Suite 923, Port Patrick, OH 64803, USA",861052404,0494787300,Office Supplies
Murray-Steele,"04565 Keith Pines Apt. 832, New Karenside, MD 41947, USA",,445-189-5202,Office Supplies
Williams-Turner,"19393 Ellen Burgs, East Meghanview, OR 46092, USA",812306873,528-938-9119,Logistics
Martinez-Rodriguez,"5480 Mark Crescent, Campbellport, TX 58691, USA",644518647,(386) 463-1752,Construction
Henry-Green,"800 Beard Crest Suite 756, Stevenston, HI 73464, USA",,4276246719,Construction
Hudson-Morris,"1357 Jackson Hills, Taraborough, NM 83789, USA",81-3962536,(183) 440-4963,Office Supplies
"Rubio, Robbins and Lane","1987 Clark Underpass Apt. 484, Alvaradomouth, ID 54805, USA",827264603,(649) 878-2082,IT Services
Lewis-Hayden,"8969 Alexa Lakes Suite 232, Meganchester, MD 08945, USA",760904107,364-424-9363,Construction
LEE & SONS,"7866 James Groves Apt. 044, Lake Melissa, VA 64181, USA",536019893,(001) 594-1651,Manufacturing
"Cameron, Young & Duncan","984 Wilkerson Freeway, Port Lindsaymouth, MP 77089, USA",,(636) 321-2347,Construction
Roy-Brown,"158 Wells Gateway Suite 257, Loritown, SD 79906, USA",325681936,0034864518,Office Supplies
"Li, Rojas and Chavez","27206 Ctney Island, North Erichaven, VT 85590, USA",599277266,296-577-2429,Facilities Management
"Wilson, Higgins & Graham","713 James Wall Suite 476, South Melissa, PA 28755, USA",648868899,(436) 262-0443,Facilities Management
Solomon-Wood,"07256 Jennifer Station Suite 941, New Brianmouth, IA 62227, USA",952266893,5990048964,IT Services
WHITE-JACKSON,"939 Alicia Ports Apt. 613, Rhodesmouth, AK 37762, USA",200273738,165-915-2017,Professional Services
"CASTILLO, FULLER AND ADAMS","0975 Jason Causeway, Marcuston, WA 09770, USA",822408848,8961642361,Construction
Martin Grp,"214 Owen St Suite 925, Port Michaelborough, NM 58886, USA",341206079,674-996-1659,Professional Services
Mccoy-Davis,"3278 Kelly Mews Apt. 742, Lake Rebecca, MP 33092, USA",258220114,864-908-1081,Manufacturing
GUTIERREZ-MARSHALL,"4918 Daniel Shore Suite 226, North Robertport, MD 77467, USA",149621604,779-452-3219,Professional Services
"Thomas, Allen & Wilkinson","47276 Darren Drs, Maynardfort, AK 59419, USA",,933-496-0501,Office Supplies
"Reynolds, Perry & Simpson","76789 Hall Cir Apt. 695, West Patriciachester, FM 62542, USA",77-6205431,179-576-0243,Professional Services
KIM-ROMERO,"724 Moyer Village Suite 729, West Hannah, CO 87933, USA",87-1318048,722-329-7167,Office Supplies
Clark Inc,"4522 Lindsay Junction, Wilsonbury, DE 74161, USA",,374-550-8428,Office Supplies
"Kramer, Pearson & Terry","41085 Hardy Sts Apt. 884, North William, ME 68833, USA",935822550,5200894346,Office Supplies
"Ray, Brown & Hudson","8018 Suzanne Harbor, East Maria, MP 76464, USA",81-6806128,718-956-9070,Healthcare Supplies
Lucas Inc,"02687 Medina Turnpike Apt. 807, West Teresafurt, GU 79316, USA",58-3258726,5620175370,Construction
Williams Grp,"0635 Nicole Valley Apt. 361, East Frank, ME 08738, USA",922286180,107-609-5431,Facilities Management
Benjamin Inc,"319 Duran Rd Suite 911, North Nicholasland, WY 17217, USA",772966010,0704961108,Professional Services
"Oliver, Lopez & Taylor","24968 Collins Plains, East Terrance, PA 45445, USA",183197117,(450) 892-0388,Construction
Coopre-Bray,"53779 Christian Port, Christinachester, MA 21771, USA",351785565,(170) 730-3379,Construction
Benson-Stewart,"309 Melissa Hill Apt. 530, Moniquehaven, OR 64593, USA",248578017,317-912-8685,IT Services
"Marshall, Morris & Brooks","774 Little Turnpike Apt. 333, Royfurt, IL 40608, USA",348315126,669-254-8121,Office Supplies
Stone-Hall,"8956 Mcdonald Lodge, Lindamouth, KY 50619, USA",84-5122940,027-341-5148,IT Services
"RUSSO, TORRES & ROJAS","553 Simmons Terrace Suite 845, New Kristenberg, FL 43787, USA",53-7656494,(999) 966-3618,Healthcare Supplies
Ritter Group,"9385 Stevens Ports, Lake Christophermouth, MI 92292, USA",32-2086735,469-263-2967,Office Supplies
Jackson-Powers,"427 Thompson Station, Lake Amandamouth, UT 06760, USA",612153089,8164709006,Manufacturing
Mcfarland LLC,"10600 Hoover Springs, East Susanville, AS 87547, USA",477698143,220-681-5583,Construction
TODD-HAREVY,"57432 Harris Camp, Lake Carly, NV 97396, USA",677909930,5245086403,Professional Services
COOPER-HARRIS,"339 Boyd Falls, Sotoland, VI 64941, USA",62-4232414,1302321298,Professional Services
Romero Group,"2336 Catherine Hollow Suite 973, Michellefort, CO 47632, USA",,(662) 776-8962,Office Supplies
Gill Group,"9828 Jonathan Mountain, Shawnfurt, OH 79933, USA",,(715) 273-2300,Manufacturing
King-Turner,"461 Daisy Trail Suite 243, Haletown, GA 64952, USA",877583839,011-686-4622,IT Services
Padilla and Sons,"81793 James Summit Apt. 346, Simsville, VI 83919, USA",60-1856351,2141614150,IT Services
WOODS LTD,"04090 Jason Turnpike, South Carrieview, NM 62528, USA",76-8143326,596-555-5356,Manufacturing
Hall-Washington,"6716 Lawson Station, Port Abigail, OK 94435, USA",190137896,802-714-8727,Office Supplies
Bates-Allen,"11602 Orr Trafficway, Jeffreyview, TN 62930, USA",24-5706210,(128) 715-3991,Facilities Management
Bennett-Love,"863 Jonathon Highway Apt. 115, Lake Sheri, OK 48701, USA",295130056,256-904-0983,Manufacturing
"Martinez, Shea & Mccarthy","374 Brown Valleys Suite 233, Port Kimberlyfort, VA 51856, USA",451492250,4208656756,Professional Services
Rose LLC,"386 David Terrace Apt. 472, South Heather, LA 19483, USA",58-8229686,333-059-1266,Healthcare Supplies
Howe Inc,"2018 Watkins Dr Suite 301, South Tracy, UT 78640, USA",46-2388455,261-764-7501,Office Supplies
Martinez Ltd,"99974 Laura Falls, Washingtonchester, ME 75398, USA",398775766,(215) 182-6068,Office Supplies
Chapman-Roman,"594 Lawson Causeway, West Stacey, MS 24182, USA",79-8086909,5889679240,Logistics
Miller LLC,"68277 Richard Ridges Apt. 068, Johnhaven, TX 80349, USA",909851739,0972832152,Manufacturing
Farley-Henderson,"51538 Kelly Orchard Suite 430, Robinsonport, SD 68072, USA",36-5518424,(079) 705-0975,Professional Services
Rodriguez-Bailey,"5016 Gonzalez Pines, South David, NM 01406, USA",12-1882877,243-765-4562,IT Services
DAVIS INC,"8433 Simmons Cir Suite 041, Michaelstad, VT 55298, USA",59-9326438,(350) 200-0534,Construction
Mcclure Group,"21637 Garcia Pine, Lake Karen, AL 79575, USA",52-5904456,166-010-0231,Professional Services
Young Inc,"58721 Rhonda Lake, West Steven, MP 72787, USA",47-2807202,633-302-1260,Office Supplies
Watson-Miles,"9202 Thomas Gardens, North Ashleychester, FL 24411, USA",81-0303128,(728) 476-5704,Healthcare Supplies
MORALES INC,"2891 Woods Shoal, Wilcoxburgh, AR 49191, USA",,6341115950,Office Supplies
Benjamin-Porter,"5215 Mosley Parkway Apt. 820, Woodston, LA 21632, USA",213321496,(271) 133-2288,Office Supplies
Villa & Sons,"9551 Harold Trail, Scottfort, KS 58440, USA",859466878,219-705-4669,IT Services
Alexander PLC,"1687 Rich Springs Apt. 903, East Melissaport, MS 21237, USA",567600762,9613671577,IT Services
"MCCULLOUGH, MARSHALL & MILLER","6365 Logan Rapids, Lewisfort, DE 36988, USA",88-7906704,7082723590,Construction
Martin-Bailey,"7826 Gaines Ports Suite 089, North Jennifer, OR 81308, USA",59-9154414,2550272751,Office Supplies
Baker-Bowen,"79103 Robert Plains Apt. 963, Jasonborough, TX 76108, USA",986625773,055-044-8177,Construction
NUNEZ-SMTIH,"00258 Rogers Ports Suite 386, New Deanna, MP 07261, USA",39-9496923,9626265826,Facilities Management
Mckinney and Sons,"964 Stacy Ford, North Anthonytown, SC 78264, USA",361846370,2098196027,Facilities Management
Kirk-Durham,"1706 Tommy Road, East Gracefurt, FM 41603, USA",461203124,722-402-9901,Manufacturing
Flores Inc,"79538 Paul Rapids Apt. 831, Jenniferland, OK 85208, USA",95-6665975,(665) 533-0770,Construction
Rodriguez LLC,"5964 Sara Prairie, Wilsonmouth, VI 19899, USA",696776072,(967) 188-3977,Manufacturing
BARTON-WEBB,"4158 Donna St, Lake Christian, NM 08400, USA",65-4724287,303-763-7153,Professional Services
"Snyder, Hamilton & Maldonado","31009 Allen Place, West Jeremyfurt, MO 51997, USA",62-4606470,(134) 732-3549,Professional Services
Rodriguez-Fuentes,"88221 Kevin Street Suite 775, Elizabethview, MN 60630, USA",793532952,054-589-7148,Facilities Management
Parker-Williams,"167 Roberts Branch Suite 272, Cindyburgh, ME 64310, USA",19-9915275,414-070-3491,Construction
Torres-Jordan,"42548 Stephanie Station, Douglasborough, NE 77207, USA",33-7937327,(143) 075-3666,Office Supplies
MORA-HARPER,"659 Felicia Flats, Derekside, ID 39961, USA",842800803,4149782661,Professional Services
"Stevens, Brown & Brown","9149 Vaughn Way, North Joyhaven, WA 94473, USA",60-8159580,0382872324,Healthcare Supplies
Villarreal-Williamson,"02232 Thomas Highway Suite 197, Elizabethfurt, MS 91943, USA",47-7753674,(176) 620-4719,Facilities Management
Ward Group,"2873 Ashley Mountains, Michaelside, PR 18572, USA",438817025,176-619-1284,Logistics
FisherG-onzalez,"38503 Jones Port, West Tinachester, PA 97401, USA",30-5665554,9187240107,Professional Services
Santos Grp,"3000 Amanda Wall Suite 087, South Katieberg, NE 92426, USA",89-3070706,682-171-9553,Facilities Management
"Randolph, Mitchell and Ritter","9984 Susan Mountain Apt. 204, Christopherbury, WI 71647, USA",424557359,459-609-4544,Manufacturing
"Thompson, Pitts & Douglas","02879 Williams Stravenue, North Stephanie, KS 34244, USA",39-4539550,(058) 093-5118,Manufacturing
DIXON AND SONS,"9561 Liu Divide, West Catherinestad, MA 53996, USA",15-8546865,5749025042,Construction
Rodriguez and Sons,"895 Nicholas Prairie Apt. 261, East Arianashire, SC 72358, USA",,681-809-7887,IT Services
Lee-Jhonston,"3537 Goodman Crescent, South Jessica, FM 54230, USA",784907325,5158815793,Facilities Management
"Holmes, Fox & Romero","5652 Bobby Street Apt. 684, Coryport, GA 16039, USA",572949775,4477324491,Healthcare Supplies
Lin L.L.C.,"1315 William Harbor, Mccoyhaven, TX 10211, USA",37-1096600,5061853800,Facilities Management
Nichols-Galloway,"342 Rivera Forge Apt. 000, New Raymondfort, AZ 21072, USA",97-0957171,4403304166,Construction
"Mcdowell, Atkins & Jones","08921 Lee Rest Suite 568, West Joshuaborough, CT 35139, USA",19-1462297,976-461-3684,Professional Services
"Weeks, Rhodes and Mills","224 Leah Station Suite 894, Fordmouth, WA 94889, USA",58-3736219,(228) 705-6227,Facilities Management
COLLINS AND SONS,"187 Davis Rd, Wheelerland, MI 83907, USA",,835-034-4694,Office Supplies
"Wang, Villa and Hoffman","92134 Jose Cove, Port Alexa, SD 50694, USA",,5999497320,Manufacturing
SCHMIDT-WARE,"42687 Neal Glen, New Rachelstad, HI 03816, USA",91-8982730,575-639-8365,Professional Services
Welsl Ltd,"50922 Christopher Village, North Scottton, MD 13277, USA",38-4161612,843-905-5295,Logistics
Dvais-Hardin,"125 Katie Turnpike, East Danamouth, CO 95433, USA",28-6630878,3432406424,Logistics
"Hogan, Clark & Lyons","83437 Johnson Crescent Apt. 727, Nathanfurt, TN 77622, USA",53-8642403,0515026755,Facilities Management
Lopez L.L.C.,"78207 Watkins Square Suite 673, Jennifermouth, NJ 89440, USA",,6403816649,Facilities Management
"Johnson, Hunt and Nielsen","225 Tara Inlet, Port Michael, MO 22172, USA",,702-324-4123,Manufacturing
Wang-Johnson,"45607 Evans Camp Apt. 508, Wrightland, ND 12896, USA",384063364,2276457938,Professional Services
Benson Inc,"736 Burgess Tunnel Apt. 480, Browningport, KY 01163, USA",684719405,630-624-4795,Professional Services
Walker Ltd,"19497 Walters Isle Suite 780, Matthewstad, GU 58747, USA",795392488,2773826460,IT Services
Foster and Sons,"422 Pierce Knoll, South Rachel, KY 42365, USA",176675731,5158886367,Manufacturing
Lane Group,"973 Teresa Parkway, Port Cassandramouth, VI 21376, USA",571537429,(371) 006-8761,Logistics
Davis-May,"7345 Norris Isle, Lyonsshire, KY 78413, USA",85-1333320,0228403595,Office Supplies
Parker-Baldwin,"7422 Catherine Walks Suite 430, New Kevin, OR 02082, USA",39-2322121,458-867-9252,Facilities Management
"Edwards, Brooks and Grimes","287 Timothy Light Apt. 153, Jamieberg, KY 80276, USA",570040006,135-779-0833,Logistics
"Johnson, Sims & Crane","8881 Sean Pike, East Jonathan, WA 24445, USA",742136977,(337) 209-4841,Manufacturing
Brown-Ortiz,"4033 Phillips Landing, West Ronaldfurt, MD 73648, USA",921155204,(833) 987-4113,Construction
Yates-Decker,"509 Forbes Parkways, Kristyfort, LA 75843, USA",605196410,5119181828,Facilities Management
"Nielse,n Bishop and Kaiser","647 Preston Streets, Lake Mark, HI 85414, USA",39-8668350,9578606940,IT Services
Smith-Perez,"43958 Valdez Flats Suite 923, East Kyle, CT 03938, USA",,(890) 285-1553,Office Supplies
Sherman nIc,"955 Lee Course Suite 748, South Allenfurt, AS 55553, USA",19-7970787,6155416431,Facilities Management
"White, Koch & Rodriguez","73465 Howell Burgs, West Anthonyfort, AZ 96832, USA",45-7887167,260-869-8221,Healthcare Supplies
Prince-Davis,"77687 Melody Valleys, West Thomasview, DC 42821, USA",,(859) 177-9323,Logistics
STANLEY-RILEY,"603 Alexis Roads, Port Lauraburgh, MO 42775, USA",54-2000551,0977539673,Facilities Management
"Baker, Gonzales & Mcgee","2457 Alvarado Skyway Suite 841, Ronaldtown, ND 17045, USA",40-9471503,1371184254,Office Supplies
TRAN-AYERS,"8323 James Summit, Aliciaberg, OK 70042, USA",97-3559879,(808) 583-8252,Manufacturing
"Wheeler, Jones & Fischer","72362 Myers Fields, Port Michael, IN 36705, USA",43-7710224,(261) 923-7245,Construction
Mccoy L.L.C.,"6074 Cardenas Key, Teresabury, KY 58960, USA",80-6157458,(057) 423-8856,Facilities Management
Norman-Jackson,"55983 Poole Courts Apt. 659, Fowlerfurt, ID 35193, USA",54-3721204,(755) 752-2501,Manufacturing
"Haney, Johnson & Walker","37320 Sanchez Brooks, Masseychester, OH 72751, USA",,(936) 289-6964,Facilities Management
White-Collins,"647 Jack Locks, East Michael, SD 83470, USA",689720101,157-184-0908,IT Services
"Brooks, Jackson and Stuart","56409 Villarreal Extensions, Lake Christine, HI 70652, USA",409268943,3512959272,Facilities Management
Olsen Grp,"081 Donovan Coves, Feliciashire, NC 22440, USA",849740261,1739295786,Facilities Management
Barnett Inc,"52373 Williams Circle Suite 918, Lake Dianahaven, OK 75878, USA",23-0380269,886-834-5273,Manufacturing
Rasmussen Group,"8068 William Springs, East Coreyburgh, MH 29542, USA",862123506,513-739-9006,IT Services
"Wilson, Roberts and Strong","63560 Donald Gateway Suite 694, Lake Jill, KY 54136, USA",43-3665422,0666437490,Manufacturing
"Foster, Dominguez and Cole","11271 Amanda Expressway, Stephaniefurt, LA 70789, USA",69-2975437,4494116318,Office Supplies
Martinez Inc,"1130 Lopez Track Apt. 369, Samuelberg, NV 78751, USA",20-0082623,083-350-9025,Professional Services
Rodriguez Inc,"809 Jennifer Islands Suite 021, North Patrick, OK 08157, USA",226128312,(691) 309-8107,IT Services
"Hughes, Jennings & Hughes","794 Baird Rds, Mendozaberg, NH 70815, USA",,(532) 426-4250,Construction
THOMAS-STEVENS,"2536 Stephenson Mount, Wallacefurt, NH 48153, USA",64-6397165,(556) 283-3339,Construction
Jackson-Smith,"9927 Tara Skyway Suite 515, East Dennisport, TX 52093, USA",51-1872350,(213) 541-5970,Professional Services
"Butler, Jackson & York","480 Flores Expressway, Lake Johnport, KS 59343, USA",74-3576792,6504715802,IT Services
Johnson and Sons,"12512 Kimberly Way, North Jennifermouth, VI 81432, USA",92-9653607,(129) 751-9102,Office Supplies
"House, Lopez & Higgins","63301 Flores Pines, South Lisa, VT 65421, USA",46-4938258,(927) 490-7280,Construction
Mccann LLC,"931 Jacob Vista, Katelynbury, GA 52230, USA",981058292,949-684-3645,Manufacturing
Moody-Stanley,"92310 Kennedy Groves, Jamesfort, MO 21251, USA",25-9553112,(484) 337-9766,Facilities Management
Costa-Brown,"57942 April Park, South Tracy, ME 83274, USA",678296492,(254) 969-1928,Facilities Management
Hardy-Roman,"9710 Wood Gateway, West Haley, PW 41465, USA",470574014,7485953259,Healthcare Supplies
"Anderson, Blanchard & Martinez","752 Decker Ln Apt. 656, West Christie, WV 05027, USA",713963047,(459) 908-0271,Office Supplies
HERNANDEZ PLC,"315 Morgan Loop, Karenfort, MO 71949, USA",35-0785761,0866281372,Office Supplies
"JOHNSON, PEREZ & HENRY","195 Randy Drive Apt. 944, Williamburgh, MP 26923, USA",899621068,9453546147,Facilities Management
"Lee, Henderson and Walter","6040 Kevin Greens, Conradborough, DE 83955, USA",63-1855083,(072) 011-3798,Manufacturing
Richmond-Lopez,"09687 Jennifer Summit Apt. 451, Stephenfort, ND 21983, USA",20-7765664,5588255629,Facilities Management
"Russell, Walton and Rodriguez","30817 Ruth Square Suite 364, New Danielle, GU 25536, USA",54-0211187,000-413-2114,IT Services
Walls Group,"274 Solis Plain, West Brendahaven, NM 23296, USA",463527356,(742) 049-5612,Office Supplies
Olson & Sons,"2604 Jeffrey Way, Perezmouth, AS 92353, USA",,112-229-9077,Logistics
Turner & Sons,"73377 Lewis Extensions Suite 881, Lake David, NY 19559, USA",680911523,178-192-3653,Manufacturing
"Snow, Thomas & Davidson","6475 Huff Rapids Suite 478, Hughesshire, UT 73925, USA",35-2082631,(999) 275-1758,Construction
Yates PLC,"43395 Paige Valleys, Brooksfurt, NJ 94485, USA",56-5973314,4978524914,Logistics
Li-Riggs,"34778 Dixon Manor, West Brent, NE 82828, USA",,791-766-5122,Logistics
WOLF-GAMBLE,"41884 Kristen Summit, Harrisshire, AR 01792, USA",,1594463339,IT Services
"MARTIN, THOMPSON AND ROBINSON","34699 Griffin Fort, Port Christophermouth, NV 20212, USA",13-1081879,696-084-3768,Manufacturing
Smith-Romero,"9352 Carolyn Square Suite 263, West Michael, KY 33107, USA",44-8294647,(436) 970-9317,Manufacturing
Davis Ltd,"1847 Kelly Walks, Ramirezburgh, IN 54170, USA",,(428) 131-9092,Office Supplies
"Harrison, Henderson and Jackson","91114 Amanda Tunnel, Transtad, VA 23952, USA",256304376,(282) 305-2480,Professional Services
Nicholson-Arnold,"1553 Weeks Expressway, North Dustinside, KY 08350, USA",184791618,0838507659,Office Supplies
"Luna, Watson & Harrison","885 Rose Shores Suite 933, South Timothymouth, NY 39897, USA",349310440,760-944-1283,Facilities Management
Holloway-Henry,"498 Marie Haven Apt. 179, Erichaven, CT 65567, USA",96-3968184,9340652775,Facilities Management
Carter-Thornton,"3453 Steven Squares Apt. 010, East Danielmouth, DC 20073, USA",408842146,(145) 593-7661,IT Services
"Bender, Arnol dand Matthews","0526 Michael Causeway, Port Melissaview, MS 24954, USA",17-9308612,(776) 572-5659,Facilities Management
Smith & Sons,"1752 Nicole Garden Suite 432, Johnsontown, SC 47782, USA",471048258,595-501-7833,Construction
Becker-Hodge,"689 Ryan St Apt. 798, Ambermouth, AZ 37789, USA",786055206,(506) 917-6799,Office Supplies
Ferguson PLC,"36852 Alexis Meadow Apt. 537, North Davidview, GA 86675, USA",590523712,(446) 263-2514,Construction
"Holt, Fowler & Jones","03142 Kathy Junction, New Katieside, NH 67449, USA",313907621,179-415-1526,Office Supplies
"DUFFY, SWANSON & BATRLETT","22528 Timothy Throughway, Anthonyfurt, WY 99690, USA",,(618) 632-3979,Logistics
"JONES, KAISER & PEREZ","765 Gonzalez Canyon Apt. 730, Andrestad, SD 44898, USA",354697684,6057121988,Office Supplies
"Durham, Miller and Marquez","416 Larry Wells Suite 154, East Caseyshire, AL 14503, USA",850845198,707-568-1429,Construction
Miller and Sons,"910 Robinson Station, East Joann, GU 89950, USA",12-3557463,836-084-9378,Office Supplies
JORDAN PLC,"84526 Bartlett Heights Suite 391, Scottfort, AL 15523, USA",39-4721069,6934292913,Manufacturing
"Williams, Bolton & Mcgee","623 Chung Ports, Lake Jasonville, MP 91756, USA",707661655,0615372215,Manufacturing
Gray-Stone,"3236 Lopez Shores Apt. 774, Williamstown, NE 61263, USA",,200-784-3614,Facilities Management
Downs PLC,"45841 Atkins Path, Julietown, CA 74839, USA",932945529,1344389982,Professional Services
Madden-Smith,"8695 Timothy Ferry, Lake Kirkchester, KS 91730, USA",,493-699-9516,Healthcare Supplies
Davis-Scott,"49731 Mclean Ridge Apt. 149, North Thomas, KY 71420, USA",766676815,2073651189,Construction
"RAMIREZ, SIMMONS AND BAILEY","8201 Elizabeth Fields Apt. 230, East Margaret, ID 17884, USA",827744047,(470) 739-2013,IT Services
"Sherman, Juarez & Davenport","12760 Nicholas Place Apt. 611, East Charles, MT 14714, USA",774576271,6324888995,Logistics
Rowe Ltd,"015 Katherine Valley, North Haileyfort, AS 13380, USA",88-6365312,7850902556,IT Services
Norton PLC,"4218 Caroline Ports Suite 478, East Gregoryport, NY 81982, USA",196779973,(056) 708-6700,Construction
Smith LLC,"5515 Moreno Lodge, Hartbury, MT 20066, USA",,(483) 550-5429,Office Supplies
"Smith, Garrett and Green","773 Nicholas Track, New Deborah, MO 35602, USA",24-1905500,3212694289,Healthcare Supplies
"Wood, Stephens and Lopez","017 Parker Turnpike, Michellehaven, OK 70015, USA",991713190,803-153-8882,IT Services
Swanson-Anderson,"504 Victoria Highway, East Sabrina, IL 47039, USA",375919523,(384) 951-6321,Facilities Management
Dawson Group,"180 John Course Apt. 732, Schneiderbury, AZ 53801, USA",96-5960427,011-987-5617,Construction
Hall LLC,"15709 William Port, Port Keithshire, HI 02568, USA",96-3919401,7492699969,Healthcare Supplies
Kane-Douglas,"84285 Walsh Port Apt. 259, West Andrewhaven, FM 41080, USA",19-6961971,(993) 231-2342,Office Supplies
Powell-Castro,"9087 Raymond Crest, Gallaghertown, SD 58433, USA",11-4945047,2348389359,Construction
"SANCHEZ, DODSON AND TAYLOR","0561 Rachel Port, Petersonside, AS 19800, USA",676140134,695-826-4186,Logistics
Cooper-Mccoy,"87612 Lindsay Island, Tinaville, KS 25672, USA",58-8322781,4682394840,Healthcare Supplies
"Obrien, Hall & Simmons","318 Amy Island, Johnsonbury, OK 98840, USA",75-5070775,(707) 986-6177,Professional Services
Ryan Ltd,"97461 Jennifer Shore, Simpsonside, NM 50894, USA",797115550,8299687225,Office Supplies
"Gonzalez, Gamble & Johnson","806 Faith Turnpike Apt. 504, Lake Patriciastad, WV 51639, USA",22-5279834,6957900124,IT Services
Green Ltd,"85725 Jackson Ports Apt. 693, West Alyssa, WY 90473, USA",426808977,513-818-6550,Facilities Management
NGUYEN GROUP,"5313 Michael Forest, Alvarezhaven, CT 31715, USA",,675-009-4214,IT Services
Butler-Sosa,"8744 Devon Squares Suite 854, Jessicachester, MN 42093, USA",498370582,9428249116,Office Supplies
"Lewis, Jenkins and Jackson","659 Danielle Freeway, East Peggy, MD 86132, USA",841183219,5398358446,Healthcare Supplies
Hardy-Ford,"26430 Green Glen Suite 912, Munozshire, NV 00853, USA",333291547,292-712-0539,Facilities Management
"Roach, Dillon & Johnson","929 Beck Course, Jamesview, SD 96828, USA",836243579,830-930-9671,Healthcare Supplies
"Watkins, Davis & Ponce","0221 Eric Way, Ortizberg, AR 15596, USA",684615760,9111661220,Healthcare Supplies
"Taylor, Rogers and Smith","29462 Mary Ramp Apt. 556, Port Judytown, AS 28631, USA",396225446,9952970137,Professional Services
Hill Group,"585 Parker Curve Apt. 041, North Donald, NJ 07554, USA",23-1167999,6159273874,Facilities Management
George Inc,"166 Robert Curve Apt. 481, Luisburgh, GU 90213, USA",19-8433586,(034) 030-1095,Professional Services
ROMERO GRP,"30735 Tanya Via Suite 584, Evansfurt, HI 15470, USA",36-1530104,300-962-5885,IT Services
Brown L.L.C.,"6145 Kari Underpass Apt. 079, Estradaville, PW 33572, USA",17-3669588,004-938-8194,Professional Services
"Hawkins, Carter & Jenkins","23740 Castillo Grove Apt. 325, Whitehaven, TN 77961, USA",97-3008988,(949) 919-7014,Professional Services
Charles-Sosa,"37087 Daniel Loop, Port Erictown, SC 87066, USA",452788129,(418) 135-9989,IT Services
"Thompson, Cain & Green","7571 Megan Light, West Caitlinland, WV 85429, USA",39-7721596,1287942968,IT Services
Ford Group,"040 Perez Crest Suite 196, West Ronaldfort, MH 72832, USA",23-9577989,3274883565,Construction
Carpenter-Trevino,"40964 Reyes Gateway Suite 960, Shawnport, FL 08989, USA",957397689,7028516225,IT Services
Lewis Inc,"9236 Jesse Mountains, Klinemouth, HI 33088, USA",24-1522640,(045) 881-6502,Manufacturing
Christensen-Simpson,"91650 Heidi Harbor Apt. 966, South Karlafort, MH 98480, USA",48-4659715,182-498-9808,Professional Services
Vincent LLC,"6226 Haynes Center Apt. 659, Jeremyton, AL 91568, USA",66-4880035,6221224276,Logistics
"Richardson, Pearson and Morgan","11232 Mitchell Plain, Flemingland, NV 57961, USA",65-1085057,(633) 427-2038,Logistics
Cohen-Weiss,"0801 Rivers Views Apt. 453, South Chelseabury, MD 94766, USA",58-5337126,882-493-5340,Professional Services
"French, Yang and Robertson","7848 Megan Key Apt. 444, Josechester, AR 70196, USA",,385-179-9378,Manufacturing
May Ltd,"91287 Sawyer St Suite 999, Mcneilhaven, NY 20817, USA",880871219,(904) 579-2714,Construction
MYERS AND SONS,"88098 Gary Crossing, Port Darylburgh, IN 23534, USA",165310776,(001) 867-6610,Facilities Management
Davis-Smith,"4113 Smith Mission Suite 169, Kelseyfort, AZ 69024, USA",62-6422169,(905) 836-6834,Facilities Management
Wilcox LLC,"82895 Smith Corners Suite 882, Lake Jose, NV 32006, USA",508992977,1261685071,Construction
Jones-Jordan,"007 Escobar Village Apt. 894, Hollybury, AS 85155, USA",20-6492059,(298) 769-8936,Logistics
"Gallagher, Colon & Rogers","8064 Williams Meadow, Leeside, IN 94577, USA",561784080,(448) 838-4253,Facilities Management
"COSTA, EVANS AND HERMAN","5077 Bush Lock, Shanemouth, MI 10994, USA",345343109,(562) 392-0908,Office Supplies
Rodriguez-nSyder,"091 Cory Corner Apt. 786, New Valerietown, FL 43562, USA",,4760220695,Facilities Management
Mejia-Smith,"45203 Williams Ridge, Calebside, ME 82664, USA",435596237,9135992855,Office Supplies
Blankenship Ltd,"05610 Rick Oval Apt. 069, Hahnside, AR 10159, USA",43-5569630,(867) 740-3784,Construction
"Martinez, Preston & Robinson","449 Atkins Brooks, South Travisfurt, WV 21102, USA",50-1902658,5503250173,IT Services
SCOTT-NOLAN,"1784 Brandi Road, Lake Stacey, UT 20089, USA",83-7468465,3345110090,Facilities Management
Reeves PLC,"36219 Carlos Pine, New Ashleyfort, VA 01061, USA",20-0105056,(591) 611-8638,Office Supplies
Sandoval PLC,"72002 Christina Plain, Lake Sara, IN 18231, USA",,(204) 144-7432,IT Services
Gordon rGoup,"64630 Maxwell Underpass Apt. 777, Raymondshire, CT 80599, USA",72-9712082,(832) 102-9161,Healthcare Supplies
Grant-Richardson,"7063 Spears Corner Suite 550, Biancaview, ME 86487, USA",54-1102414,076-634-9339,Healthcare Supplies
AVERY-WHEELER,"962 Jennifer View, Lake Carolynfurt, KS 29415, USA",87-4233009,3853247250,Manufacturing
"Young, Sanchez & Avery","311 Charles Pines, Sullivanstad, VA 35507, USA",408839723,576-947-5769,Construction
Shcaefer-Giles,"152 Carlson Islands Suite 966, Meganburgh, DE 31896, USA",72-0535283,0742359142,Professional Services
Johnson Ltd,"8522 Christopher Stream, Davisside, KY 42225, USA",340781088,(235) 426-8744,Logistics
"Zamora, Jimenez & Rodriguez","208 Hogan Wells, East Rebecca, NH 59872, USA",,2966563370,Healthcare Supplies
Bartlett-Brewer,"527 Angel Land, Debraton, AZ 03819, USA",223357166,2722142573,Construction
Chan-Mendoza,"4223 Tina Drs Apt. 280, Port Catherineview, FL 45865, USA",753903309,892-225-6062,Construction
Clark-Douglas,"73118 Joseph Spur Suite 413, South Elizabethbury, PR 73755, USA",13-1088245,4185201362,IT Services
"Peterson, Patterson & Smith","693 Hayes Parks, Lindaton, NJ 00570, USA",464883950,2042620197,Healthcare Supplies
Miller PLC,"76075 Wong Manor, Johnborough, SC 90277, USA",25-3815116,(943) 191-6543,Office Supplies
"Powers, Floyd & Walsh","12021 Michael Burg, Tomfurt, KY 37566, USA",17-4716780,(974) 700-0268,IT Services
Torres-Gardner,"6497 Mclean Corners Suite 365, Vazquezton, KS 43836, USA",,0063553730,Manufacturing
"HUGHES, NELSON & SIMMONS","7119 Taylor Square, Walkerborough, AR 91559, USA",198524063,5970255128,Professional Services
Gutierrez-Clark,"15948 Carr Keys Suite 663, Teresaview, VI 38794, USA",50-3935666,(344) 149-1699,Office Supplies
Cummings and Sons,"25121 Jessica Mountain, Michelestad, NC 93166, USA",43-4618074,(963) 595-7086,Healthcare Supplies
"Lynch, Blackburn & Green","434 Sanders Forges Apt. 138, Brandonborough, LA 24561, USA",93-4120892,3622033474,Logistics
Russell-Douglas,"3796 Harrington Plains, North Andreamouth, VT 93279, USA",15-6488296,294-690-2177,IT Services
Snyder & Sons,"76433 White Brooks, Mercedesberg, FL 15310, USA",,(626) 549-6330,Logistics
"Velasquez, Harrsi and Roberts","0488 Romero Prairie Suite 047, Port Gabrielstad, RI 90038, USA",47-0626529,685-195-3774,Office Supplies
"Mckee, Sanders and Walters","95634 Shaun Parks, Floresburgh, GA 47515, USA",21-9066986,9206165812,Construction
Johnson LLC,"94115 Robinson Drive, Leslieshire, MO 30987, USA",82-8230915,6372629420,Facilities Management
JONES-ALVARADO,"851 Jamie Coves, Lake Amanda, PR 05802, USA",,(049) 832-1122,Construction
Hood Ltd,"62987 Little Neck, Port Lee, MD 97068, USA",,(664) 641-9623,Manufacturing
Arnold-Sanford,"13282 Rachel Stravenue, North Emily, PR 67098, USA",41-0791488,3527918750,Healthcare Supplies
"Nelson, Graham & Fields","429 Sean Road Suite 296, Garzaport, CA 57893, USA",28-8650860,(996) 708-0897,IT Services
"Frazier, Scott and Bell","4183 Rodriguez Mountain Apt. 478, Jamieshire, ND 70390, USA",50-8244633,164-980-4450,Professional Services
Bates PLC,"52102 Taylor Mount Apt. 664, North Maryburgh, KY 70577, USA",637152602,4581308898,Healthcare Supplies
Lopez & Sons,"053 Sarah Rue, Scotttown, KS 65893, USA",593657365,4764845593,Logistics
Young-Maxwell,"772 Barton Plain, New Michael, MD 93872, USA",715683222,585-229-4252,Office Supplies
Lynch PLC,"010 Castillo Ports, New Rebeccamouth, GA 12979, USA",960413104,1896844246,Facilities Management
RICE-LOPEZ,"70598 Moon Greens Suite 143, Crawfordburgh, NC 51778, USA",19-4628740,8112303885,Office Supplies
"Clark, Morrow and Brooks","880 Woodward Bridge Suite 326, Lake Julieville, OK 32106, USA",567804106,(910) 382-9742,Office Supplies
Bailey-Sanchez,"90858 Melissa Stravenue Apt. 045, East Kevinmouth, IL 52990, USA",66-2600500,158-736-6271,Logistics
"Bailey, Le and Morales","53900 Stephens Well, Davisport, NV 87750, USA",52-4951250,3156639792,Construction
CLARKE-WILSON,"3690 Mary Garden Suite 727, Port Ericchester, WI 85718, USA",900801837,660-534-2816,Healthcare Supplies
Henderson PLC,"4471 Brittany Underpass, North Barbara, OK 06386, USA",93-6571442,(676) 490-9228,IT Services
Mays-Hicks,"5135 Taylor Overpass Apt. 743, Lake Tammyside, OH 16205, USA",182011731,(164) 034-3988,Logistics
"Snyder, Kelley & Ramos","333 Campbell Mountains Suite 041, Lake Alan, AL 82118, USA",,(153) 860-2826,Professional Services
Baker-Jackson,"1231 Jennifer Knolls, Murraytown, KY 99848, USA",93-3468715,410-079-4193,Healthcare Supplies
Watson-Norman,"97941 Douglas Harbor, Johnsonside, NJ 20295, USA",47-6990466,(649) 632-2517,IT Services
Lopez Inc,"326 Daniel Village Apt. 034, Foxville, UT 50502, USA",353691745,307-028-6720,Logistics
"Grant, Waller andB yrd","5985 Patrick Curve Apt. 191, Stephanieside, OR 12417, USA",290209201,(268) 649-8647,Facilities Management
Moody-Odonnell,"37600 Collins Green Apt. 837, New Danielton, NM 38718, USA",59-8165815,992-164-0069,Facilities Management
"Smith, Black & Armstrong","41600 Patrick Terrace, Port Jimmy, TX 65312, USA",262089272,3798979060,Facilities Management
"Rogers, Daniels & Kirby","674 Sanchez Causeway, New Lisashire, NY 36851, USA",173321814,3361137118,Facilities Management
"Harper, Campbel l& Zamora","6720 Brian Dam Suite 028, Lake Williamberg, SD 29663, USA",95-5052486,879-402-6208,Construction
"Barnes ,Jones and Thompson","9046 Nicole Circle Suite 923, West Ronaldtown, AR 11675, USA",477895080,(283) 827-1012,Logistics
Bradley Ltd,"51204 Smith Street Suite 653, Larryton, FM 40538, USA",433297890,2276346019,Facilities Management
Young-Diaz,"472 Young Point, Millerchester, ND 22662, USA",58-5238820,2512726708,Manufacturing
"Cardenas, Miranda and Garcia","88182 Wright Walks Suite 343, Ericaport, NY 66389, USA",182389284,218-849-6806,Logistics
Reeves Ltd,"03203 Brooke Plaza Apt. 114, North Jasonfort, GU 15807, USA",596832859,(317) 197-8601,Manufacturing
Henson-Moore,"908 Garcia Rue Suite 785, Samanthaville, CA 27506, USA",58-2897882,(753) 582-1072,Professional Services
"Lowe, Hood and Mills","2790 Taylor Mall, South Anthonyhaven, DE 81184, USA",44-5236735,(722) 399-6477,Facilities Management
"Johnson, Holder and Morrison","574 Estrada Brooks Suite 751, Harveyville, IA 76269, USA",166436383,(521) 501-6426,Facilities Management
"Garcia, Cox and Moore","972 Jessica Brook, West Kristin, NE 99903, USA",14-2028540,(546) 772-0517,Professional Services
"Acevedo, Munoz and Thomas","615 Patterson Glens, West Jamesmouth, MT 59513, USA",40-3754671,0789775542,Office Supplies
Willis Inc,"422 Clark Lodge, South Jessica, HI 08317, USA",53-8912794,222-711-1757,Healthcare Supplies
"Martinez, Vasquez and Henderson","2985 Keith Villages, Raybury, AZ 49626, USA",82-8960875,(216) 903-9220,Manufacturing
"Gutierrez, Woodward & Carroll","42647 Bruce Plains, Port Charlesmouth, FM 03034, USA",947425963,3163705004,Healthcare Supplies
"Barnes, Foster & Rivera","2845 Brianna Greens, Andrewtown, NY 72083, USA",40-5100495,6406756020,Construction
Ortega Inc,"022 Rebecca Trail, Nicolebury, RI 04770, USA",87-7103091,(448) 909-3225,IT Services
Clark Inc,"51025 Cooper Circle, New Nicolebury, MA 37683, USA",45-7944766,5036988843,Logistics
Fischer and Sons,"43629 Anderson Valleys, West Anneside, SD 30711, USA",725711790,1244129075,IT Services
"Long, Velez and Carr","12376 Charles Mount, Briannaview, GA 09094, USA",475617211,062-941-9375,Construction
Willis & Sons,"1317 Hall Locks Apt. 647, Edwardhaven, SC 52751, USA",804433388,(461) 209-6173,Office Supplies
Duncan & Sons,"2403 Janet Circles Suite 355, West Clintonborough, VA 18795, USA",238460786,191-430-8779,Logistics
"TAYLOR, OWENS & DICKSON","422 Walter Freeway Suite 581, Lake Sara, AL 40151, USA",432411019,8770676933,Office Supplies
"Romero, Sanders & Martinez","4355 Kristi Lock, New Erik, HI 46423, USA",973150512,(018) 256-2472,IT Services
"Gonzalez, White & Harrison","576 Robert Square Apt. 494, New Theresa, GU 36866, USA",,6175518870,IT Services
Myers LLC,"9900 Thomas Club, Emilyton, ME 64559, USA",306164050,(614) 378-8443,Professional Services
Foster Group,"756 Kemp Vista, Andersonfurt, WV 31150, USA",247709679,681-541-8589,IT Services
Shaw LLC,"7396 Kevin Via, Lake Zachary, RI 66523, USA",64-5127678,(760) 550-4922,Manufacturing
"Gibson, Baker and Gates","186 Johnson Lock Apt. 201, Hinesshire, TX 02444, USA",81-0741110,739-928-9198,Healthcare Supplies
Wilson-Moore,"37170 Short Inlet Suite 269, Ericborough, VT 91655, USA",92-2816526,(983) 135-4901,IT Services
Hampton-Bishop,"0692 Christina Viaduct Suite 305, Wendyhaven, GA 36094, USA",74-1288486,(388) 430-2178,Office Supplies
RUIZ-DALTON,"6431 Ware Pines, North Noahview, FM 76643, USA",265627642,(281) 503-7017,IT Services
"Madden, Gutierrez & Evans","30880 Shawn Locks Apt. 829, Pierceport, MP 39710, USA",29-4181873,850-072-8895,IT Services
Ramirez-Robinson,"245 Yoder Common Apt. 042, Francisstad, IL 53955, USA",146914391,9091237530,Office Supplies
Frazeir-Arellano,"488 David Well Suite 738, Joshuafurt, MT 20459, USA",576954730,(323) 606-6799,Construction
Campbell-Jones,"497 Dennis Causeway Suite 298, Lopezchester, OK 81750, USA",90-7873857,2066617996,Facilities Management
Fox-Williams,"315 Carrie Summit Apt. 912, South Alejandro, AL 09217, USA",43-2288618,440-762-9143,Facilities Management
"Hernandez, Stone & Hall","97669 Cindy Green, Martinezshire, GU 71961, USA",,(056) 820-1753,Facilities Management
West Group,"86957 Katherine Run Suite 043, Travisville, VT 21913, USA",59-5725097,5313795610,Construction
Davis-Neal,"951 Bell Fields, Benjaminland, OH 46902, USA",27-4008639,805-581-1574,Professional Services
"Owen, Long and Diaz","0770 Justin Radial, Port Laurie, VT 41327, USA",960345542,(541) 840-3982,IT Services
Davis-Valenzuela,"693 Jennifer Junctions Suite 230, New Tricia, ME 35057, USA",788460744,088-067-0898,Facilities Management
Carlson Inc,"918 Glenn Common, East Erinberg, AS 51592, USA",498585961,(611) 584-8580,Logistics
Mcbride & Sons,"119 Johnson Motorway, East Andrew, IN 79225, USA",863860982,7077454470,Logistics
"Snow, Barton & Sellers","71461 Daniel Ports, Robertfort, AS 51289, USA",406084084,(626) 235-9605,Logistics
Taylor Group,"840 Nathaniel Via, Smithfurt, NC 53098, USA",919390458,050-630-6636,IT Services
Williams-Simon,"640 Alex Forge, New Davidburgh, AR 97596, USA",39-2907427,(302) 520-9452,Facilities Management
Saunders Grp,"795 Meredith Ports Apt. 600, Williamsmouth, MI 65119, USA",651208305,454-492-0548,IT Services
STEELE-FROST,"118 Crystal Crest, Baileystad, NC 28204, USA",992329618,4456622952,Office Supplies
JENSEN-WILLIAMS,"0361 Pittman Inlet Suite 070, Shaneberg, WV 55760, USA",198476695,6023515850,Professional Services
Friedman-Becker,"3167 Leslie Center, Alishashire, AR 49445, USA",976928440,2244133954,Facilities Management
JEFFERSON AND SONS,"23964 Williams Ways Apt. 532, Donovanmouth, MS 81413, USA",,924-277-3923,Healthcare Supplies
"Dillon, Pearson and Williams","209 John Alley, South Christinabury, WV 23463, USA",35-3164777,(844) 234-7199,Office Supplies
Mcdonald-Robinson,"8066 Blair Burgs, Smithside, MN 07363, USA",341096660,(360) 595-2984,Manufacturing
"Roberts, Luna  &Johnson","402 Nelson Spring Suite 758, South Shawn, DC 49161, USA",,9062003638,Logistics
"Roberts, Cantu & Perez","12762 Renee Viaduct, Sheilaport, HI 83990, USA",24-7746438,256-787-1888,Manufacturing
Harris PLC,"58416 Patrick Club Apt. 495, Torresshire, PA 70818, USA",,460-586-7949,Facilities Management
Lee-Gregory,"97236 Brent Plains, New Nicolechester, CO 50857, USA",847401602,620-165-5578,IT Services
Rivera-Wade,"5575 Vickie Extensions Suite 764, North Brianhaven, NV 44748, USA",91-4799481,(868) 240-5166,Facilities Management
CARLSON-PARRISH,"45284 Jason Loaf Suite 804, Robinmouth, IL 46892, USA",374796224,(674) 809-5739,Professional Services
Perez PLC,"774 Stevens Ridge Suite 141, Rojashaven, VA 21337, USA",689274064,(308) 829-5868,Office Supplies
Duncan and Sons,"326 Jillian Lake, Moranview, GA 60695, USA",21-9385981,(674) 831-7306,Construction
Bridges & Sons,"1817 Kenneth Dr, Morrowmouth, OK 41449, USA",355164255,(698) 906-2327,Construction
RobinsonG roup,"9890 Nicole Forks, Sheltonshire, AR 05208, USA",23-0833665,(654) 870-8477,Manufacturing
Warner-Jones,"7553 Vanessa Wells Apt. 737, West Brandymouth, NM 79475, USA",356022467,089-458-9626,Office Supplies
WAGNER PLC,"3802 Gina Locks Apt. 239, Maldonadoburgh, DE 83285, USA",78-6069196,905-188-1298,Facilities Management
Stanley-Lawson,"35067 Stevens Ridges Suite 833, Michaelmouth, AL 64311, USA",998386592,7312315550,Facilities Management
Gonzales-Stein,"18799 Zachary Station Suite 404, Tinaside, IL 14220, USA",74-0743666,(141) 470-1235,Manufacturing
Morales Group,"6891 Brandi Mill, Williamsonside, AR 19129, USA",77-8556450,(344) 568-4467,Professional Services
Johnson-Juarez,"6401 Robinson Dale, Timothyfort, NY 87258, USA",87-1531100,315-975-7292,IT Services
Hlal-Hicks,"029 Mark Land, Dawnbury, IN 23445, USA",412750915,4165185483,Office Supplies
Robles-Johnson,"44674 Thompson Crossing Suite 958, Debrafort, KY 97589, USA",10-1679695,916-170-5022,Healthcare Supplies
"Beck ,Sullivan & Arnold","34476 Janet Glens Apt. 774, Lake Wendyshire, AS 94737, USA",35-8303887,(286) 433-0265,Office Supplies
ANDREWS LTD,"218 Robert Mission Suite 196, Gutierrezland, AL 18792, USA",,5634202223,Logistics
Msos-Day,"9227 Bennett Greens Apt. 490, East Saraside, MD 00826, USA",519246503,255-134-4486,Facilities Management
White PLC,"047 Sue Cirs, Saraview, MS 96342, USA",14-6744734,157-493-2511,Office Supplies
"Harrington, Ellis and Holmes","12040 Mitchell Mill Suite 661, North Holly, AS 49518, USA",50-0830389,800-187-3143,Construction
Nguyen Inc,"67862 Sierra Bridge Suite 818, Davisfurt, SC 69248, USA",902425085,(564) 257-0680,Manufacturing
Short-Douglas,"154 Jasmine Flat, South Arthurburgh, ID 07609, USA",483426624,286-550-5224,Logistics
Davis & Sons,"6701 Jones Island, North Cody, VI 53165, USA",,(633) 822-2240,Professional Services
Moses-Wilson,"39456 Cook Forge, Jacobfurt, ME 39553, USA",928393291,(976) 024-9866,Healthcare Supplies
"Hendricks, Butler and Garcia","3369 Moore Wells Suite 466, Elizabethmouth, IL 74057, USA",47-8278218,(962) 985-3243,Healthcare Supplies
Lawrence-Young,"1538 Craig Tunnel, Lake Steven, AK 32593, USA",991617660,(073) 726-0720,Facilities Management
Jenkins LPC,"53910 Stephanie Coves, West Kristen, OK 04110, USA",971339002,163-994-9013,IT Services
NELSON LLC,"6734 Juan Views, Christopherton, CA 57407, USA",167753684,(793) 014-8116,Facilities Management
Turner-Green,"35316 Heather Port, South Maryshire, CT 27424, USA",31-6456682,8601571171,Manufacturing
Patton Inc,"24702 Keith Crest Apt. 874, Derrickfort, UT 10342, USA",94-9447049,(936) 785-7646,Professional Services
"AUSTIN, MEYER & MELENDEZ","6948 Tina Burgs Suite 195, Hayesfurt, IL 48423, USA",975535611,(584) 227-1726,Facilities Management
Hodges LLC,"0460 Johnson Canyon Apt. 441, North Valerie, MS 67248, USA",371993587,6240871006,Manufacturing
"Greene, Chambers and Mcneil","2820 Russell Fields, North Michaelburgh, DC 30564, USA",908839964,2822282408,Professional Services
MURPHY-MOORE,"9994 Aaron Course, Lake Karenview, NV 79844, USA",407209235,1351135053,Healthcare Supplies
Pennington-Martin,"64157 Carol Mountain, North David, ND 02754, USA",,(104) 194-5341,Manufacturing
Savage-Martinez,"447 Marsh Heights, New Benjamin, CO 84591, USA",804086195,(889) 306-3578,Healthcare Supplies
"Donaldson, Nunez and Perez","213 King Garden, Carlsontown, MD 44008, USA",39-3364102,855-759-9408,Logistics
Ross and Sons,"1368 Kent Plaza Apt. 253, New Juanfort, VA 52729, USA",569172971,9929644477,Office Supplies
Lang-Cain,"232 Thompson Hollow Apt. 041, Fletcherport, DE 94892, USA",898120571,553-691-5855,Facilities Management
Cohen-Garza,"9370 Walker Crossroad Suite 031, New Eric, AZ 40093, USA",843102880,8502206190,Facilities Management
"Parker, Acosta & Riley","04532 Christopher Lights, Owensside, WI 10392, USA",960226208,4564743701,Logistics
Landry-Goemz,"77666 Brown Fall, Wongchester, CA 16887, USA",88-0697625,092-815-7806,Office Supplies
Jones and Sons,"848 Gutierrez Parks Apt. 142, Jameston, AK 98340, USA",746879296,3753989231,IT Services
Wallace-Mcguire,"1272 Stewart Key, Port Renee, NM 48398, USA",444898148,6569764878,Logistics
"Simmons, Martin and Olsen","510 Russell Dam Suite 069, New Robert, MS 70471, USA",,512-062-7672,Healthcare Supplies
SINGH LTD,"793 Cohen Grove, North David, DE 39974, USA",809656613,(650) 223-4778,Construction
Haney and Sons,"9608 Sheena Spurs Suite 713, Smithmouth, SC 89260, USA",,494-692-0856,Facilities Management
"Todd, Moss & Mitchell","40431 Sullivan Pass, Charlesborough, MP 43777, USA",14-5478504,3814837475,Healthcare Supplies
Graham Inc,"668 Rodriguez Port Suite 675, Lake James, MT 09108, USA",39-4801573,7050583534,Manufacturing
Patterson-Washington,"30285 Eric Views, Whitefurt, NE 78164, USA",490102359,8345150252,IT Services
Steele Group,"09007 Dwayne Causeway Apt. 423, Emilyfort, IL 89342, USA",752376434,0577719619,Facilities Management
"White, Monroe and Riley","90705 Mendoza Gardens Suite 015, Kramershire, DE 11329, USA",172191273,5010162600,Professional Services
"Davis, King and Sanchez","643 Andrew Fords Apt. 726, Diazhaven, FL 41182, USA",488856231,(685) 492-7240,Office Supplies
James Ltd,"10009 Alicia Ranch, North Angela, NC 15437, USA",74-9715626,0480283541,IT Services
"GILMORE, GREENE & WHITE","304 Cynthia Mall, Davischester, MO 22834, USA",82-9137330,808-122-6815,Facilities Management
"Turner, Ellis & Terry","0531 Benjamin Keys Apt. 309, Crawfordborough, PA 59203, USA",49-8320110,9842189142,Healthcare Supplies
"Sanders, Parsons and Bowman","2922 Reynolds Mills Apt. 937, Millerfurt, GU 43081, USA",,228-989-0749,IT Services
"Day, Cooper & Cowan","36931 Patrick Canyon, Port Stephanieborough, AK 18340, USA",36-8018471,(426) 624-9753,Logistics
Moore Ltd,"5870 Sanchez Trail Suite 983, Kevinchester, PA 91007, USA",70-3091482,(580) 504-5050,Logistics
Patel Group,"00734 Samantha Trace Apt. 907, Perezfort, PW 19097, USA",381080560,954-503-8016,Construction
Blevins-Green,"91935 Christian Shores Suite 555, Lake Shawn, AZ 55273, USA",845156039,272-816-7337,Facilities Management
Davis-Bridges,"575 Ball Track, Port Ronald, FM 13805, USA",,2608481876,Logistics
Lawrence Inc,"319 Allen Turnpike Apt. 995, South Julieton, ME 44487, USA",,0599822673,Logistics
Meza & Sons,"88804 Horn Course Suite 202, Cathybury, MO 39531, USA",58-5377142,502-823-1342,IT Services
Nelson PLC,"6754 Amanda Stream, East Kristina, ND 66690, USA",690554938,101-382-7210,Construction
"Contreras, Miller & Mays","69078 Wong Meadow Suite 200, West Davidview, UT 94515, USA",864299201,107-071-6348,IT Services
Bauer Ltd,"23708 Miller Creek Apt. 944, Jordanstad, MT 79866, USA",95-2225000,(729) 655-6192,Healthcare Supplies
Jimenez-Young,"188 Brady Vista Suite 395, Rodriguezfurt, WV 50528, USA",646272321,7830557371,Professional Services
"Mathis, Warren & Burgess","23461 Phillips Lock, Thompsonchester, IL 95858, USA",230311939,(304) 117-6142,Professional Services
"GARCIA, LOPEZ AND DIXON","686 Paige Mall, Timothyview, MS 41551, USA",950474042,(689) 698-7036,IT Services
"Chan, Hall & Johnson","9363 Kathy Ports, Lake Stephanie, WI 93161, USA",354193540,(912) 706-5934,Facilities Management
"Ryan, Taylor and Ramirez","992 Steven Roads, West Debra, WV 12683, USA",925884151,668-113-3973,Office Supplies
Davis PLC,"444 Kenneth Plaza, Erictown, GA 91350, USA",23-4568604,4350947651,Healthcare Supplies
"Fitzgerald, Simmons & Brown","4099 Garcia Park Suite 398, East Taylormouth, ME 83900, USA",789705810,2451908261,Logistics
Weber PLC,"093 Martinez Shoal, West Aaron, NE 88758, USA",830261466,283-463-3488,Healthcare Supplies
FARLEY LLC,"5186 Orr Glens, New Ryanstad, AS 38245, USA",237798236,243-826-9285,IT Services
Cole and Sons,"95288 Lynch Neck Apt. 396, Campbellborough, MD 79267, USA",92-4399252,(176) 504-7188,IT Services
Johnson PLC,"2887 Sarah Haven Suite 686, Coleside, RI 76442, USA",564520346,(470) 617-0690,Manufacturing
Howell-Odonnell,"38471 Myers Village, Robertmouth, AL 86041, USA",99-2699085,(518) 860-1674,Logistics
"HAMILTON, RUIZ & WARNER","7140 Mark Wall, New Mario, VT 64792, USA",,(626) 481-6384,IT Services
Blake Grp,"635 Walker Stravenue, North Kaylaberg, NV 72495, USA",,(969) 519-3048,Healthcare Supplies
KNOX LTD,"5867 Patricia Loaf Suite 620, Lake Roberto, KS 40352, USA",,4394689633,Professional Services
"Jones, Mccarty and Gonzalez","6170 Andrade Villages Apt. 744, Stevenchester, HI 89001, USA",47-1539452,6263678508,Construction
Johnson Grp,"5149 Bell Hills Apt. 157, Lake Kimberly, AR 82026, USA",,(900) 094-0656,Construction
"WARD, FISHER AND MILLER","1181 Shaw Summit Suite 466, West Jessicafort, NV 56213, USA",75-9737342,186-870-4796,Logistics
Chavez-Yang,"47442 Jacob Rest Suite 410, Lake Jeremy, NY 63527, USA",,3518664774,Healthcare Supplies
"Mills, Mccarthy and Byrd","86558 Nicholas Key, East Amanda, PR 13228, USA",986090690,(934) 891-8003,Manufacturing
Hardin Ltd,"691 Brian Terrace Apt. 242, South Amandachester, GU 66490, USA",92-3515952,221-756-2699,Office Supplies
CHOI LTD,"8597 Jonathan Field Suite 129, Christophermouth, HI 94508, USA",634764290,0580286060,Construction
"Johnson, Moody & Decker","65474 Blevins Locks Suite 090, Monicahaven, VA 77102, USA",78-9242701,856-643-0165,Construction
Reynolds-Taylor,"887 Bailey Square Apt. 136, South Deborahberg, MP 78040, USA",61-8558050,0113860479,Professional Services
"Mullins, Orr & Miller","80351 Vincent Pike, Jessicaside, GA 94644, USA",964027324,(944) 191-4790,Office Supplies
Parker & Sons,"516 Lewis Centers, Jessicaberg, TN 96203, USA",,6708488686,Facilities Management
Barker-Henrandez,"8228 Jennifer Alley, New Jefferybury, MN 27982, USA",178354184,068-856-8467,Manufacturing
"SIMPSON, SMITH & AVERY","8374 Andrews Village Suite 521, West Daisy, CO 63097, USA",,5559289748,Facilities Management
WARREN PLC,"9276 Tran Port, Ryanton, CO 83570, USA",465278987,(804) 033-4801,IT Services
Curry-Foster,"911 Jennifer View Suite 672, Joannburgh, CO 47348, USA",88-8340979,5383077558,Healthcare Supplies
Sloan Grp,"4395 Woods Passage, Keithfurt, AL 58934, USA",52-8118701,(890) 751-9919,IT Services
Bryant L.L.C.,"29441 Munoz Expressway Suite 316, Christineburgh, NC 88707, USA",916757816,3859747765,Healthcare Supplies
Thompson LLC,"564 Jeffrey Groves Suite 416, Nancystad, NH 28549, USA",600871106,952-328-5558,Logistics
"BRADY, FLOYD AND COPELAND","947 Reilly Cts Suite 602, Courtneyville, WI 25852, USA",38-7195524,(623) 347-0407,Facilities Management
Trujill oInc,"789 Megan Valleys, Phillipmouth, NV 35117, USA",97-3465185,465-325-5441,Healthcare Supplies
"Davis, Barton & Patel","36738 Gloria Divide Apt. 388, Lake Brittanymouth, MP 95171, USA",72-0286733,684-184-7146,Healthcare Supplies
Martin Inc,"833 Mario Cir Apt. 127, New Jamie, MS 01997, USA",303832812,308-764-7709,IT Services
Stanley-Webb,"376 Joy Landing, South Robertfort, UT 09109, USA",,621-720-4888,Facilities Management
"WILLIAMS, EVANS & MASON","32645 Scott Meadow, Evansshire, RI 11421, USA",635539154,6053906490,Construction
WALSH GROUP,"2602 Daniel Ports, New Jeanmouth, MN 36722, USA",196689473,802-933-5838,Office Supplies
Fleming PLC,"65735 Timothy Junction, Nicholasborough, WI 90975, USA",642716859,5102140128,Facilities Management
Miller LLC,"979 Sarah Junction Suite 177, Port Toddtown, ID 04781, USA",358480413,568-709-4124,Professional Services
Hernandez-Hughes,"8540 Bethany Rest, Suefurt, NC 46228, USA",74-1580895,606-699-2613,Facilities Management
HUYNH PLC,"97777 Mcdonald Throughway Apt. 996, South Jeffrey, NH 77736, USA",,2711073512,Manufacturing
"Barnes, Lopez & Mcguire","243 Jesse Spur Apt. 023, West Joshua, AK 53078, USA",21-5424112,0694306952,Office Supplies
Kim-Hobbs,"94128 Sanchez Stravenue Apt. 064, Amandaside, MA 38153, USA",243811545,875-311-9804,Construction
"Lawrence, Anderson & Martinez","0195 Brandt Fords, New Lisa, OK 69246, USA",92-0184955,(728) 731-4249,Office Supplies
Cross Ltd,"75454 Raymond Pines, Harveyland, AR 35767, USA",530121245,662-750-1526,Manufacturing
Rogers-Levine,"26714 Porter Cts, Smithstad, AZ 95183, USA",48-9256938,196-797-2092,Construction
"Kerr, Rocha and Cochran","3971 Guzman Brook, Cookmouth, ME 91725, USA",641440255,(142) 487-3962,Facilities Management
Reed Inc,"124 Luna Freeway, Ericksonmouth, NJ 23025, USA",920772671,4434354978,Construction
Smith-Jones,"3762 Koch Lodge Suite 225, Brittneyton, IN 54580, USA",238151258,930-914-0152,Logistics
Rodriguez Ltd,"2264 Jonathan Way, Roberttown, FM 02011, USA",522950895,1842933598,Healthcare Supplies
West-Torres,"835 Cohen Square, Cobbland, MI 33163, USA",,(902) 262-4736,Healthcare Supplies
Williams &S ons,"909 Jacqueline Roads, South Kevinmouth, MT 09355, USA",69-8967370,4427873554,Healthcare Supplies
KLEIN L.L.C.,"316 George Stream, Lake Ryanstad, AS 35581, USA",91-0637681,(939) 343-9690,IT Services
Salinas-Thompson,"6306 Julie Dale, Lake Elizabethside, TN 48300, USA",96-3251765,635-200-7615,Facilities Management
"Mason,G arcia & Wheeler","6163 Rickey Pass, Zimmermanstad, CO 69633, USA",259923818,(569) 050-9656,IT Services
Munoz-Farley,"45498 Robert Common Suite 674, South Nicholashaven, VA 55270, USA",,(751) 857-1164,Office Supplies
Simpson-Grant,"261 Campbell Orchard, North Melissa, FL 34923, USA",,0254550054,Healthcare Supplies
Hunter Ltd,"998 Ashley Park, Welchbury, NC 67347, USA",644725317,724-616-3034,Facilities Management
"Lee, Garcia & Obrien","25275 Brown Expressway Apt. 302, West Benjamin, MS 97960, USA",,7712515890,Manufacturing
Leblanc Ltd,"051 Powell Cape, Port Hectorshire, DC 64437, USA",,884-479-0986,Healthcare Supplies
MILLER-TAYLOR,"584 Turner Bridge Apt. 248, West Amanda, MP 51997, USA",823494111,(313) 737-1450,Logistics
Monroe Inc,"266 Samantha Turnpike, New Kathrynshire, MT 01340, USA",547256709,6104718911,Construction
"Martinez, Stewart and Gould","7688 Keith Cape, West Christian, CO 26453, USA",955508961,(181) 181-4051,Manufacturing
Nelson-Wells,"5794 Spencer Grove, East Jasonmouth, KS 34353, USA",385111130,9998709339,Professional Services
"Perez, Adkins and Duarte","26410 Smith Expressway Suite 753, Lake Debbieton, MI 64583, USA",87-4597473,6310108965,Manufacturing
BUCHANAN-MARTIN,"0640 Juan Highway, Marshallport, FM 74088, USA",72-6553348,(698) 948-4817,Facilities Management
"Wright, Morton and Johnson","7017 Herring Track, Lake Timothy, OK 41125, USA",283085932,(933) 078-1117,Office Supplies
"Warner, Henderson & Williams","9021 Mitchell Corners, Matthewshire, NE 59187, USA",258672959,4333849655,Professional Services
Benson-Moore,"238 Singleton Lane Suite 392, Hopkinsfurt, OH 59907, USA",304853117,(141) 349-3179,Manufacturing
Garcia,"7039 John Curve Suite 186, Mckayshire, FL 47964, USA",549661921,(529) 050-9260,IT Services
Lewi-sMiller,"1761 Maria Drs Apt. 641, Lawsonchester, NY 25309, USA",89-0099255,5991676403,Manufacturing
Singleton-Martin,"2964 Turner Pike, Kathleenbury, AS 98410, USA",656931857,6868111433,Professional Services
Scott-Jacobs,"8771 Stewart Keys, Port Daniellefurt, UT 22376, USA",702247585,(787) 902-5912,Healthcare Supplies
"STEWART, REED AND ELLIOTT","7411 Timothy Forge, Richmondmouth, AL 29129, USA",664226794,862-567-6112,Office Supplies
Miller Ltd,"65485 Ivan Mountains Apt. 019, Kirkside, LA 18553, USA",593559955,(874) 162-7963,Healthcare Supplies
Nguyen-Moore,"5100 Dyer Bypass Apt. 948, Jenniferberg, NE 23165, USA",,300-360-7223,Healthcare Supplies
"Ruiz, Lowe and Smith","45441 Perry Mews, Bakermouth, AL 04515, USA",75-5064741,844-580-1517,Facilities Management
Lloyd,"93554 Carlson Falls, West Jillstad, OK 53816, USA",92-8042067,7577991137,Construction
Brown-Sexton,"7612 Adrian Park, Peterville, WA 15814, USA",841139461,399-799-2715,Facilities Management
"Pearson, Robertson and Mccall","907 Cox Walk Suite 783, Riveraside, CA 50100, USA",40-9011489,784-340-7307,Logistics
"SANCHEZ, KELLY & RICHARDSON","20061 King Fields Suite 445, Laurenfurt, DE 21487, USA",93-0071496,1893912706,IT Services
Kim Grp,"22830 Hughes Haven, Grantstad, IA 88476, USA",41-1871167,045-555-9502,Manufacturing
Thornton Group,"7789 Livingston Forge, Lake Derrick, MT 25625, USA",408840720,990-460-0823,Logistics
"Bennett, Guerrero and Weiss","9022 Bryan Mills, Stacytown, MO 14156, USA",471904990,7906701512,Facilities Management
Johnson Inc,"60082 William Shoal, Wallaceview, HI 60011, USA",902448600,054-985-7887,Facilities Management
"Nelson, Roberson & Conner","919 Hawkins Pike, Smithville, NJ 00654, USA",76-1078179,(867) 152-0771,Professional Services
Ruiz,"3368 Dennis Ranch, Chavezberg, SD 38993, USA",36-0337343,(610) 511-0900,Manufacturing
Williams-Rodriguez,"20502 Ortega Port Suite 239, North Christopher, TX 23064, USA",,9759974753,Professional Services
Morris-Camacho,"442 Hernandez Shore Suite 204, South Justinstad, WI 94715, USA",,3740513379,Professional Services
Nelson-Salazar,"58624 Emily Mills, Josephtown, OK 81398, USA",54-3778963,9863245352,Healthcare Supplies
"Garza, Davis & Wilson","851 Jenkins Manors, Candaceburgh, CA 32320, USA",87-0257350,(596) 183-0734,Facilities Management
"SMITH, MALONE AND DYER","642 Jensen Park, North Matthew, MA 39364, USA",207959268,(829) 878-1921,IT Services
Vazquez PLC,"75193 Bennett Gateway Apt. 124, Kristinfort, PA 32273, USA",61-2656440,6561156862,Professional Services
Hayne s& Sons,"0659 Stone Way, Tammyville, MS 05104, USA",91-1653317,2274330372,Construction
Duffy-Mills,"77862 Duffy Squares Suite 272, Rodgerstown, VA 32377, USA",,(208) 778-3471,Professional Services
Brown and Sons,"22857 Larry Estates Suite 025, Matthewchester, NC 79620, USA",287974375,3977041167,Office Supplies
"Nash, Jones & Kramer","467 Allison Ville Suite 690, Tamaraview, NY 88476, USA",99-9371401,467-332-2912,IT Services
"Guzman, Bell and Marshall","06239 Case Prairie Suite 264, South Robertside, PA 42841, USA",139019611,3012033980,Office Supplies
Allen PLC,"62833 Coleman Rd Apt. 581, New Emilyville, MN 29134, USA",946066287,3743567027,Facilities Management
Dixon Group,"6596 Ford Prairie, Michaelfort, MA 74995, USA",30-0050585,599-550-5536,Construction
HALL-SCHNEIDER,"412 Mackenzie Camp, Jenniferburgh, MI 63179, USA",45-9748735,(959) 900-4794,Construction
Mcbride Ltd,"54601 Stephanie Tunnel, East Laurenbury, KS 66343, USA",58-7853601,(571) 339-9627,Facilities Management
"Gardner, Rice and Jones","645 Jacob Views Apt. 990, North Emily, ID 42566, USA",392956587,(683) 172-3667,Professional Services
Dickson-Dawson,"1038 Christine Parkways, Robertsmouth, GU 04455, USA",96-8457290,133-203-4495,Logistics
"Fischer, Bray & Maddox","963 Roger Ways, Johnsonstad, PA 80131, USA",885033297,4696693233,Facilities Management
Brown-Snyder,"009 Delacruz Circles Suite 086, East Ian, ME 28746, USA",796091085,(065) 874-4888,Construction
Thompson-Rodriguez,"361 Robert Light Apt. 146, Port Jamesfurt, CA 12209, USA",709650444,(892) 605-5546,Professional Services
Thompson-Sandres,"8437 Davis Grove, East Kellyview, SC 90414, USA",28-8436227,545-956-6003,Office Supplies
"Thornton, Walsh andP reston","5283 Timothy Spring, Marquezfurt, TN 64980, USA",61-2662437,981-302-6564,Healthcare Supplies
"Banks, Faulkner and Kidd","97542 Marks Overpass, Lake Lisa, TN 68157, USA",380016058,(852) 377-4877,Office Supplies
Lindsey-Nunez,"6572 Ruiz Lake Suite 198, New Dakota, OR 36080, USA",725412469,7795003452,Manufacturing
Robertson-Thomas,"7675 David Station, South Kathleen, OK 78299, USA",843854609,0053669332,Professional Services
HallH-aney,"85628 Steven Turnpike, South Emily, HI 44674, USA",16-6705490,9310337008,Logistics
"Collins, Pena & King","70433 Olivia Flat, Lake Courtneyhaven, IL 70411, USA",599714064,4561257804,Construction
Gonzales PLC,"176 Fernandez Shoal Suite 455, Kevinberg, CT 48689, USA",271494637,7837926405,Office Supplies
"Thomas, Holloway  &Gonzalez","859 Jose Curve Apt. 903, Austinmouth, PW 89228, USA",836665942,(833) 150-3219,Construction
"Howard, Gilbert & Zamora","85242 James Drs, West Michaelfurt, IA 89237, USA",785811060,7439639949,Construction
DUOGLAS-MURRAY,"34874 Carmen Cirs, Contrerastown, AS 13088, USA",33-5287540,910-904-8866,IT Services
NAVARRO-AGUILAR,"1221 Williams Throughway, Lake Autumn, TX 53593, USA",83-0511568,(558) 681-9004,Logistics
Boyd-Wakler,"2866 Craig Fork, Leslietown, WI 03897, USA",664258474,295-738-0101,Facilities Management
Clark & Sons,"49522 Anna Wall, Blaketon, GU 28445, USA",16-6312199,717-758-8562,Professional Services
Gonzalez and Sons,"9879 Brian Turnpike Apt. 314, Carolside, TN 90616, USA",27-6670424,891-096-1968,Healthcare Supplies
Coleman-Nguyen,"506 Brittany Valleys Suite 806, Lake Shirley, KS 45128, USA",224811770,669-839-8590,Professional Services
Guerra-Smith,"894 Johns Mission Apt. 150, Kendratown, SC 47684, USA",58-6869229,3531318456,IT Services
Salazar-Calderon,"2322 Adam Corner, New Joseph, KS 98040, USA",651095672,(314) 140-8783,Office Supplies
COOPER-FORD,"55877 Parsons Ways Suite 263, Wayneside, FL 26115, USA",700003920,(725) 442-2535,Facilities Management
Patel PLC,"5871 Brian Mountains Suite 313, Petersborough, CT 49183, USA",876616079,(262) 107-4144,Manufacturing
Rei dInc,"1445 Brittany Ways, Velazquezstad, VT 60972, USA",52-5146690,(443) 319-9711,Construction
Perez-Cardenas,"729 Wilkinson Mountain Apt. 100, Port Cynthia, IN 39100, USA",97-6659977,4997585861,Manufacturing
"Mills, Davis and Cantu","21599 Victor Glens Apt. 763, South Rebecca, OR 06403, USA",90-0801470,3312223954,Professional Services
Bowen-Ward,"206 Keller Locks Apt. 485, North Hunter, KS 86147, USA",46-9935052,435-849-8118,Logistics
Jarvis-Yates,"24210 Curry Mountain Apt. 704, Port Nicholas, SC 69841, USA",,1165955859,Manufacturing
Jones and Sons,"313 Lee Spurs Suite 597, South Ricardo, NE 68614, USA",174108740,(777) 593-5861,Facilities Management
Jones & Sons,"4804 White Flat, Bonillafort, RI 20985, USA",539017530,149-901-0861,IT Services
Ellis Group,"20586 Pollard Grove Suite 971, Michaelmouth, RI 26121, USA",,2770115491,Office Supplies
"Porter, Garrett & White","96856 Webster Bypass Suite 973, Vincentfort, VI 77985, USA",502074351,433-644-7026,Office Supplies
Simpson-Burke,"489 Edwards Forks, Marvintown, IA 58294, USA",503346325,(548) 078-0538,Logistics
DNAIEL LLC,"329 John Rapid Suite 480, Lisatown, NJ 29521, USA",833076128,(730) 415-0632,IT Services
Roberson-Edwards,"265 Molly Mission, Harrisport, MO 61748, USA",801726890,(464) 660-3327,Healthcare Supplies
Mcconnell-Griffin,"807 Katherine Rd Suite 510, Adamsfort, AZ 60147, USA",88-1531720,(838) 478-4830,Professional Services
RAMOS-SUMMERS,"98245 Young Village Apt. 518, South Dustin, TX 25115, USA",67-1159367,8264295185,Office Supplies
Diaz-Owens,"815 Vargas Gardens Apt. 819, Lunamouth, PR 40259, USA",984076542,(487) 615-0488,Professional Services
Romero Ltd,"277 Evans Trafficway, Burtonfort, KY 49273, USA",47-1686188,9254123872,IT Services
"Willis, Shepherd and Olson","007 Jennifer Well Suite 594, Ashleychester, NH 35254, USA",,(166) 239-5671,Professional Services
Cox-Walker,"76749 Nicholas Crossing, Port Valerie, NM 19837, USA",878488534,7653145134,Logistics
"BROWN,H OOVER AND SALAZAR","9108 Malone Center, Jamesfort, CO 49070, USA",,(578) 521-9793,Manufacturing
CampbellC-rosby,"7663 Gilmore Unions, Lake Alan, IN 39688, USA",,8124266474,Manufacturing
"Cabrera, Parker and Charles","8327 Russell Mills Suite 818, Wallaceport, KY 80374, USA",579362443,9246871446,Manufacturing
Mcgrath PLC,"15566 Valdez Flat Suite 026, Port Angelashire, AS 49657, USA",36-2781292,(496) 668-1182,Manufacturing
"HARRINGTON, THOMAS AND ORTEGA","6872 Rebecca Fork, Clarkfort, VT 73638, USA",531929128,4061386748,Facilities Management
"Raymond, Smith & Peterson","133 Koch Plaza Suite 081, Vanessaburgh, MP 24854, USA",,987-663-2790,Construction
Anderson-Harris,"60891 Williams Lakes, East Carrie, NC 35532, USA",35-1429015,5749659905,Healthcare Supplies
Farmer-King,"5267 Patricia Spring Apt. 670, South Jennifer, DE 01512, USA",25-3824712,(056) 870-6905,Professional Services
Barton & Sons,"816 Kane Rapid, Port Henry, IA 48339, USA",,(393) 305-4849,Construction
Donaldson-Pitts,"7079 Lopez Wall Apt. 830, West Gregory, TX 35243, USA",395444277,(685) 519-0204,Manufacturing
"Bullock, Morris and Torres","1093 Justin Trail, Jenniferbury, MT 27119, USA",697771523,(305) 754-3700,IT Services
"YODER, WILSON AND WISE","77021 Smith Summit Suite 701, West Jane, VI 82080, USA",77-2155012,283-397-1785,Office Supplies
"Rodriguez, Gray and Wallace","9173 Anthony Squares, North Ginastad, MH 77789, USA",69-6840109,1698331793,Facilities Management
Schneider-Johnson,"406 Padilla Unions Suite 525, Port Miguel, AK 87525, USA",150341410,(765) 094-6207,Healthcare Supplies
"Flores, Thomas and David","1926 Kathleen Village, Frenchland, DE 74047, USA",,680-109-3609,Office Supplies
Wolef PLC,"19569 Torres Burgs, Colemouth, PA 47951, USA",847655456,6919220513,Office Supplies
Allen-Pennington,"8925 Brandon Knolls Apt. 674, Fowlerborough, MN 71455, USA",53-8364955,182-177-4874,IT Services
"Davis, Fisher and Richards","53031 Kathy Neck, North Manuel, MO 70017, USA",,287-533-5526,Facilities Management
Rogers-Cantu,"475 Leslie Orchard, Hardyshire, CO 60621, USA",42-2913264,(431) 243-4535,IT Services
"Buckley, Jones & Vaughn","0927 Brendan Groves Apt. 369, Shannonstad, MT 24939, USA",96-5195567,9433916867,Facilities Management
"Medina, Nguyen and Ross","94410 Alexis Dr Suite 974, West Joshua, OR 20195, USA",16-1873231,1018188969,Office Supplies
"WILSON, CHUNG & FARMER","7538 Hogan Rds, North Christopherfort, AZ 25228, USA",54-7221915,4756016426,IT Services
"Blake, Flores & Wilson","578 Ariel Squares, Gregoryport, OR 23868, USA",58-2954920,2191142999,Healthcare Supplies
MILES-GRAHAM,"5948 Hannah Dr Suite 291, Lake Paul, FM 88060, USA",15-5337035,591-644-9153,Construction
"Wilson, Pena and Stafford","08523 Michael Village, East Keith, ND 33361, USA",504981031,(022) 462-6713,Manufacturing
Jones Group,"40033 Nicole Land Apt. 097, West Lauren, AS 18532, USA",963987020,542-654-1689,Professional Services
Bell Group,"89959 Chad Common, Maldonadoshire, HI 88904, USA",45-7517705,(135) 347-0507,Construction
Carr,"542 Rachel Prairie Suite 513, Lake Austin, MD 80760, USA",30-4036387,1541963511,Logistics
"Jenkins, Parker & Rodriguez","3659 Sherri Isle, West Calvinbury, NM 19160, USA",901955461,234-267-8703,Facilities Management
Robinson PLC,"81718 Michael Wall, Emilymouth, FM 18723, USA",360482447,(112) 759-6373,Professional Services
Torres and Sons,"08862 Brian Meadows, Kimberlyshire, FM 34503, USA",525880424,(003) 818-0364,Professional Services
ESPINOZA-BYRD,"18241 Johnson Corners, Williamshaven, KS 55899, USA",692790631,1687873214,Healthcare Supplies
Smith LLC,"13555 Duncan Dale, Lake Thomasberg, TX 89755, USA",508732434,2395672176,Facilities Management
"Rodriguez, Rollins & Walsh","620 Lester Views, Carolynbury, OR 24447, USA",,719-540-6385,Facilities Management
Osborne-Hall,"7044 Kristi Burgs, Sanchezport, MP 49811, USA",31-8106480,6899749030,Healthcare Supplies
Taylor-Davis,"11541 Daniel Villages, Lake Derrickfurt, AL 64569, USA",89-5913682,136-930-0522,IT Services
Rush Ltd,"288 Matthew Valley Suite 507, New Ginamouth, AS 28264, USA",416960306,544-252-4777,IT Services
"Middleton, Simmons & Hartman","496 Rogers Union Suite 959, Meganhaven, FM 15702, USA",636120880,(273) 174-2718,Healthcare Supplies
Bell & Sons,"920 Hampton Highway, Brianaburgh, WY 69430, USA",87-6914430,(276) 774-2393,Facilities Management
"Lyons, Hudson and Barton","31599 Shah Crescent, Wardtown, ID 22435, USA",873430762,3088806094,Facilities Management
Rogers-Jackson,"30078 Snyder Keys Suite 558, Stefanietown, OR 44905, USA",297619784,9145049723,Manufacturing
BATES-HICKMAN,"416 Cole Bypass, Petersside, TX 91592, USA",,698-585-7491,Manufacturing
Brown Ltd,"2641 Weber Shoal Suite 895, South Thomas, CA 21486, USA",,4931645982,Manufacturing
"Walsh ,Abbott & James","2157 Marsh Village Apt. 545, Pattersonhaven, FL 38573, USA",,874-142-7853,Facilities Management
BARNES-MCLEAN,"54176 Smith Island Suite 893, North Richardport, MN 58195, USA",763395529,6776576664,Facilities Management
HUDSON INC,"43697 Reed Station Apt. 517, Lake Walter, VT 12165, USA",112724887,355-669-6338,Manufacturing
"KELLY, MCCLURE AND MEDINA","78256 Heather Rapid Apt. 624, Villaport, SC 62173, USA",66-8457864,6293684268,Construction
Washington PLC,"67990 Lisa Avenue Apt. 719, Lake Kristinmouth, PR 94911, USA",675244407,203-872-1215,Construction
Armstrong Ltd,"6244 Barker Dr Apt. 165, Russellbury, PA 28306, USA",118406723,(508) 243-2625,Office Supplies
"Ryan, Best and Smith","755 Jones Harbor, North Donald, LA 69866, USA",,(435) 074-5093,IT Services
David PLC,"997 Donald Groves, West Sarahborough, CO 03653, USA",21-4908010,9077182353,Logistics
Robbins-Allen,"8087 Barnett Coves, New Sabrinaborough, ND 98884, USA",387037751,530-009-0063,Office Supplies
Cook Ltd,"351 Edwards Ford Suite 185, Port Jessicafort, MO 75065, USA",535968611,(659) 596-5600,Facilities Management
Thornton Group,"29648 Walsh Corners Apt. 922, West Christopher, KS 44870, USA",706666479,579-537-2376,Professional Services
Martin Ltd,"14962 Johnson Valley Suite 953, New Taylorborough, TN 86519, USA",42-2095317,(476) 790-0782,Logistics
Bennett PLC,"25727 Crystal Hollow, Weeksburgh, NJ 07690, USA",,4723344666,Office Supplies
Contrreas,"833 Amy Plains, North Randallborough, KY 61962, USA",,691-237-7939,Facilities Management
Davis Ltd,"01631 White Ave, East Bethany, MN 20411, USA",,313-363-1409,Manufacturing
Miller Grp,"31896 Lopez Village, East Cindytown, MH 32598, USA",854674236,177-569-0001,IT Services
Webb PLC,"40093 Michelle Plains, West Courtney, OK 84585, USA",565906941,(123) 216-0059,Healthcare Supplies
THOMPSON LTD,"325 Jennifer Lights, West Dylan, VI 06128, USA",707583925,213-116-7954,Logistics
Brown-Harrington,"7970 Angie Stream Apt. 076, Donnaton, MA 67339, USA",843338269,3550172727,Facilities Management
"Holden, Sanchez and Hardy","018 David Lake, North Karenland, GU 25834, USA",391086098,406-368-0199,Manufacturing
Walters-Daniels,"88190 Cory Terrace, Lorimouth, UT 53830, USA",,7677619524,Manufacturing
Rojas-Davis,"217 Torres Club, Bergmouth, WV 05759, USA",29-2580427,(223) 804-5347,Healthcare Supplies
Alexander Ltd,"3209 Fields Row, New Joseph, OK 73328, USA",11-6812751,(735) 872-7299,Professional Services
"BLAKE, FLYNN & REED","188 Stanley Lodge, Port Teresa, NJ 33128, USA",90-7727084,533-406-2016,Office Supplies
ADAMS-COX,"434 Villa Corner, North Tannerview, FM 75980, USA",27-4429624,(449) 574-2188,Professional Services
White-Garrtet,"3815 Evan Creek Apt. 647, West Donna, LA 23836, USA",708485104,9987247353,Office Supplies
"Montgomery, Khan & Brooks","3007 Pacheco Green, Tinaland, AS 69842, USA",82-6960759,347-923-0578,Healthcare Supplies
Williams-Browning,"72898 Mccormick Wall, Lake Dennis, HI 08375, USA",63-7722224,8614984250,Healthcare Supplies
Willis-Jaocbs,"0439 Theresa Junctions, Harmonberg, NC 47105, USA",18-1623972,8696609635,Healthcare Supplies
"MCDONALD, STARK AND SMITH","1210 Vincent Curve Suite 226, Maryport, PW 14104, USA",749794986,8024594085,Office Supplies
"Young, Sullivan & Allen","3779 Johnson Mission, Morsestad, WI 42803, USA",93-0598266,7374852512,Healthcare Supplies
Hurley-Garner,"7901 Trujillo Trail Apt. 279, New Joshua, TX 56613, USA",131810311,523-967-4999,Construction
"Orozco, Lopez & Robinson","1917 Linda Valley, Williamsbury, ID 97230, USA",482049366,3085441843,Office Supplies
"Brock, Jordan and Ortega","931 Thomas Plaza, Lake Ericland, AZ 76568, USA",56-3693201,(367) 677-7736,IT Services
Bennett-Kelly,"9034 Christina Valley Suite 351, North Donaldborough, OK 41806, USA",,533-089-2333,Office Supplies
Tate-Martin,"488 Brittany Views, Mariastad, CO 50844, USA",865694462,599-194-5644,Logistics
"Nolan, Morgan and Davis","066 Michael Summit Suite 155, Byrdland, VI 55730, USA",89-4198823,(689) 409-3636,Office Supplies
SINGLETON-MCCLAIN,"784 Duncan Views Suite 319, Spearston, MI 21739, USA",21-4408183,7043692259,Logistics
HENDERSON AND SONS,"12746 Daniel Loaf, North Karen, CO 75299, USA",105578324,863-708-5536,Construction
French-Thompson,"3567 Danielle Knoll, Gibsonfurt, RI 96368, USA",577531502,429-841-0400,Healthcare Supplies
Moore-Cummings,"820 Mark Harbor, Alexanderchester, KY 75781, USA",698058121,(136) 165-7652,Office Supplies
Benjamin Ltd,"95490 Anna Points Suite 943, Joymouth, NH 63449, USA",21-0909937,6613886550,Manufacturing
"Frye, Sexton and Mann","595 Garner Passage, East Sophia, OK 91853, USA",196227496,593-601-9412,Healthcare Supplies
Johnson-Reyes,"360 Nichols Mill Apt. 020, Lake Jennifer, OH 72476, USA",,(112) 099-6676,Logistics
Martin-Smith,"44836 Fisher Alley Suite 190, Richardmouth, NM 38118, USA",740942859,396-770-5467,Healthcare Supplies
"Campbell, Petersen & dEwards","990 Kathleen Dam Apt. 887, Archerfurt, PR 56888, USA",71-4137833,062-895-1340,IT Services
Elliott Grp,"744 Andrew Cts, South John, UT 99621, USA",83-5852444,9397026638,Office Supplies
Mann PLC,"11567 Kristin Plains Suite 157, Mitchellchester, NM 05360, USA",256696327,5068098383,Logistics
"Walker,H amilton & Park","5860 Sandra Hills, Nicholasbury, PR 27576, USA",,8923495245,Office Supplies
CSINEROS & SONS,"38547 Goodwin Square Apt. 681, North Laura, FL 23943, USA",421856529,(941) 232-8062,Facilities Management
JENNINGS L.L.C.,"545 Ramirez Ville, West Amber, NC 31831, USA",94-0381893,1400356303,Logistics
"Hernandez, Wells & Nguyen","047 Ward Cts Suite 896, North James, WI 97382, USA",487754927,(508) 628-6856,Construction
"Clark, Gonzales and Williams","09258 Thompson Rapid, Randallborough, MO 27939, USA",,(163) 308-4601,Facilities Management
Garner & oSns,"36490 Patton Shores, Campbellland, SC 12337, USA",,634-303-1016,Professional Services
Mack Group,"84554 Kelly Alley, Shawnfurt, FL 21844, USA",591625191,9511084861,Logistics
Stanley Inc,"066 Davis Plains Suite 333, South Kathrynview, NH 75855, USA",456715514,(554) 129-8249,Office Supplies
SMITH AND SONS,"2089 Taylor Vista, Salasside, AL 16255, USA",963370520,2696250507,Healthcare Supplies
Hatfield & Sons,"913 Allen Gateway Apt. 502, Kingfurt, GU 20418, USA",572685761,383-844-0376,Healthcare Supplies
"Johnson, Edwards & Hawkins","7210 Timothy Heights, Thomasbury, OK 14554, USA",42-2589929,171-740-0345,Healthcare Supplies
"Wheeler, Mason and Moore","940 Robinson Gateway, Daryltown, DC 52395, USA",,957-752-6684,Healthcare Supplies
"Grimes, Smith and Patrick","6943 Thomas Station Apt. 188, Stanleyland, TX 94729, USA",71-8345671,699-165-8723,Professional Services
MORENO LLC,"0716 Scott Station Apt. 440, North Julieview, AZ 58770, USA",491932454,560-231-0640,Logistics
"Tucker, Silva&  Warren","88542 Bradshaw Summit, Jonathanshire, VT 64126, USA",705429879,(992) 519-7366,Professional Services
Haynes LLC,"56004 James Cts, Flemingfort, NH 46654, USA",83-1983367,2707127971,Manufacturing
ANDREWS,"4725 Brown Haven Suite 782, Lake Jamestown, MO 91426, USA",86-0603328,(155) 026-1340,Professional Services
"Bailey, Diaz and iJmenez","95086 Preston Grove Suite 123, Sarahshire, OR 92075, USA",979357576,(896) 258-6926,Office Supplies
Jordan-Johnson,"5151 Mcbride Radial, Nealstad, CA 77182, USA",822604249,3784953127,Facilities Management
Hubbard-King,"019 Henderson Estate Apt. 346, South Joshuafurt, CA 42423, USA",249442440,2653222470,Construction
"Hicks, Baird and Smith","129 Jones Point Suite 089, Johnport, OH 87798, USA",359868249,1268179300,Construction
Morris PLC,"8081 Smith Forge, Jennifertown, MA 04869, USA",,(810) 563-5869,IT Services
Waters-Williams,"884 George Vista Apt. 609, North John, CO 95396, USA",94-7264726,(465) 657-1665,Office Supplies
"Welch, Clark & Mitchell","43896 Banks Locks Suite 508, Thomasshire, FM 42832, USA",17-9419456,(322) 307-2487,Facilities Management
"Gomez, Gadrner & Hicks","69656 Gregory Shores, Patrickmouth, NE 90723, USA",72-5179752,(223) 683-1275,Office Supplies
"Campbell, Wright & Jones","31866 Gates Route, South Robertfort, WA 34187, USA",68-3734594,7720110408,Manufacturing
"Rogers, Kim and Hall","019 Murray Park Suite 962, Leonardhaven, PW 76970, USA",,6549977917,Manufacturing
Cunningham Grp,"08004 Robertson Orchard Apt. 422, Hodgeport, FM 94964, USA",90-8186980,966-529-4830,Healthcare Supplies
Robinson-Smith,"62105 Paul Centers Suite 870, Maryhaven, CT 12350, USA",57-8651079,(353) 739-6527,Healthcare Supplies
Cannon PLC,"867 Harrison Cir Suite 548, South Christopherburgh, UT 77547, USA",,969-915-4827,Facilities Management
"Adams, Graves & Lucas","956 Thomas Shores, Matthewburgh, FL 29351, USA",,(552) 858-7063,Manufacturing
"Hernadnez, Hernandez & Osborne","335 Amy Mill, Garciaborough, MI 78964, USA",61-8371508,(647) 268-4746,Logistics
"Ward, Johnson & Cohen","01850 Sarah Neck, Richardport, GU 46457, USA",417217932,(058) 105-8010,Office Supplies
"Hawkins, Becker & Fisher","4761 Sean Valleys Suite 636, Paulmouth, IA 29239, USA",19-2185888,347-749-6337,Logistics
MOORE LTD,"81915 Howard Oval Suite 387, West Valerie, AR 42854, USA",992620629,2194050472,IT Services
"Moore, Thomas & Romero","5619 Sarah Throughway Suite 557, East Jessica, GU 78442, USA",,(000) 590-5451,Professional Services
"Weaver, Hudson and Bright","219 Hendricks Pine, Castromouth, SC 62195, USA",,8827376309,Facilities Management
"Mayo, Ayala and Johnson","79322 Kelly Mission, West Keith, IA 02558, USA",87-5235090,(594) 156-7117,Facilities Management
Harris-Arnold,"45819 Lambert Parkways Suite 075, Kathyside, AS 00791, USA",442426442,536-597-2683,Logistics
JOHNSON-CHAVEZ,"1306 West Cirs, New Daniel, MS 72264, USA",,387-027-8537,Manufacturing
"Mclaughlin, Kelley & Johnson","8723 Washington Highway Suite 720, East Keithville, AK 38021, USA",79-5752405,(150) 749-3166,Logistics
"Meadows, Mckinney and Smith","2514 Grace Ln Apt. 709, Clarkfort, GU 02324, USA",692609167,9816688130,IT Services
"Mason, Foster and Townsend","579 Freeman Lakes, New Brianshire, SD 66772, USA",596126873,(971) 733-1571,Professional Services
Frederick Group,"9876 Andrew Field, South John, MO 43133, USA",77-6199993,2427607414,IT Services
"Estrada, Nelson & Anderson","75056 William Harbor Apt. 072, Jonesfurt, ID 27439, USA",52-4753348,(402) 937-8132,Manufacturing
"Gray, Simmons and Porter","65046 Stephanie Loop, Port Douglas, VI 65310, USA",,(892) 251-8261,Construction
Rogers Grp,"08401 Delacruz Vista, Leblanctown, MO 18319, USA",90-7803348,(981) 099-7526,Logistics
Barnes-Brooks,"8168 Daniel Canyon, Mckayfort, ID 07567, USA",,8714390390,Logistics
Gibson-Williams,"924 Robinson Loop Apt. 755, Deborahview, MP 44565, USA",311606895,(838) 750-0770,Facilities Management
Tanner Ltd,"52062 Lisa Lights, Lake Ashleyland, MS 97919, USA",820160169,426-633-1614,Facilities Management
"WOOD, RUIZ AND REYNOLDS","41302 Linda Pine Suite 710, Perrychester, AK 22590, USA",74-0992546,4923577741,Office Supplies
CARPENTER-RICHARDSON,"5322 Shields Rd, Bensonstad, GA 52112, USA",756387421,1587898916,Office Supplies
"BROWN, BELL AND YANG","40117 Andrade Corners, Johnsonville, IL 85730, USA",47-3581239,011-273-8318,Healthcare Supplies
Burton LLC,"46652 Megan Park, Rogermouth, ID 31122, USA",,164-950-6054,Logistics
Vazquez & Sons,"134 Newton Turnpike Apt. 107, Lake Timothychester, OK 90219, USA",,576-018-8304,IT Services
Blair-Myers,"3992 Jones Roads, North Candiceview, AZ 90940, USA",,6278908806,IT Services
"WHITAKER, STONE AND COOPER","62714 Jake Turnpike Apt. 773, East Leslie, NM 30978, USA",,(742) 142-0942,Office Supplies
"Bowers, Freeman & Stevens","2381 Woodward Tunnel Apt. 292, East Malikville, TN 83946, USA",717193289,1330107535,Office Supplies
"Williams, Oneill & Sullivan","412 Donald Stream Apt. 232, New Timothybury, NC 99146, USA",,5709439137,IT Services
"Proctor, Hoffman and Gonzales","9213 Roger Sts, East Nicholas, AR 68116, USA",622558165,0993715193,IT Services
Tucker Ltd,"61892 Paula Heights, Zacharyton, NJ 19359, USA",76-5086407,(162) 474-2468,Manufacturing
Stone-Smith,"04004 Scott Knolls, Cindyfurt, NC 28164, USA",702994164,(487) 525-6048,Facilities Management
COX GROUP,"8444 Wheeler Haven, Kathleenhaven, PA 24095, USA",62-4737111,4418328113,IT Services
"Martinez, David & Vega","9297 Werner Course Suite 489, Andrewtown, OK 87080, USA",188766909,465-846-3924,Manufacturing
Coleman-Clements,"919 Carolyn Lakes, South Mary, DC 45394, USA",,(993) 176-9708,Manufacturing
WALTON-WEST,"56396 Williams Hollow, Kristenfort, NJ 15047, USA",39-5121074,4057702501,Professional Services
Estes-Scott,"99857 Anderson Loaf Apt. 744, Michaelmouth, VT 88201, USA",67-7252858,766-335-4205,Construction
Graham-Golden,"294 Heather Cape Apt. 796, South Michaelfort, NM 61716, USA",,842-471-6491,Facilities Management
Price Ltd,"507 Matthew Fall Suite 016, West Ronaldfort, NC 08624, USA",69-0263993,7982307008,Logistics
Garcia-Stewart,"80204 Joseph Squares, South Lindashire, CA 18149, USA",556506372,943-370-2657,Logistics
"Farrell, Calhoun & Moore","06138 Cook Vista Suite 602, Melissaview, IA 45247, USA",58-2896428,(804) 711-8004,Construction
Miller LLC,"19596 Maria Dr, Sullivanborough, AS 92616, USA",,477-966-0548,Logistics
HERNANDEZ-KENNEDY,"2246 Sherman Loaf, Elizabethhaven, MT 99705, USA",571447714,175-418-2771,Logistics
DICKSON-COX,"86770 Patterson Curve Apt. 922, West Brenda, DE 34441, USA",,(309) 215-2725,Professional Services
Nichols-Gonzalez,"0891 Gloria Cape Suite 994, Haileyfurt, OR 96775, USA",973521043,880-122-5620,Professional Services
"Garcia, Martinez & Kim","66296 Weaver Locks Apt. 602, Johnfurt, NY 64487, USA",71-2112671,320-922-5450,Healthcare Supplies
Hanson-Smith,"9058 Brian Mountains Apt. 278, East Melindachester, KS 48778, USA",447520416,1300501985,Construction
Evans-Clark,"427 Johnson Estate, New Mark, AL 58751, USA",41-0669201,255-320-5285,Construction
"Davis, Roberts and Martinez","4045 Mark Prairie, East Leah, FL 62474, USA",245587477,692-689-9473,Office Supplies
Hood-Harris,"523 Nicholas Center, Robertchester, AS 06447, USA",16-3657733,712-413-7394,Construction
"OBRIEN, FARLEY AND HARRIS","3738 Megan Trail, East James, PR 06158, USA",863854401,970-199-8247,Healthcare Supplies
"Glenn, Wood & Stephens","5806 Erica Ranch Apt. 241, Holdermouth, AL 28936, USA",917626034,(108) 083-4809,Office Supplies
REID-TORRES,"780 Sean Extensions, Janicebury, NV 14514, USA",720005941,268-870-4155,Construction
"Dickerson, Hernandez and Cook","7292 Virginia Estates Apt. 679, Bradleytown, CT 41714, USA",18-1084980,4138273868,Logistics
"Logan, Knight and Vincent","91665 Parker Inlet, North Brian, NJ 68517, USA",58-8225728,(462) 742-0522,Facilities Management
"Leonard, Duncan and Peck","307 Eric Loop Suite 569, North Karaton, SC 70259, USA",451424185,(611) 713-4025,Manufacturing
Russell & Sons,"6434 Farmer Loop, Donaldchester, TX 90392, USA",93-1221434,(505) 347-7411,Logistics
Montes-Williams,"8910 Day Mountains, West Katiehaven, WA 34716, USA",33-3893106,3456512343,Office Supplies
Brown-Booth,"063 Shelby Garden, Cherylport, IA 42795, USA",985673417,784-590-7312,Professional Services
"Griffith, Little and Cantu","327 White Glens Apt. 265, Hernandezfort, PA 69349, USA",44-6673808,(047) 078-9379,Construction
Jones Ltd,"475 Hobbs Ridges, Currymouth, MS 47788, USA",,021-000-2786,Healthcare Supplies
"Bishop, Hart & Barron","05125 William Run Apt. 631, West Rachelfort, MP 50711, USA",832884547,9328792746,Manufacturing
White PLC,"3115 Elizabeth Trace Apt. 872, South Markborough, VA 13218, USA",14-9330844,444-941-9964,Logistics
"Andrews, Stanton and Hines","43840 Katie Mission Apt. 573, Ricetown, SD 58788, USA",772355141,051-825-1103,Facilities Management
"Schmidt, Chavez and Osborn","9144 Perry Club Suite 676, North Jenniferton, VT 35932, USA",117481970,(340) 102-6557,Logistics
"Torres, Wood & Richard","7329 Castillo Hollow Apt. 050, Stonetown, WY 99108, USA",26-9633510,233-094-6214,Facilities Management
Fields-Shields,"5373 Marc Trail, Fredericktown, NM 93475, USA",59-0182620,(816) 293-0961,Manufacturing
Gibson PLC,"686 Sergio Glen Apt. 300, Brownmouth, KS 64480, USA",,(595) 013-3672,Construction
"ORTIZ, YOUNG & LUCERO","19151 Jenna Light, North Joshuamouth, PA 06813, USA",20-0223044,(464) 494-0581,Healthcare Supplies
JACOBS AND SONS,"78911 Ryan Ville Apt. 098, Bernardton, SC 55911, USA",368853440,814-416-6611,Logistics
Cohen-Conley,"06708 Matthew Path Suite 824, West Cindyfort, NM 93783, USA",499264207,9572400303,IT Services
BROWN-HARTMAN,"75989 Thompson Drive Suite 947, Bakerville, RI 35953, USA",15-5606161,958-325-1990,Office Supplies
Taylor Group,"49227 Terry Mountains, New Markport, PR 89498, USA",77-1737478,(268) 239-5543,Construction
Fisher,"8048 Christie Highway Apt. 782, Lopezstad, NC 58262, USA",855590022,2937062587,Logistics
Woods-Rogers,"886 Jill Corners Apt. 799, Smithtown, VI 90979, USA",61-1967311,538-289-8122,Logistics
Joyce PLC,"7537 Nelson Heights Suite 125, Mooreburgh, FL 02077, USA",242485313,8346442996,Professional Services
Holmes Group,"606 Cassie Greens, Charlesfurt, TN 69874, USA",65-7749020,382-921-6298,Facilities Management
Smith-Benson,"571 John Run Apt. 056, Denisechester, PW 23596, USA",109971784,5096941235,Manufacturing
"Rice, Mendez and Leonard","888 Farmer Pine, North Nicoletown, NH 13537, USA",84-6891707,4923603680,Healthcare Supplies
"Cook, Grant and Wagner","3721 Glenn Walks Suite 763, Port Sherri, VT 77484, USA",97-7364141,(180) 438-4309,Logistics
"Lewis, Anderson & Burns","0423 Troy Island, Port Christophermouth, RI 22358, USA",61-2926731,0630416527,Logistics
Fitzgerald-Kemp,"33501 Page Manor Apt. 510, Meganshire, KY 50028, USA",,(173) 051-5133,Healthcare Supplies
Johnson Group,"09240 Parker Route Apt. 596, Rogersbury, OK 07039, USA",49-4666352,(363) 857-4339,Construction
Beasley L.L.C.,"03653 Freeman Terrace Suite 144, Lake Tamara, VI 98308, USA",,719-745-3145,Manufacturing
Green Inc,"6470 Mary Manor, South Kennethfort, AR 56585, USA",572553155,0225255313,Healthcare Supplies
"Davis, Fisher & Mcknight","541 Wood Springs, North Paulmouth, RI 05242, USA",875705487,584-828-1739,Professional Services
Fischer PLC,"108 Laurie Manors Suite 612, Port Maryfurt, LA 51155, USA",77-4395804,4676478562,IT Services
Sanchez Ltd,"9181 Kimberly Ferry Apt. 905, North Tara, NM 29246, USA",33-3264702,083-038-8401,Logistics
"Mcneil, Nguyen & Sullivan","141 Kyle Brooks Suite 683, New Kimberly, NV 50917, USA",,816-051-9170,Office Supplies
Schaefer-Jackson,"47873 Collins Harbors Suite 564, Orrborough, CA 85947, USA",,168-859-2663,IT Services
"Barber, Smith and Oneill","83014 Wells St Apt. 656, New Alyssaton, FM 89344, USA",36-6058599,418-902-4462,Construction
Collins-Mcknight,"64881 Matthew Burgs Apt. 916, Herreraburgh, NC 67443, USA",80-6957378,3793985930,Construction
"Orozco, Sheppard and Mcguire","814 Armstrong Gateway Suite 369, East Stacey, WI 23351, USA",320595661,0724861156,Professional Services
Hall Inc,"8019 Cruz Camp Apt. 412, West Kennethville, FM 21270, USA",902990996,083-624-8748,Office Supplies
Walters PLC,"70560 Ewing Neck, New Jennifer, WV 37705, USA",667243311,(109) 600-6616,Manufacturing
Keller and Sons,"6602 Carter Landing, Burkeshire, CO 67382, USA",487726245,(143) 369-7575,Healthcare Supplies
LongS-mith,"2605 Joe Pine, Port Crystal, PA 92832, USA",24-1715543,969-660-8187,Office Supplies
Ramos Inc,"04136 Gibson Light Suite 959, Lake David, DC 36062, USA",,967-371-9675,Facilities Management
Hughes-Adams,"996 April Neck Suite 391, Davidbury, MD 77058, USA",11-7920106,(094) 904-4474,Logistics
Miller LLC,"732 Richardson Dam, West Cynthia, NE 48926, USA",39-7928718,5461203846,Logistics
"THOMPSON, GREEN AND LEONARD","892 Patricia Springs, Port Matthew, IL 45019, USA",43-2759989,4256286078,Logistics
CASEY PLC,"751 Joanne Glens Apt. 749, New Mollymouth, AK 49561, USA",,(824) 055-4651,Professional Services
Chan Ltd,"95078 Sanchez Walk, Gabrielleshire, AK 05474, USA",,3432926205,Healthcare Supplies
Mack-Richardson,"628 Lawson Landing Suite 578, Port Tracey, IN 78396, USA",51-9544755,399-431-0951,Logistics
"Romero, Gill & Payne","095 White Ways, New Sean, ID 02089, USA",43-3041955,1898659846,Office Supplies
MCGUIRE-RICHARDS,"4390 Petersen Place, Timothyfort, ID 80963, USA",162176039,2024440731,Professional Services
Miller-Weaver,"12036 Browning Ridge, Lake Ralphview, DC 57328, USA",,166-647-1079,Office Supplies
White-Peterson,"08313 Denise Club Suite 183, North Mark, OK 06628, USA",22-4539647,(074) 166-4308,Facilities Management
PRATT & SONS,"67232 Reyes Sts, Valeriefort, DE 05499, USA",75-7448675,6060673778,Manufacturing
Lee and Sons,"9820 Allison Alley, East Philipmouth, MI 44744, USA",86-0102491,4753964163,IT Services
TURNER LTD,"65772 Cory Mills, Lake Richardville, AL 74513, USA",27-5913951,8176635215,Facilities Management
STEVENS-SCHAEFER,"739 Davis Rd Suite 032, Lake Timothy, MP 04450, USA",27-9275105,140-950-7151,Healthcare Supplies
"Bautitsa, Chandler and Welch","30477 Matthew Ramp, Jonesland, MN 84207, USA",236290703,9533841629,Construction
Hamilton PLC,"6603 Tara Ports, West Shellyhaven, IL 34980, USA",,349-363-5680,Logistics
"Jimenez, Gilbert & Ellison","7244 Jane Mountain, Thomasside, NM 98174, USA",92-8316966,430-964-7429,Manufacturing
Taylor PLC,"487 Cassandra Route, New Melinda, CT 55633, USA",459715348,289-084-5482,Office Supplies
Kim & Sons,"25812 Long Lodge, West Adrian, AS 14169, USA",392036942,(974) 476-5224,Logistics
"Morales, Yates and Bentley","9217 Jones Cove, West Gwendolyn, FL 82943, USA",38-2340033,8454705005,Logistics
Walsh & Sons,"2488 Paul Bridge Apt. 534, South Rodneystad, ME 53897, USA",64-8447868,(141) 191-0147,Healthcare Supplies
"Davidson, Becker & Miller","835 Campbell Station, Lake Corymouth, NJ 10132, USA",,277-156-8539,Facilities Management
"Davis, Hayes & Nelson","80308 Garrett Rds Apt. 641, Nguyenport, AZ 20758, USA",,9376452658,IT Services
Medina-Payne,"722 Rebekah Field Apt. 710, Port Rogerburgh, GA 27379, USA",37-3928805,976-621-5415,Logistics
Cantrell PLC,"0272 Marie Square, Melindaberg, TN 73718, USA",,635-834-9263,Logistics
"Wise, Walsh & Fernandez","559 Brian Divide Apt. 355, Stanleyberg, MH 68063, USA",345247378,3463891619,Manufacturing
"Smith, Garcia and Neal","36242 Oliver Springs, Kristenton, AL 18250, USA",511221078,5190672446,IT Services
"Mcmillan, Lamb & Kennedy","48774 Hughes Center Apt. 572, New Codyton, AZ 94363, USA",292157835,6347418042,Manufacturing
"Moore, Lee and Stewart","7336 Sarah Vista Suite 657, Jessicastad, DC 43998, USA",693634042,(868) 568-5066,Office Supplies
"Woods, Jackson and Morales","30002 Gomez Lodge Suite 533, Seanhaven, MI 18357, USA",341071485,9484470414,Healthcare Supplies
Miller PLC,"521 Hood Street Apt. 053, East Victoriatown, MN 42254, USA",713682070,7402845958,Healthcare Supplies
HendersonM-orris,"268 Jeremy Park, South Michelle, CT 68686, USA",22-8205773,3594123459,Manufacturing
Harris LLC,"245 Copeland Club, Port Patrickburgh, AS 92179, USA",29-2569534,(743) 514-9286,Professional Services
SIMPSON INC,"17402 Bradley Light, Port Crystalfort, MS 30964, USA",963651372,(443) 346-0263,Manufacturing
"Richardson, Ramirez and Page","870 Mark Ct, Jenniferland, KY 89369, USA",530489781,3517236850,Logistics
Douglas-Durham,"5234 William Camp, Robertbury, IN 44340, USA",93-0568802,(556) 385-9818,Construction
"HARRISON, SINGLETON AND STEVENSON","3591 Megan Stravenue, Port Brandon, MP 20684, USA",108556837,861-223-2861,Healthcare Supplies
"Davis, Frederick & Rogers","561 Bright Ferry, Patriciahaven, KY 53965, USA",70-5382875,764-089-7795,Construction
Jones-Hill,"70906 Paula Freeway, Brownfort, ID 16489, USA",894113665,(567) 261-7362,Professional Services
Carter PLC,"773 Hayley Fields Apt. 146, New Ernest, HI 21553, USA",598137488,833-813-8522,Healthcare Supplies
Steni Ltd,"46293 Dawn Mount Suite 153, Angelabury, IL 94306, USA",,8789591905,Professional Services
"PETERSEN, LONG AND BRYANT","529 Joseph Gateway Suite 650, Duncanberg, NH 87085, USA",26-1669421,025-254-1105,Manufacturing
"JENKINS, VALDEZ AND GOOD","6768 Kristi Port, Stephaniemouth, OK 53230, USA",540272920,(470) 336-4245,Manufacturing
Good adn Sons,"5432 Walters Hill, West Miranda, UT 87762, USA",350179421,(371) 524-3109,Healthcare Supplies
"Garrett, James & Campbell","307 Steve Common Apt. 101, West Yvonne, LA 69144, USA",45-9722166,0569421187,Manufacturing
"WILLIS, SMTIH AND RAMIREZ","07231 Lowery Extensions, West Ashleyborough, AK 93947, USA",914893975,(640) 412-1070,Office Supplies
COHEN-CLARK,"5031 Luna Passage, Dunnton, MS 54929, USA",892510222,0675141483,Construction
Singh Group,"3360 Emily Prairie, Port Charles, VI 77935, USA",550773824,1400998129,Facilities Management
"RODRIGUEZ, MOODY AND TAYLOR","874 Matthew Ramp, Cindystad, KS 83852, USA",164311845,(345) 026-6427,IT Services
"GILES, HAMILTON & LARSON","4811 Matthew Trafficway Apt. 927, Port Joseph, AK 96960, USA",86-4131026,677-798-3677,Construction
Smith Inc,"0893 Miller Square, East Julia, CT 47092, USA",199886596,7920823661,Manufacturing
"Gallegos, Bell and Cherry","4419 Hampton Vista Apt. 436, South Brandontown, UT 24101, USA",,(999) 076-1918,Logistics
"Hernandez, Allen and Knox","99097 Burns Pike Suite 166, New Andrewfurt, KS 41451, USA",18-0348617,4904394616,Manufacturing
Martinez and Sons,"726 Andrew Grove Apt. 260, New Debra, PR 54537, USA",,(559) 218-9568,IT Services
Campos Group,"0896 Christopher Lane Suite 589, Shawburgh, VT 41190, USA",95-9870518,2565829385,Office Supplies
"Braun, Manning & Reed","337 Kevin Overpass, Duanestad, AK 60513, USA",392010397,(438) 203-9500,Professional Services
"PATTERSON, GRIFFIN AND COOK","53576 Denise Lock, Clarkfurt, CA 35775, USA",180195016,247-415-1632,Professional Services
KIM-LFETCHER,"243 Turner Junctions Apt. 782, Maldonadofort, NJ 27104, USA",24-6148980,(061) 460-1741,Logistics
Parker-Villanueva,"92568 Rebecca Springs, Sarachester, MP 17069, USA",26-6870811,7838777654,Logistics
Walkre Group,"5137 Hopkins Ave, New Deborah, GA 55308, USA",27-6496293,5652936756,Facilities Management
Woo-dKing,"34989 Cassidy Lake Suite 536, Courtneyburgh, HI 90395, USA",600422869,094-705-4476,Healthcare Supplies
"Walter, Hale and Bishop","87692 Brown Walks, New Amber, MH 95225, USA",53-6489528,2871583443,Logistics
Morrow PLC,"385 Nelson Vista Apt. 402, Loriside, WV 01472, USA",67-5444604,468-869-8908,Healthcare Supplies
"Rose, Simpson and Brown","319 Raymond Mall, South Genefurt, RI 95446, USA",58-5242269,(889) 676-2182,Construction
MARSHALL-EBLTRAN,"47686 Williams Spur, Garciamouth, CO 84107, USA",59-7514616,4895792578,Construction
Miller-Davis,"0677 Hester Rest, Port Monica, IL 13240, USA",,6453833642,Construction
"Martinez, Arnold & Lopez","3545 Ballard Way, Port Randy, NJ 81251, USA",330876810,883-686-3644,Healthcare Supplies
"TURNER, WALTERS AND HARTMAN","016 Daniel Corner, Patriciaborough, WA 55073, USA",82-7120114,096-439-4534,Construction
"Campbell, Bridges & Mcclain","411 Mike Port Apt. 038, Lake Randyfurt, NM 58252, USA",13-3374137,095-218-5868,Office Supplies
Harris-Brown,"781 Jonathan Brooks Suite 140, Brianland, OH 13736, USA",20-1710492,361-700-0485,Facilities Management
Meyers-Gutierrez,"100 Caleb Station Apt. 301, Gibsonfurt, MA 48824, USA",166216779,(673) 238-3684,Professional Services
Allen-Campbell,"80749 Lee Flats, West Jessicastad, AL 81078, USA",240354421,428-168-3625,Professional Services
White-Johnson,"74105 Sabrina Keys Suite 981, Matthewland, OH 41393, USA",984412594,(955) 296-4352,Office Supplies
Cox-Gill,"53030 Juan Cirs Apt. 001, East Cameronchester, ME 40796, USA",72-5265416,(214) 377-8055,Construction
"Taylor, Anderson and Mendoza","26049 Ross Run Suite 998, Dominguezstad, MO 88562, USA",97-2680546,(964) 113-5076,Logistics
"Robbins, Taylor and Gallagher","3316 Ryan Lodge, Parkerport, PW 54675, USA",312332805,9707119895,Facilities Management
HILL INC,"9607 Nicholas Estate Apt. 148, Barneschester, NV 30893, USA",632711663,(725) 009-3219,Manufacturing
"Owens, Williamson & Avery","936 Randolph Expressway Suite 017, Rollinsfort, TN 69941, USA",395259429,(738) 801-1130,Construction
"Jones, Carlson and Raymond","92538 Jones Mills, Krystalfort, MS 11856, USA",,(765) 722-4588,Facilities Management
Thompson-Rangel,"598 Crystal Shores, Morahaven, AK 77771, USA",314166184,809-880-4093,Professional Services
Cummings-Kim,"5227 Guzman Dale Suite 732, Whiteberg, CT 41837, USA",777267364,532-501-6993,Manufacturing
Knox-Mendoza,"132 Shawn Fields, New Jenniferside, KS 52879, USA",615057244,5506369851,Facilities Management
Wallace-Garcia,"02958 Jessica Islands Apt. 833, South Craig, ME 41667, USA",29-3075824,351-356-3431,Manufacturing
Mccarty-Jacobs,"3354 Fuller Squares, Monicaborough, IA 84247, USA",44-2392183,(825) 417-6892,Professional Services
"Burch, Rodriguez and Walker","461 Garcia Views Apt. 543, South Evelyn, NJ 99111, USA",162911855,(367) 127-4706,Facilities Management
RICHMOND-BALLARD,"78940 Howell Mission, New Ronald, FL 07398, USA",66-8473595,418-629-3191,Healthcare Supplies
Williams-Morrison,"67545 Barnes Radial Apt. 941, Davidton, RI 46721, USA",27-1395839,636-038-5528,Logistics
"Russell, Fisher and Thompson","17165 Tammy Junctions Suite 539, Saraton, NE 87726, USA",38-6181187,989-582-9486,Manufacturing
Foster Ltd,"94072 Juan Valley Suite 150, Davidland, NM 07037, USA",480968571,8292209251,IT Services
"CLARK, JOHNSON AND WHITE","11474 Thompson Ports Apt. 555, East Timothy, ID 91494, USA",289086333,9049757456,Professional Services
WELLS L.L.C.,"5090 Diana Rd, Katieberg, NC 49824, USA",709511014,9395391067,IT Services
Lewis PLC,"6534 Michele Square, Barbarafurt, NC 81206, USA",70-4633564,(923) 858-5520,Professional Services
Cooper L.L.C.,"103 Adam Harbor, Lake Brettfort, DC 67111, USA",68-2101860,(102) 972-9575,Construction
TURNER PLC,"295 Zuniga Locks Apt. 192, Meganton, OR 96703, USA",140763261,944-147-5376,Logistics
George-Schroeder,"5115 Lawrence Dam Suite 687, West Moniquechester, KS 50033, USA",,(979) 508-0466,Professional Services
Duncan-Burton,"9535 Thomas Plaza, Pearsonmouth, CO 17507, USA",,0901817497,Professional Services
Collins-Cook,"093 Wood Mission, Jarvismouth, MP 76425, USA",961596686,6061694135,Healthcare Supplies
"Vance, Harper & Graham","276 Andrew Extension, West Lisa, TN 18524, USA",25-8604568,(094) 596-9157,IT Services
"Mayer, Clark & Davis","41707 Duane Parkway, Ingramchester, IA 32703, USA",665104817,(879) 081-3220,Healthcare Supplies
Hubbar-dJimenez,"313 Vasquez Harbor, West Austin, FM 08270, USA",856491925,(579) 251-7333,Office Supplies
Moran PLC,"1247 Henry Way, Mcintyreton, NV 39497, USA",79-7052007,1975370063,Healthcare Supplies
Larson PLC,"3352 Victoria Pines Suite 837, Michaelside, MH 23992, USA",28-7048690,6321894510,Healthcare Supplies
Lopez PLC,"197 Colleen Groves Apt. 932, Eddieborough, GU 82636, USA",50-6286844,(009) 173-1633,Construction
Davies LLC,"07699 Michael Via Apt. 119, Snydershire, MI 14491, USA",23-6739271,6650180054,IT Services
Mcgee PLC,"8163 Sara Coves Apt. 918, East Richard, PR 62705, USA",,251-129-8031,Office Supplies
"Dean, Gaines and Walker","0156 Young Port, Jacobland, CT 97776, USA",78-6815488,(542) 401-5043,Logistics
Carr-Mccormick,"088 Matthew Stravenue Suite 583, Greenview, SC 74142, USA",63-2774653,7597997425,IT Services
Weeks-Chen,"436 Laura Islands, Robertsonshire, NM 88567, USA",45-5589390,8507867253,Logistics
"Rodriguez, Moreno & Daniels","8945 Daniel Rapids Apt. 246, Jonesshire, RI 78280, USA",,275-237-1002,Healthcare Supplies
"ALI, RICHARDSON AND SALAZAR","51875 Brown Ford Apt. 093, Jonestown, CA 38316, USA",44-3080569,464-197-2941,IT Services
Lewis Grp,"069 Eric Stream Suite 011, Jonesborough, FM 04939, USA",783100341,3709718467,Logistics
ARNOLD GROUP,"3169 Seth Ridge, South Kyle, AR 11555, USA",98-2252644,0069774009,Healthcare Supplies
Brown-Palmer,"6618 Nicholas Alley, Kristinmouth, AZ 01349, USA",579565240,7001022212,Manufacturing
"Torres, Miller & Pratt","28225 Ashley Glens Apt. 958, Martinezmouth, FL 14728, USA",367942460,170-254-4965,Logistics
Stanton Ltd,"218 Ruth Village Suite 805, Mezamouth, AL 22865, USA",476326283,4242633523,Construction
"Ford, Flores and Gordon","32020 Davis Ford Apt. 031, Colemouth, KY 40769, USA",945056299,(822) 878-0739,Logistics
Morse LL..C.,"09666 Todd Mews Apt. 960, Port Jenna, PR 57407, USA",873538202,(499) 104-7164,Manufacturing
Baird L.L.C.,"335 Butler Valleys Apt. 289, Cabrerafort, TN 48812, USA",27-8604541,492-039-8013,Office Supplies
Howard Grp,"0916 Rachel Mission Suite 057, North Monica, MN 08936, USA",477131597,(098) 100-9443,Office Supplies
Taylor Group,"06569 Thomas Row, Fullerside, AL 83456, USA",208908082,826-326-7631,Facilities Management
Wright-Francis,"3987 Joshua Grove Apt. 642, North Laura, TN 34222, USA",94-6892378,614-383-8167,Professional Services
Holt-Johnson,"10014 Wilson Trace Suite 785, Nathanshire, WA 85554, USA",,057-986-6269,Manufacturing
Young LLC,"002 Rojas Flat, Michelleburgh, VI 84334, USA",,5637731252,Manufacturing
Tran PLC,"71359 Michael Square Apt. 054, West Ryan, VA 63927, USA",21-2447665,396-433-1612,Logistics
"Greene, Thomas & Dunn","427 Rivera Island Apt. 672, Lake Brittanystad, AZ 50810, USA",467013765,(699) 128-5685,IT Services
Pierce & Sons,"165 Davis Square, Port Scottbury, AS 81781, USA",88-5963005,(871) 484-5443,Logistics
"ROBINSON, CLAY & MARTINEZ","927 Ashley Parkways, New Mary, CT 80501, USA",563129902,8792165018,IT Services
Mclaughlin-Bryant,"80867 Curry Crossroad, Andersonland, MA 17369, USA",75-2102334,(893) 281-6651,Office Supplies
Harris-Harris,"9313 Taylor Underpass Suite 625, Christinafort, NE 86908, USA",26-8688902,511-825-6651,Manufacturing
CARLSON GROUP,"1548 Robert Place, Port Joannborough, LA 16424, USA",20-8724746,350-334-6074,Healthcare Supplies
Bradford-Johnson,"97118 Valerie Centers Apt. 340, West Jillian, NY 24510, USA",41-9331516,717-320-3106,Professional Services
Campbell-Graham,"84788 Moran Row Suite 888, Michaelhaven, SC 92846, USA",202988942,(795) 797-1149,Manufacturing
Lowery-Guzman,"1906 Lauren Route Suite 108, East Kathleen, TN 68231, USA",52-1875543,6686899842,Facilities Management
Powell-Jones,"315 Sarah Passage Apt. 489, Johnland, HI 07123, USA",55-9138405,(085) 904-0024,Logistics
"Hayes, Lewis and Moran","73313 Roth Drive, Bryanmouth, DE 67685, USA",416270056,976-217-7942,Facilities Management
"Thompson, Johnson and Garcia","4821 Barry Neck, Traceyfort, TX 74875, USA",,631-324-0496,Logistics
"Duncan, Lee and Benson","6707 Aaron Extension, Raychester, WI 21580, USA",28-3429671,(445) 278-4300,Construction
"Gardner, Mason & Fischer","6594 Donna Walk Suite 849, Terryborough, UT 23886, USA",,(039) 226-8687,Facilities Management
"Cohen, Ruiz & Watson","545 Thornton Lights Suite 309, West Julie, MT 38232, USA",224026766,308-132-2257,Construction
Green & Sons,"6435 Ashley Villages, Mitchellmouth, IN 13351, USA",,4926622477,Office Supplies
HARRIS PLC,"807 Bruce Divide, Lesliehaven, TX 99839, USA",605672755,641-793-9969,Facilities Management
"Sanchez, Marks and Harrington","338 Jennifer Pine, Fuentesside, NY 28059, USA",809786356,8689825817,Construction
"Harrell, Hamilton and Ryan","2235 Travis Views Apt. 787, Lake Crystal, DC 15444, USA",,(998) 068-4960,Office Supplies
Noble L.L.C.,"950 Ford Stravenue, South Elaine, NE 24762, USA",298514700,810-767-7786,Healthcare Supplies
"Joseph, Haynes and Olson","059 Baker Meadows, East Antonio, IL 91222, USA",50-9573649,7406242610,Healthcare Supplies
Adkins-Cooper,"4345 Victoria Ville Suite 996, Lake Bryanfort, VA 75719, USA",572167680,(977) 222-2646,Facilities Management
"Bennett, Wheeler & Smith","120 Peterson Ave Apt. 069, West Michaelstad, OK 29211, USA",99-8806471,(922) 445-5652,Construction
Mratinez,"1399 Rios Mission Suite 993, North John, CO 42028, USA",70-5855162,6959070569,Manufacturing
Small-Trujillo,"89302 Brown Divide Apt. 850, Patrickton, OH 25376, USA",19-2027526,1912604858,Healthcare Supplies
Nguyen-Austin,"440 Amy Village, Gomezport, NH 09595, USA",967776836,927-054-8748,Office Supplies
Rogers Group,"00560 Nelson Lock, West Alexville, DC 88684, USA",91-2239392,(350) 665-6605,Professional Services
"Martinez, Taylor and Henderson","1424 Gary Cts Apt. 902, Wongberg, IA 64065, USA",,738-133-0983,Office Supplies
WOOD-MARTIN,"034 Robinson Flat Apt. 874, Port Michael, MD 53376, USA",675004218,(866) 805-8000,Facilities Management
"Potter, Horton & Becker","87474 Michelle Fields Suite 296, Lake Tonychester, MA 58079, USA",22-9151674,799-061-8344,Facilities Management
Martinez-Hunter,"5519 Keith Land Apt. 863, Amytown, CA 56327, USA",28-5627380,1706491445,IT Services
Vasquez,"15691 Graham Spring, South Gailport, CA 46468, USA",,733-768-4091,Professional Services
Jones-Henry,"90719 Olson Cove, Rebeccaville, ME 76899, USA",,(514) 955-8387,Manufacturing
Young Ltd,"0451 William Villages, Hallton, AK 23746, USA",83-3500385,(763) 272-2373,Office Supplies
Bridges-Davis,"964 Robert Rds Suite 009, Mooreview, FM 01952, USA",99-5616775,514-316-4119,Construction
Bentley Group,"471 Alvarez Islands, Snowtown, ND 06585, USA",396568375,103-022-1239,Facilities Management
Rodriguez-Davis,"832 Eric Knoll Suite 142, South Lori, SC 17941, USA",11-3275526,621-445-3715,Office Supplies
Adams Inc,"8778 Katie Common Apt. 591, East Roberto, ME 24906, USA",22-0816186,326-355-4690,Office Supplies
Love Ltd,"05719 Wright Flats, West Kellymouth, DC 60016, USA",26-0677223,876-260-2356,IT Services
Archer PLC,"99986 Carol Landing, South Heatherchester, NM 75078, USA",70-8375597,6999938191,Logistics
Hinton PLC,"42314 Hammond Expressway Apt. 258, Williamsberg, SD 01142, USA",,981-804-0999,Construction
Martinez-Maynard,"0508 Smith Common, Lake Joseph, SC 36251, USA",51-1289794,2963641226,Facilities Management
TAYLOR-HOLT,"924 Lewis Stream, Smithport, DC 33728, USA",71-4205272,0817442539,Facilities Management
Davidson-Gonzalez,"7136 Barnes Squares Apt. 514, Garyhaven, WV 84244, USA",45-5939049,(232) 534-8529,Professional Services
Whitney-Shaw,"5016 Donald Rds, East Debrashire, DE 33621, USA",388390253,1052696364,Healthcare Supplies
"Garrett, Moyer & Little","129 Tina Camp Suite 223, Port Jamiestad, WA 73042, USA",344767409,(233) 989-5111,IT Services
"Duran, Harvey and Crawford","87927 Price Mill Apt. 360, Ianshire, WI 50726, USA",,651-444-8657,Facilities Management
Hudson Ltd,"84416 Emily Ramp, Lake Suzanne, AS 23946, USA",74-9591392,408-851-6323,Logistics
Gonzalez Inc,"4103 Jenkins Estate Apt. 659, Davidmouth, DC 47703, USA",,8385163578,Facilities Management
JENKINS,"8471 George River Apt. 102, West Adriennemouth, TX 16331, USA",32-6978821,1858110146,Office Supplies
Lee Ltd,"59682 Connor Groves Apt. 812, West Roy, AS 11193, USA",895583423,(676) 602-7168,Facilities Management
Fox-Cross,"45004 Christine Corners, East Crystalborough, AK 58604, USA",,(661) 706-1668,IT Services
"Pham, Henedrson and Colon","72185 Megan Passage Suite 047, Port Michellestad, UT 60348, USA",,126-565-6416,Manufacturing
Price-Ellis,"1112 Sharon Brook Apt. 805, Port Michael, NE 64796, USA",286549068,(926) 255-2576,Professional Services
"Smith, Flowers and Cole","90959 Douglas Mountain Apt. 463, Jacobsland, WI 78473, USA",,(918) 386-4883,Manufacturing
Ortiz Group,"3677 Stanley Station, Floreschester, VT 89772, USA",,(942) 691-5489,Manufacturing
"Stephens, Mliler & Fields","245 Laura Terrace, Johnsonton, WY 70391, USA",486949792,7550562448,Professional Services
"Newton, Lindsey & Reese","8950 Jeremiah Ports Apt. 938, Brownview, MP 94256, USA",,1420134984,Healthcare Supplies
"MERCER, BURGESS & GARDNER","0462 Wells Mews, Port Michael, NV 99143, USA",98-4233149,236-273-3089,Facilities Management
Fernandez-White,"053 Johnson Summit, Lake Timothy, MO 92567, USA",35-9779054,(072) 032-4893,Healthcare Supplies
Perez Group,"6779 Walls Loaf Suite 324, Port Kellyport, FL 55363, USA",,8988077574,Facilities Management
Rodriguez-Pierce,"634 Joshua Points Suite 774, Everettborough, OR 58929, USA",73-0157871,1031887277,Healthcare Supplies
Schmitt-Golden,"4205 Elizabeth Ville Suite 784, Thompsonland, MO 27926, USA",,465-186-5153,IT Services
Stephenson Inc,"18366 Hanson Gateway, Brianatown, NC 36092, USA",515071728,(698) 732-9758,Manufacturing
SIMMONS-WELLS,"0244 Sweeney Pine, Michaelside, RI 95694, USA",274920492,0906609478,Professional Services
Jennings and Sons,"21512 Miller Lights, Antonioport, MP 14679, USA",82-7669728,(652) 370-0877,Professional Services
Jones-Brown,"22607 Justin Well, Hicksport, IA 21572, USA",38-8926290,6748464310,Office Supplies
"Suarez, Hernandez and Cisneros","898 Jill Extension Apt. 078, West Danielmouth, NH 03219, USA",93-7844678,(670) 779-2445,Manufacturing
"Petersen, Harrison & Valdez","13156 Clark Spring Apt. 242, Brockmouth, PA 95555, USA",60-9057994,6394684583,IT Services
"Carney, Allen and Gutierrez","502 Pamela Wall, New Thomaston, AL 05755, USA",,(822) 205-3220,Construction
CONWAY AND SONS,"6506 Murray Meadow, East Stevenborough, DE 56169, USA",,035-024-5063,Construction
"Ford, Conley & Brown","41694 Reynolds Hills Suite 866, Sandersview, MT 80982, USA",555059083,142-840-0001,Office Supplies
SULLIVAN-MURRAY,"1000 Paige Rapid Apt. 186, Lake Jessica, NM 80243, USA",37-0581558,3933489140,Professional Services
WALLER-MAY,"15558 Deborah Parkway Suite 575, Murphyborough, DE 67212, USA",601113183,3823708444,Construction
"HARPER, PADILLA AND BRADY","041 Jensen Loaf Apt. 956, Shieldsville, CO 97103, USA",107889398,(828) 921-0758,Healthcare Supplies
Keller-Lindsey,"2206 Matthew Junctions Apt. 003, Amandaside, WI 60796, USA",420486085,5634491088,Logistics
ROBERTS PLC,"92727 Hunter Fords, Brandonshire, MP 90362, USA",617262695,(328) 181-6717,Logistics
"Davis, Smith and Mitchell","73617 Flores Throughway, Danielland, NY 36151, USA",461081823,(800) 000-1330,Construction
Ramos-Ashley,"6738 Benjamin Mountain Suite 068, East Diana, IA 62754, USA",30-2250101,339-347-4126,IT Services
"PORTER, CABRERA AND COLE","85460 Moore Mount Apt. 213, North Danielle, NY 58017, USA",65-5439758,8928802295,Professional Services
Alvarez Inc,"21318 Johnson Bypass, West Paul, VI 83599, USA",87-4471936,(173) 417-4146,Manufacturing
Hicks-Cook,"4435 Rachel Island, North Toniland, MT 48459, USA",,364-706-6967,Construction
PATTERSON & SONS,"392 Cox Mall, Duncanfort, NV 52927, USA",468472812,196-079-1172,Professional Services
YoungL td,"133 Clark Landing Apt. 562, Ballport, MI 91996, USA",,040-941-4771,Facilities Management
"Brooks, Ray and Matthews","89775 Snyder Stravenue Apt. 570, Hendersonstad, WY 93983, USA",415448230,0162204377,Logistics
Salazar-Mitchell,"48492 Wilson Extensions Apt. 056, Lake Brett, OH 06670, USA",60-5497119,(820) 780-9882,IT Services
Harper-Middleton,"7998 Mason Ridge, Sarahburgh, NE 04950, USA",87-8663220,322-408-0770,IT Services
"Dalton,B utler & Reyes","99974 Hull Cove, Rodriguezshire, MH 08685, USA",,364-873-7259,Logistics
"Kane, Crawford and Williams","103 Lopez Locks, West Claire, DE 82488, USA",33-9796534,(723) 405-1558,Construction
"Brewer, Hamilton & Wright","438 Brown Creek, West Kevinville, DE 91836, USA",55-1478978,(889) 594-9192,Healthcare Supplies
Jensen-Williams,"100 Willis Locks, New Amandaborough, ID 25492, USA",59-7959181,(167) 926-6403,Logistics
Griffin Inc,"990 Ramirez Path Apt. 067, North Barbaramouth, RI 49763, USA",,(510) 592-0865,Manufacturing
"PORTE,R RILEY AND GOMEZ","839 Christopher Lakes Suite 654, West Samantha, NY 14394, USA",,2688810786,Logistics
Martinez-Price,"004 Linda Key Suite 657, East Matthewport, VI 46384, USA",63-7383490,8479519614,Logistics
Braun Group,"6239 Michael Manor, North Stevenmouth, HI 55113, USA",543570539,5581326135,Manufacturing
Pace-Brayn,"82332 Brett Islands, North Joshua, VI 95251, USA",261897130,(674) 071-8533,IT Services
PETERSON LLC,"6287 Lee Coves, Amybury, IA 50137, USA",31-5066828,4921529645,Healthcare Supplies
WASHINGTON LTD,"34574 Crystal Mills, Oscarburgh, IL 01263, USA",,022-422-3716,IT Services
Oliver PLC,"2607 Jeffrey Turnpike, West Jimmyside, DC 58261, USA",393698307,646-123-9554,Professional Services
"BRADSHAW, WALSH & THOMAS","913 Thompson Branch Suite 773, New Sydneymouth, OH 03960, USA",91-7325063,3993468620,IT Services
"SINGLETON, ADAMS & MORRISON","01446 John Green Suite 545, North Davidberg, DC 10121, USA",,9884813120,Office Supplies
"Sanchez, Spencer and Meyer","92220 Jennifer Inlet, Port Vincentchester, PW 78111, USA",780202067,(706) 838-2826,Office Supplies
Garcia-Scott,"3707 Tyler Green, North Brandon, TN 84031, USA",88-4539206,(502) 940-7993,Healthcare Supplies
Wells-Hoffman,"48591 Barton Burg, Michelleburgh, FM 39286, USA",11-5115189,(878) 404-1471,Healthcare Supplies
Norman Ltd,"9141 Pena Valleys Apt. 842, Suarezfurt, NM 60364, USA",11-9237294,(416) 537-4667,Manufacturing
Wilcox-Harris,"64361 Cody Lodge Suite 952, Chadfort, DE 56898, USA",77-2899961,(874) 782-5634,Professional Services
"Harris, Nguyen & Smith","28831 Duncan Trail, West Chaseland, CO 97694, USA",342950952,2017474815,Healthcare Supplies
"Gonzales, Ward & Preston","038 Price Walks, East Angelaview, AL 20638, USA",640453426,(783) 626-8494,Construction
Herrera-Fisher,"824 Edwards Island Apt. 092, East Stephanie, DE 17249, USA",98-4595578,881-690-3583,Manufacturing
Love and Sons,"72344 Joseph Trafficway, Atkinsonhaven, IL 73402, USA",420192227,(814) 899-4822,Construction
"Sosa, Martinez & Shaw","6199 Miller Pass Apt. 863, North John, IN 58971, USA",,(521) 455-4472,Healthcare Supplies
Johnson-Williams,"997 Barton Expressway Apt. 597, North Jeffery, KS 68017, USA",56-5644493,5083743200,IT Services
"SMITH, WONG AND PIERCE","773 Francis Light, Hodgeshaven, MI 76727, USA",468006578,(877) 157-3335,Facilities Management
Weaver-Suarez,"24275 Wilson Mission Apt. 720, South Melissatown, CA 15225, USA",27-7042316,(755) 567-7473,Office Supplies
Trujillo-Martinez,"503 Brian Ville Apt. 803, Josephville, GU 33175, USA",34-0863230,(731) 295-0488,IT Services
Rivas-Hoffman,"38169 Robin Throughway, Amyfort, AZ 61802, USA",73-3177858,(698) 644-4911,IT Services
Miller-Rodriguez,"272 Cook Mount Apt. 018, New Troymouth, NY 40009, USA",232244172,(230) 227-2752,Healthcare Supplies
Russell-Gomez,"5740 Sparks Fort Suite 869, Davisport, WV 53001, USA",50-2859804,292-917-7360,Construction
Avila PLC,"110 Anthony Vista, Fernandezville, MP 68450, USA",928123020,2637419870,Manufacturing
Lopez Inc,"339 Eugene Well, Deborahstad, KS 86983, USA",737721108,5447278792,Manufacturing
Robles-Velasquez,"74066 Cole Trail Suite 206, East Thomasside, VI 22167, USA",,3761825930,Logistics
HART INC,"124 Rocha Locks, Jordanmouth, NY 27531, USA",54-7509357,(031) 729-4099,Facilities Management
Bell-Lewis,"848 Kevin Shoal Apt. 967, New Kellymouth, CA 82243, USA",,208-496-5385,Logistics
Mercado & Sons,"54495 Garrett Gateway Apt. 795, West John, NE 62028, USA",609379184,7239677839,IT Services
Flores-iMller,"066 Richard Orchard, Alexandershire, MP 05541, USA",32-0648482,(737) 229-1764,Manufacturing
"Morales, Fletcher & Taylor","1174 Lopez Rd, New Jill, MI 71133, USA",,4607043517,Logistics
VELASQUEZ-GALLOWAY,"6998 Amber View, Davidshire, FL 03976, USA",649309976,0854631646,Logistics
CANTRELL-MORALES,"323 Cook Square Apt. 883, East Desiree, KS 76712, USA",40-3554082,3254859282,Logistics
Everett Group,"5347 Moon Trafficway Apt. 090, East Meganland, AL 05645, USA",94-2629710,(032) 666-1780,Logistics
"Baird, Moore and Olson","6162 Taylor Terrace Apt. 380, Port Elizabethfort, FM 89912, USA",75-3910715,(017) 744-6083,Professional Services
"Kent, Baker & Wilson","78312 Jeffrey Walks Suite 349, Bennettville, MP 64729, USA",93-5327024,(410) 375-1416,Construction
"Oconnor, Ortiz and Cruz","97327 Johnson Valleys, Heatherchester, IL 47666, USA",,5501219914,Professional Services
"ESPINOZA, BAILEY & MORRIS","530 Kim Loaf Suite 497, West Latashaport, KS 47795, USA",48-4315640,(991) 452-1020,Office Supplies
King-Black,"35838 Miller Wells Suite 204, Webbton, ME 68797, USA",323009714,3076273255,Facilities Management
Skinner-Mercado,"92775 Christopher Fords Apt. 526, Collinsview, DC 25014, USA",21-8574293,2166095238,Facilities Management
Lync-hCole,"03577 Dean Crest Apt. 404, New Patrick, IL 49655, USA",260142678,(231) 755-3373,Logistics
BLACKBURN PLC,"8761 Steve Burg, Randyville, VT 46001, USA",876920515,551-074-9818,Logistics
"Hughes, Beasley & Gibson","198 Nichols Vista, West Andrew, MD 39941, USA",15-3773200,4593181312,Logistics
West and Sons,"4519 Richard Overpass Suite 210, North Robert, VA 36766, USA",48-6777550,437-108-4257,Healthcare Supplies
"HERNANDEZ, STANLEY & CAMPBELL","38738 Watson Trafficway, West Mary, WY 07622, USA",11-0385578,215-638-3666,IT Services
"Burke, Henderson & Rivera","822 Meghan Ranch Suite 760, Ashleymouth, MT 97437, USA",88-7125715,561-249-8334,Logistics
Collins Group,"389 Nathan Expressway Apt. 493, Sosamouth, SC 85973, USA",,(290) 831-1686,Healthcare Supplies
"Baker, Mckenzie & Osborne","687 David Mount Apt. 811, Williamsonview, MP 15527, USA",29-6354549,8269718701,Logistics
Cook Group,"361 John Path Suite 057, Port Ryanhaven, KY 65708, USA",95-8885115,5487009646,Office Supplies
MORRIS-BEARD,"4612 John Loop, Kevinfurt, MD 57399, USA",847506709,636-363-8139,Manufacturing
"Cain, Garner & Singh","590 Guy Curve Apt. 920, East Jasontown, WA 37962, USA",54-6706352,(574) 085-0749,Facilities Management
Shcaefer Inc,"282 Morgan Loop, Goodmanbury, ND 19870, USA",961425250,(683) 138-0033,Facilities Management
Rivas Grp,"361 Ball Cir Suite 761, Nicolechester, CO 88269, USA",29-4627041,(581) 811-0699,Office Supplies
Valdez Ltd,"7830 Colleen Trace Suite 410, West Kathleen, KY 33317, USA",,2537424941,Manufacturing
"Rivera, Baker & Goodman","39283 Brian Circles, Scottland, PA 12784, USA",83-4937767,0439792341,IT Services
"MARTIN, OCMBS & KEMP","88004 David View Suite 469, West Meganhaven, ME 84808, USA",57-3185010,(951) 704-2047,Manufacturing
"Kirby, Miels and Kelley","158 Young Alley, Martinezberg, MN 70674, USA",81-9239897,(099) 491-9437,Healthcare Supplies
Lewis & Sons,"865 Powell Plaza, Mikaylaton, PR 20991, USA",,(208) 053-8479,Logistics
Cole LLC,"24651 Felicia Wells, West Ryanburgh, AZ 15487, USA",,4079834007,Professional Services
Solis Ltd,"010 Kimberly Walk Suite 349, Harrisville, MN 47608, USA",61-7468048,(339) 753-1752,Healthcare Supplies
Garcia-Lopez,"0002 Berry Park, Melissaland, ND 30381, USA",812653878,(500) 228-7408,Office Supplies
Watson-Newman,"35180 Linda Inlet Apt. 149, Port Amanda, NY 39423, USA",259616499,163-447-7927,Manufacturing
Gonzalez and Sons,"70494 Nancy Dam, Rasmussenport, AK 21469, USA",,655-859-2458,Professional Services
Young Ltd,"08185 Le Stream, Port Markland, KS 31387, USA",455295629,(882) 737-4909,Construction
"Page, Camacho & Parrish","54262 Gibson Common, South Jessica, AR 12273, USA",194510603,3619166732,Facilities Management
Sanchez-Ortiz,"3007 Jared Forge, South Vincentborough, TN 82720, USA",22-7460504,563-921-1878,Facilities Management
Harmon & Sons,"987 Robinson Streets Apt. 059, Lewisport, WI 54492, USA",90-0194244,(850) 094-7947,Manufacturing
"Hines, Vargas & Richards","166 Rebecca Squares Apt. 879, New Phillip, FM 50738, USA",21-0212429,367-763-9663,Office Supplies
ALVAREZ GROUP,"75504 Debra Harbor, Lake Jameshaven, IN 66103, USA",542745150,901-175-2820,Manufacturing
MillerH-orton,"75866 Haney Vista Suite 570, Rebeccaside, AS 69959, USA",,3392384099,Logistics
"Anderson, Adams and Baxter","96794 Rodriguez Rapids Apt. 668, South Jesseville, VA 06532, USA",645823493,(017) 977-6600,Professional Services
JACKSON LLC,"411 Ashley Lodge, Joseburgh, MA 91535, USA",,(517) 656-9836,Healthcare Supplies
"Case, Johnson & Greene","2897 Rhodes Overpass, North Tanya, TN 95697, USA",98-6170931,(314) 306-1432,Manufacturing
"Valentine, Pugh and Ray","0990 Harper Stream Apt. 892, Port Megan, CA 08348, USA",976805431,(449) 071-1364,Professional Services
"Huber, Brown & Horne","580 Carol Divide Suite 790, Jamesside, WA 65980, USA",58-7972689,(518) 953-4297,Healthcare Supplies
"Brooks, Horton & Benson","8781 Kenneth Expressway, North Rachelmouth, SD 37550, USA",86-9505738,6757325141,Healthcare Supplies
Jones-Hickman,"43219 Armstrong Drs, Tinafurt, DE 61115, USA",868706268,4035300568,Facilities Management
Foley and Sons,"40697 Baker Forks Apt. 630, Port Kristinemouth, AR 72783, USA",22-2431652,(922) 983-0922,Logistics
Clark Group,"5038 Bonilla Parks, New Kenneth, AZ 54261, USA",915313588,2873451295,Professional Services
"Alexander, Sutton and Thomas","8679 David Well Apt. 278, Gonzalezport, ND 58323, USA",102358958,656-128-0695,Healthcare Supplies
Andrade Inc,"953 Raymond Creek, Patrickfurt, NJ 94493, USA",481327572,8597134112,Construction
Welch Ltd,"42385 Jon River, Floresstad, LA 47091, USA",68-8078280,0855488598,Healthcare Supplies
"Anderson, Daugherty & Fox","07773 Amanda Parkway, West Jerryburgh, OR 29390, USA",149153870,336-770-5297,IT Services
Gomez PLC,"27913 Nathaniel Gateway Apt. 588, Kayleetown, ME 99841, USA",,1627422121,IT Services
Le-eSnyder,"0324 Justin Brooks, East Charlesside, MA 56173, USA",214849044,(343) 614-5501,Construction
"Smith, Warren and Potts","46187 Kristen Squares, South Heidi, IN 81954, USA",301373196,2467831464,Logistics
Marshall-Webb,"9620 Elizabeth Fields, Martineztown, MO 49151, USA",63-5613177,3813789562,Manufacturing
PHILLIPS-PEREZ,"90458 Robinson Plaza, Marystad, DC 38527, USA",669474377,050-045-1066,Manufacturing
"Meyers, Martin and Ryan","149 Barr Mews, Port Jenniferside, DE 48452, USA",728268579,483-611-5383,Facilities Management
"SIMMONS, TYLER AND RICHARDS","2174 Delgado Island Suite 386, Margaretbury, UT 73566, USA",88-4362665,068-414-5795,IT Services
"BURNETT, GRIFFTIH & NORTON","156 Ln Ranch, Dayhaven, CO 45559, USA",21-1190223,(613) 023-2763,Office Supplies
Long Ltd,"739 Long Mountain Suite 596, Tracifort, CT 70390, USA",806008664,1753409619,Healthcare Supplies
"Alexander, Mccoy & Cooper","5634 Brown Causeway, North Austin, CT 50682, USA",641284117,2696967278,Office Supplies
"Huffman, Rogers & White","00659 Lucas Inlet, West Josephton, CO 67033, USA",468141835,034-206-8721,Construction
"Paul, Chen & Davis","8136 Park Expressway Apt. 086, Lake Anthonyville, IA 03242, USA",,(509) 639-9478,Office Supplies
Nelson Ltd,"7291 Alec Curve, North Susanstad, OR 08551, USA",864369269,5273118765,Professional Services
LIVINGSTON-LOPEZ,"86503 Martinez Ct, Lindashire, PA 82867, USA",31-5703009,222-492-4440,Professional Services
"Ross, House and Stein","222 Nancy Overpass Suite 486, New Jacobside, GA 46176, USA",77-0194841,(591) 432-1172,Construction
JORDAN PLC,"257 Travis Ferry Suite 929, Lake Josechester, WA 76010, USA",82-1955780,(981) 172-1370,IT Services
"Jordan, Jones and Burns","727 Edward St Suite 102, Martintown, ND 27564, USA",,0832091431,IT Services
Turner and Sons,"680 Alexis Orchard Suite 964, Lake Steven, NH 97118, USA",86-2735437,097-852-5399,Logistics
"Ochoa, Wallace and Barajas","8531 Guzman Rds Suite 460, Beckermouth, KS 65960, USA",70-3743777,(775) 388-1768,Facilities Management
"Mendez, Snyder and Chen","1964 John Burg Suite 619, North Timothyview, WY 68343, USA",82-3963430,4252467193,Construction
Hill PLC,"5169 Arnold Turnpike, Lake Sarah, AS 62572, USA",,(720) 439-7188,Logistics
"NELSON ,MARSHALL & RODRIGUEZ","965 Campbell Knoll Suite 392, Andrewborough, KY 64325, USA",12-7135757,6964544066,Office Supplies
"Vargas, Evans & Peterson","369 Adam Road, North Coreyside, NM 23419, USA",25-6043375,(139) 830-2005,Manufacturing
"Lucas, West and Mckenize","616 Charles View, Jonesville, FM 32470, USA",819679947,6406958051,Manufacturing
Jimenez PLC,"18289 John Via, Charlesberg, NH 11757, USA",,(905) 814-7960,IT Services
Young-Yu,"4622 Erin Station Suite 766, North Cherylport, WY 76150, USA",,0912619358,Manufacturing
Garcia-Davis,"400 Mckay Rapids Suite 560, Paulstad, KY 88362, USA",48-5132332,(495) 697-7556,Facilities Management
Martin,"15229 Nicole Burg, West Anthonychester, GA 78302, USA",210037068,(420) 121-7220,Professional Services
Walker-Thompson,"241 Ford Stream, Clarkville, TN 94249, USA",89-7159606,(372) 307-3571,Office Supplies
PRICE INC,"4978 Clark Way Suite 258, Mirandamouth, MD 83784, USA",,995-154-1436,Construction
"Shaw, Brown and Tran","350 Davis Pine Apt. 440, South Michael, KS 83661, USA",,(701) 429-5033,Healthcare Supplies
"Brandt, Williams & Daniels","80077 Michele Spurs Suite 870, Atkinschester, NY 87113, USA",31-8063243,843-316-5098,Facilities Management
Cabrera-Mathews,"8015 Elizabeth Land, Ashleyberg, VI 02822, USA",780525215,032-302-0192,Healthcare Supplies
Simpson-Gill,"1108 Brian Fall, Englishville, ID 42656, USA",933381221,(974) 895-6425,Professional Services
Morgan-Lewis,"9105 Scott Knolls Suite 563, South James, KS 25600, USA",415870923,488-919-0000,Facilities Management
ThompsonM-cintyre,"77606 Ewing Dale, Elizabethstad, WV 62217, USA",,874-411-2848,Logistics
Davis Ltd,"4219 Brown Streets, Tonifort, OH 95350, USA",300764570,(913) 671-6168,IT Services
"Barnett, Gordon and Curry","263 Shannon Ranch, Christopherstad, SD 45610, USA",88-9285590,0973330987,Logistics
"Martinez, Garcia and Smith","21815 Pace Place Apt. 236, Cruzhaven, TN 72939, USA",560106760,(232) 351-1395,Construction
Thompson Ltd,"457 Jason Mountains Suite 810, Port Desireeburgh, KY 62081, USA",697643222,0730814142,Construction
Rogers-Chambers,"2864 Charles Forge, Brownville, NJ 12696, USA",72-7050254,(472) 229-4531,Construction
"LEON, SIMMONS AND RODGERS","11870 Stone Club, Sethview, UT 77119, USA",60-0719456,(167) 165-6709,IT Services
"Davidson, Miller and Gregory","734 Anita Islands Apt. 496, Chavezmouth, TN 13625, USA",44-6421355,(695) 402-3134,Manufacturing
Williams PLC,"7604 Audrey Well, Lake Robin, FL 74327, USA",626725060,2259537621,Healthcare Supplies
Thomas-Jackson,"97970 Alvarez Wall, West Elizabethport, TX 23161, USA",29-7427943,443-102-9932,Logistics
Sanders-Singh,"692 Gross Course, Hoffmanfort, HI 96333, USA",33-7509631,020-631-4109,Professional Services
Scott-White,"405 Garrison Squares Suite 429, Mcgeefort, HI 36818, USA",812249975,7273188970,Healthcare Supplies
Boyer Group,"9290 Brown Path Apt. 942, Wilsonbury, VA 35234, USA",415223070,(247) 064-9222,Professional Services
"Wallace, Cervantes and Davis","04895 Joseph Grove Apt. 456, Rickyfurt, IL 79605, USA",,(718) 012-0633,Facilities Management
Kelly-Lane,"497 Kline Mount Suite 646, Crawfordfurt, NV 33999, USA",702728525,9134816940,Manufacturing
Duran PLC,"5146 Marcus Shores, New Rebeccafort, MT 46825, USA",578531560,3979005783,Professional Services
DAVIS-DANIELS,"0950 Yolanda Groves Suite 136, Benjaminport, HI 95928, USA",789626099,208-595-0312,Professional Services
"Huff, Ward and Lozano","959 Robin Cliff Suite 166, Marcusborough, MS 06539, USA",,1811703280,Healthcare Supplies
Gray Inc,"70215 Amy Track Suite 503, Markshire, PA 52572, USA",,7313121312,Construction
Scott tLd,"6291 Sandra Valley Suite 215, New Joshua, VI 34300, USA",680075399,060-146-1205,Construction
Hughes-Nichols,"4838 Hansen Walks Suite 123, Katrinafort, RI 00780, USA",,507-309-0729,Facilities Management
"Chambers, Edwards and Good","6673 Roberta Forest, Goodmanhaven, MO 32881, USA",62-2702576,3897547011,Manufacturing
Rocha-Cruz,"35782 Joseph Summit, Sarahbury, FM 43113, USA",44-3933202,0688439393,Logistics
"Price, Myers and Thomas","82391 Brenda Mountains Suite 454, Roberttown, VI 25680, USA",203032434,186-865-9279,IT Services
"Baker, Quinn & Cisneros","804 Nguyen Course, New Michelle, PA 74611, USA",32-6324885,(512) 174-4756,Professional Services
"Gonzales, Buchanan and White","8554 Eric Camp Suite 487, Port Kristen, WY 76237, USA",32-0739381,(129) 896-7335,Office Supplies
"Young, Johnson & Welch","30017 Charlene Wall, Tammystad, FM 63021, USA",,6329516621,Logistics
Powers-Schwartz,"5009 Williams Grove Suite 071, Lake Luke, AS 38234, USA",869731458,611-555-2402,Healthcare Supplies
"Morton, Acotsa & Brown","113 Patricia Run Apt. 953, North Kaylamouth, SC 90595, USA",140680121,1522345089,Logistics
Mcphreson Ltd,"511 Ashley Lake, South Michael, WV 69358, USA",77-6690635,2165514620,Office Supplies
Patel PLC,"641 Allen Mills Apt. 228, Markchester, WY 76451, USA",564957091,314-935-4881,Healthcare Supplies
King,"776 Mendoza Gateway, Port Nathaniel, KY 77514, USA",67-4274037,6607028737,Manufacturing
"Keith, Perez and Cameron","362 May Lock Apt. 539, North Matthew, WY 11023, USA",40-2277050,876-240-4661,Facilities Management
JOHNSON LTD,"581 Davis Ridge, Lake Eddie, UT 71537, USA",50-9539711,653-661-4501,Office Supplies
Vega Inc,"289 Guzman Square, Staceybury, NH 97837, USA",608940398,7564108945,IT Services
Mendoza LLC,"037 Baker Hills Apt. 330, Jessicastad, FL 94098, USA",672806655,(255) 494-2285,Professional Services
"OLIVER, HUNT & NEWTON","52211 Dale Prairie, New Andreaton, NY 63686, USA",95-5525741,(993) 330-9138,Construction
"MILLER, NEWMAN AND HART","20828 Sandoval Shore Apt. 814, East Kathy, SD 68567, USA",78-0801356,628-358-8058,IT Services
Ray Grp,"2248 Christopher Mountain Suite 898, Port Richard, SD 88729, USA",,9159658668,IT Services
"Coleman ,Brooks & Contreras","957 Brandon Cape, Wilsonview, VI 02359, USA",105400747,2235960658,Office Supplies
Thompson-Beasley,"94436 Laurie Groves Suite 861, South Justinmouth, WA 41948, USA",67-6762622,7682636900,Logistics
Gillespie Inc,"857 Robertson Plaza Suite 620, Maryberg, AK 98765, USA",327350811,118-668-2726,Office Supplies
"Turner, Miller & Hicks","9774 Andrea Club, South Christopher, MI 98571, USA",79-3563667,1319482882,IT Services
"Horton, Holmes and Stevens","96667 Lynn Port, South Sandra, TX 26018, USA",29-4731649,(607) 989-0978,Manufacturing
"Bauer, Powell & Carrillo","3853 Edwards Coves Apt. 207, North Madison, MD 75255, USA",369173782,(805) 602-2247,Logistics
"Zimmerman, Moreno and Barrett","9130 Bridges Alley Suite 570, Davidborough, MT 33877, USA",45-5248480,0641511822,Healthcare Supplies
HALL-JOHNSON,"49161 Hannah Corner, Jeffreyberg, CO 00509, USA",207422565,(597) 842-8143,Construction
Pittman-Joseph,"199 Acevedo Turnpike Apt. 763, Lake Danielville, CT 46086, USA",765200007,(431) 670-1410,Logistics
"Spence, Cervantes & Boyd","4562 Crystal Ridges, Lake Gregory, NM 25465, USA",307767506,(652) 939-7252,Healthcare Supplies
Smith PLC,"878 Carey Ports Apt. 022, Keithview, AL 19050, USA",45-2558912,616-684-5015,Construction
"Delgado, Martin & Salinas","190 Smith Isle Apt. 781, Rachelton, MA 87498, USA",84-4594995,649-717-2912,IT Services
White PLC,"17949 Mckee Curve, Port William, FL 82295, USA",559891563,958-742-7963,IT Services
Gilbert-Flores,"94786 Jones Mews Apt. 882, North Whitneymouth, VA 74385, USA",105188198,(251) 211-8946,Healthcare Supplies
Daugherty-Stout,"9283 Burnett Land, Bergview, UT 13799, USA",,(616) 566-5764,Office Supplies
LEWSI-REYES,"617 Christopher Manors Suite 796, New Nicole, HI 37292, USA",39-7082704,962-344-3692,Healthcare Supplies
Lloyd-Johnson,"24286 White Parks Apt. 921, Walkerfurt, WA 44623, USA",57-8199481,(667) 390-6072,Healthcare Supplies
"Simpson, Martin & Cobb","5761 Stevens Meadows, Gomezfort, SC 15994, USA",93-1899691,640-226-1234,Construction
"SCOTT, HO AND ACOSTA","4917 Nelson Stravenue, South Cole, AS 69354, USA",622881542,1099578183,Logistics
"Little, Smith & Cooley","315 Duran Orchard, West Jamesbury, SD 88253, USA",,(085) 198-3860,Logistics
Sanders LLC,"539 Davis Valleys Apt. 480, West Meganfort, MH 34848, USA",678336713,987-584-0249,Professional Services
"Stevens, Serrano and Ryan","9354 Parks Junction, West Michelemouth, PW 27009, USA",382646055,019-952-6145,Logistics
Foster Ltd,"0015 Mckenzie Gardens Suite 316, New Gregory, VA 42670, USA",120004122,621-343-3571,Manufacturing
Fowler-Miles,"09608 Marshall Greens Apt. 593, Michaelfort, PW 09808, USA",92-5922483,(615) 633-6061,Professional Services
"CHAMBERS, ANTHONY & JENNINGS","23036 Moore Parkway, Scottton, ND 11819, USA",139359410,6903503420,Construction
Romero PLC,"804 Kelly Plaza Suite 116, New Ernest, GU 09046, USA",68-3545743,(436) 785-8733,Facilities Management
"Daugherty, Hughes & Zuniga","6829 Brian Burg Suite 370, New Susan, WY 65265, USA",,464-385-0882,IT Services
"Scott, James and Pierce","65714 Dorothy Plaza Suite 410, Richardborough, FM 17501, USA",,624-630-2578,Healthcare Supplies
"Page, aGrdner & Bailey","327 David Turnpike Apt. 823, Rodriguezstad, OR 55391, USA",811545609,0233980473,Professional Services
BUCHANAN-WHITE,"75811 Anderson Ports Suite 971, Chadview, TN 58401, USA",966015789,771-631-5938,IT Services
Bronw-Ho,"420 Carr Lake Suite 928, Pricemouth, TN 44938, USA",579125557,675-386-6881,IT Services
KIDD-LEWIS,"413 Tracy Field, South Donna, MP 07307, USA",292355674,8194448902,IT Services
Green-Lowery,"0370 Williams Views Apt. 955, Frankstad, IN 67038, USA",334955233,8257843711,Facilities Management
"Miles, Holden and Bolton","6923 Anderson Ct, West Donald, CT 33462, USA",817888322,(876) 302-9862,Professional Services
MILLER INC,"96885 Michael Cliff, Lake Michael, NY 24970, USA",656075031,637-478-8824,Healthcare Supplies
Livignston-Mitchell,"54755 Ian Creek Apt. 690, Johnsonburgh, VA 84514, USA",58-8169687,(499) 141-0717,Manufacturing
Hill-Avery,"26951 Banks Route, South Carla, FM 06597, USA",210837014,091-258-5340,Construction
"Washington, Smith & Livingston","89706 Johnson Ford Suite 489, Whitakerside, AS 17573, USA",996437267,6376924610,Construction
"Hendricks, Soto and Lucas","044 Lynch Burg, Benjaminmouth, WY 14054, USA",721300772,594-906-0356,IT Services
Murray Inc,"05009 Todd Cove Suite 372, South Timothyview, AL 73638, USA",50-4435133,988-479-7531,Office Supplies
"Wilson, Mclaughlin and Roberts","4339 April Freeway, Richardmouth, AL 05813, USA",492234424,974-188-6828,Logistics
"Frey, Henry and Gomez","887 Cynthia Spur, North Gloria, MA 91418, USA",,(578) 616-5841,Construction
HOUSTON INC,"20646 Andrew Run, Freemanhaven, IA 55123, USA",504079950,1941028296,Professional Services
"Potter, Mcdaniel and Thompson","280 Charles Coves Apt. 265, Lake Kristenmouth, HI 76727, USA",,2578363681,Office Supplies
Smith Ltd,"52600 Cynthia Plains, East Samanthabury, PW 02673, USA",478921345,7388801221,Healthcare Supplies
"Washington, Grant & Gonzales","9371 Anthony Land, West Davidfurt, VT 71027, USA",638843355,8175610958,IT Services
RYAN-ALLEN,"75362 Mclean Mountains, West Isaacbury, TX 25786, USA",57-2337634,(475) 091-7835,IT Services
Green Group,"0748 Jonathan Inlet Apt. 944, Mcgeeburgh, MO 52779, USA",327114760,(263) 951-9813,IT Services
"Obrien, Murray and Erickson","309 Sandra Mission, Taylormouth, OH 39665, USA",48-8933925,009-062-5094,Logistics
"CRUZ, FOSTER & COOK","8902 Figueroa Street, Port William, WI 98874, USA",809861078,9737840704,Professional Services
"Johnson, Cooke & Short","177 James Parks Suite 309, West Rachelborough, WV 07849, USA",545188049,1925186470,Healthcare Supplies
SERRANO INC,"21526 Brandon Shoals, Jenningsshire, MN 93857, USA",617024564,757-186-9725,Facilities Management
GRAHAM PLC,"65879 Lawrence Dr Apt. 151, North Nancyside, CO 65182, USA",614345062,8313571909,Professional Services
SCHWARTZ GROUP,"176 Hunter Parkways Apt. 883, Flowerstown, MT 09374, USA",734356903,712-550-7584,IT Services
Lynch Ltd,"264 Kristen Flat Suite 443, Bryanhaven, NC 44395, USA",,5991087717,Office Supplies
Gray-Fleming,"9038 Amber Trace Apt. 200, Nixonborough, OH 96706, USA",124101254,6543701126,Professional Services
"Whit,e Lynch & Wong","9761 Kyle Place, Wellsfurt, AZ 13170, USA",146325879,310-986-2453,IT Services
Sloan Grp,"265 Henry Motorway, Lake Alberthaven, KS 54135, USA",71-5776454,(665) 658-4042,IT Services
"Cardenas, Taylor and Gregory","913 Fox Garden, East Kristinhaven, GA 76097, USA",71-4469480,(767) 220-7113,IT Services
Li Ltd,"66894 Jacobs Park, South Thomas, KY 39347, USA",160035062,7324571955,IT Services
"Walters, Wells and Kim","3299 Becky Plaza Suite 599, West Wayneport, DE 77017, USA",743555234,482-464-1188,Manufacturing
Swanson Group,"06169 Amber Greens Suite 381, Port Hannahbury, NM 01091, USA",87-2608028,721-850-8226,Construction
Jones Ltd,"38792 Mary Extension Apt. 238, Lake Rachelside, NM 36935, USA",582328432,0074326284,Facilities Management
Williams-Blackwell,"22756 Victor Knoll, West Erin, TN 09887, USA",33-5540097,730-981-8192,Office Supplies
Washington LLC,"737 Davis Ranch Apt. 116, Jasonberg, VI 55565, USA",76-9168506,456-967-5705,Construction
Nicholson Group,"9183 Kristina Fork, West Randall, WI 83377, USA",280089806,550-135-8410,Healthcare Supplies
Smith-Dean,"8863 Edwards Meadow Apt. 929, Audreyland, CO 02860, USA",34-6760672,(298) 493-8350,Office Supplies
Thomas Grp,"29694 Lee Spur Apt. 013, Port Randymouth, WI 26346, USA",51-3886549,3239691186,IT Services
Henson-Duran,"1644 Robles Rapids, East Christy, WI 49634, USA",216576275,(978) 269-0080,Manufacturing
Gibson-Gonzalez,"0088 Trevino Shoals, New Christopher, UT 35548, USA",317270101,(973) 105-3888,Office Supplies
"BURKE, GARCIA & MARTIN","4282 Joan Crossing, Johnsonland, AK 87507, USA",98-7462850,(972) 893-8212,IT Services
"Davis, Davis & Cox","60978 Elliott Springs, West Sharonberg, UT 04902, USA",750162509,(977) 663-1009,Logistics
"Allen, Clark and Wilson","38988 Adam Port, Madisonside, NC 17082, USA",941672107,2335862342,Logistics
Perez L.L.C.,"64101 Fields Union, East Patricia, MN 50443, USA",200061963,6577606125,Facilities Management
"Ree,d Soto & Garcia","612 Vasquez Unions Suite 859, Grayport, WY 56577, USA",747975975,9265902827,Manufacturing
Lee-Williams,"9001 Rhonda Ville Suite 323, Bryanshire, RI 44912, USA",497689759,550-627-1810,Manufacturing
Martin-Santos,"52387 Dunlap Terrace Suite 000, Josephstad, AR 53826, USA",346408985,935-763-3812,Facilities Management
Guerra-Bautista,"360 Moore Ford, Rowlandton, DC 84119, USA",94-7778851,0707373668,Office Supplies
"Price, Cox and Williams","826 Donald Islands Suite 574, New Rhondastad, SC 06198, USA",556865760,(890) 660-3634,IT Services
Turner-Beltran,"52868 Mark Ridge Apt. 567, Denisetown, SC 64296, USA",922334721,(949) 179-0608,Professional Services
Cooper Inc,"29822 Durham Prairie Suite 147, South Tracyfurt, GU 43667, USA",18-9998443,000-219-7976,Construction
"Wallace, Cutris & Norris","016 Ross Divide Suite 662, Robertshire, MI 08922, USA",742411514,2516280261,Office Supplies
Hull PLC,"4697 Mercado Fords Suite 819, Rachelside, AK 84565, USA",376815988,4463580027,Professional Services
"Davis, Garcia & Martinez","29058 Jones Flat, Schultzburgh, MS 83098, USA",105872776,3134946078,Manufacturing
HARRIS-SMITH,"148 Perry Harbors Apt. 730, New Garrettville, ND 74094, USA",,(706) 983-2924,Professional Services
Simmons-Henson,"0026 Miller Cliff, Taylormouth, NV 42117, USA",538994061,399-543-1611,Healthcare Supplies
"Watson, Johnson and Williams","207 Scott Square, Moralesstad, TN 62543, USA",55-7490881,1955729034,Construction
"White, Luna & Nelson","31103 Odonnell Burg Suite 710, East Brianview, VT 45254, USA",706310053,9387959638,Healthcare Supplies
"Perez, Wise & Fox","44645 West Forges Apt. 002, Clineside, PA 92882, USA",830794809,(742) 757-1489,Office Supplies
Ward,"324 Lisa Dam, North Theresa, WA 77013, USA",54-3700355,122-943-9715,Facilities Management
Williams Ltd,"414 Emily Radial, North Natalieport, AZ 16433, USA",,7749192832,Healthcare Supplies
"Macdonald, Thomas & Donvoan","219 Timothy Turnpike Apt. 068, Stephaniefurt, LA 23792, USA",37-2491666,873-457-6358,Construction
Lee-Miller,"4925 Harrison Island, Leonport, ME 29912, USA",72-0248205,(132) 815-6136,Healthcare Supplies
Robinson and Sons,"046 Melissa Highway, Vegamouth, ME 04897, USA",93-1284997,7248018799,Office Supplies
Garcia-Randolph,"481 Fitzpatrick Estate, Hayesville, CA 47548, USA",89-0040374,2750736132,IT Services
"Gonzales, Jones & Thompson","1416 Richard Spurs Suite 970, South Jasonburgh, PW 15048, USA",902959376,271-215-1970,Professional Services
Russell & Sons,"737 Daniel Grove Suite 715, Port Sonya, NM 73215, USA",207673349,(125) 983-3991,Professional Services
CLAY-ORTEGA,"8642 Leslie Common, Lake Linda, CA 01401, USA",645829727,912-827-7565,Office Supplies
"Knight, Castro & Lewis","7326 Cowan Estates Suite 677, North Christopher, DC 26995, USA",94-4048177,5279434071,Healthcare Supplies
"Kelly, Jenkins and Burke","48068 Brian Meadow, Michellestad, TX 00667, USA",272591127,3632623750,Office Supplies
Vasquez-Perry,"639 Cody Point Apt. 964, Port Joshua, MH 08594, USA",983963824,436-545-1916,IT Services
"White, Thornton and Hernandez","53241 Michelle Mall Suite 206, Philipton, MP 99125, USA",498181191,902-885-4111,Logistics
Fields Inc,"0261 Wood Underpass, Jennifermouth, UT 58963, USA",753939761,141-045-2887,Manufacturing
Simon-Hunter,"049 Moore Burgs, Jadeville, WA 97650, USA",87-7920274,854-641-3728,Office Supplies
Anderson & Sons,"4886 Robert Parkways, East Charlenestad, KY 71886, USA",530189140,(599) 752-6570,Construction
Jenkins-Mills,"3290 Jasmin Meadow Apt. 962, New Jennifer, VA 98588, USA",864080940,6136151003,Manufacturing
Burton-Rosales,"20969 Johnson Square, Owensmouth, NV 12722, USA",93-0655747,(555) 623-9476,IT Services
Abbott-Padilla,"457 Harvey Square, New Matthewside, MP 04294, USA",787507560,959-905-6032,Facilities Management
Brown Ltd,"0583 Tamara Rue Suite 943, Mitchellstad, AR 56812, USA",,(368) 539-9286,Manufacturing
BENNETT PLC,"1152 Barnes Turnpike, Lake Reginaldton, NE 39410, USA",,330-540-6965,Professional Services
Dixo-nCruz,"2563 Benjamin Prairie, Lake Eric, VI 10015, USA",76-0555221,1771553673,IT Services
"Atkinson, Ryan & Carrillo","59412 Albert Underpass Suite 567, Larrymouth, VA 64655, USA",48-6267885,(096) 422-5638,Professional Services
Carroll-Savage,"92074 Miller Coves Suite 862, Romeroborough, DC 84069, USA",26-9055029,8453812916,Logistics
Hodge Ltd,"098 Jessica Plains, Williamsfort, FL 10483, USA",39-6284956,518-474-4000,Office Supplies
Mcdaniel-Wright,"222 Evans Ferry, East Scott, ME 83639, USA",47-9167941,450-389-3476,Office Supplies
MULLEN-RICHARDS,"325 Jessica Mountains, Kimberlyburgh, SC 54401, USA",535349662,7164843514,Professional Services
Walker Inc,"12161 Barnes Knolls, Port Krystalmouth, IL 89481, USA",89-1267770,102-983-3126,Logistics
Delgaod Inc,"74988 Jones Branch, Jonathanport, AZ 36411, USA",196814848,(380) 086-6658,Construction
Edwards & Sons,"2233 Paul Trail, Berryview, OK 89618, USA",87-9685499,(465) 920-5488,Healthcare Supplies
"Pace, Buckley and Ray","501 James Junction Suite 822, Lake Christina, MH 80685, USA",71-7301394,708-340-6262,Manufacturing
Lowe-Sanders,"48777 Morgan St Suite 188, South Zachary, VA 01189, USA",380362052,898-809-3207,IT Services
"May, Reed and Mathis","91429 West Flats, South Johnnyside, VA 51495, USA",46-5035599,(386) 461-0781,Logistics
"Skinner, Craig&  Rodriguez","90037 Samantha Springs Suite 709, Davidstad, CO 26138, USA",677569362,074-552-9003,Construction
"Parrish, Bowman & Huber","083 Margaret Drs Suite 303, South Williambury, SC 65641, USA",84-5382835,(164) 294-6125,Facilities Management
Becker-Black,"14276 Curtis Junction Suite 076, North Hannah, FM 16320, USA",913330750,635-021-4210,Healthcare Supplies
"MARTINEZ, PHELPS AND HUTCHINSON","645 Dodson Ferry, North Feliciaview, WV 08931, USA",93-2792876,2445161946,Facilities Management
Garcia and Sons,"261 Brittany Square, South Hannahton, VT 18436, USA",61-7511527,(967) 469-7780,Logistics
Hernandez LLC,"631 Mark Place Suite 099, Lake Terri, SC 21409, USA",51-0892271,(634) 309-2620,Professional Services
Garcia Group,"7129 Glass Glen Apt. 153, New Danielfort, VA 07891, USA",,7366206272,Manufacturing
Franco-Parks,"04074 Courtney Ranch Apt. 872, Hodgefort, SD 47877, USA",,(933) 592-4238,Construction
Spencer-Archer,"289 Collin Mountains, North Randyfort, NC 10419, USA",,1868938395,Office Supplies
Lee-Burton,"128 Brown Forge Suite 058, Loganview, VI 80890, USA",823377624,(193) 187-3233,Healthcare Supplies
Bradley LLC,"623 Kevin Burg, Tammyshire, WV 98459, USA",18-1635326,389-833-3378,IT Services
BARNETT AND SONS,"805 Cheyenne Village Suite 981, Stephanieside, AL 42898, USA",611697526,9515567464,Healthcare Supplies
Ford Inc,"3647 Joshua Pine, Brownberg, NC 82570, USA",479608458,048-919-2944,Professional Services
LEWIS-REID,"9938 Sarah Tunnel Suite 013, East Veronicachester, VI 01933, USA",71-6019237,(491) 917-9970,Construction
"Davidson, Reese & Peters","70941 Riggs Park Apt. 416, Judyview, MI 91957, USA",63-5796460,3698105340,Professional Services
Mendez and Sons,"999 Scott Plaza Apt. 271, Jacobberg, NV 31268, USA",384976854,(722) 638-6171,Professional Services
GilmoreL td,"9614 Phillips Circle Suite 799, Munozport, IN 11352, USA",996510519,522-791-1074,Professional Services
Gay & Sons,"2450 Donald Center Apt. 858, Morrisland, FM 75145, USA",26-7498965,326-944-6431,Logistics
King and Sons,"480 Baker Locks, North Sethton, CT 61592, USA",,754-750-3168,Facilities Management
Ellis-Simmons,"096 Darrell Burg Apt. 390, Lake Caitlinton, TN 40758, USA",759091699,(765) 954-4088,Manufacturing
"ROGERS, SMITH AND LANG","93041 April Hills, New Kayla, AK 93974, USA",92-0600973,462-087-3843,Manufacturing
Mccormick PLC,"0654 Jacob Ports, South Danielleview, VI 33437, USA",766436631,3297920222,Healthcare Supplies
"Murray, Lopez & Taylor","77364 Darren Plains Suite 722, Port Jenniferbury, MO 79409, USA",62-6998235,(174) 238-0869,IT Services
"Hays, Mills and Berry","4552 Barton Route, South Michelle, FM 03664, USA",920620417,410-233-6286,Construction
Jones PLC,"7038 Erica Cliffs, Lake Donna, NE 86470, USA",527219856,(490) 365-7168,Professional Services
"Burns, Lawrence and Walker","01855 Smith Throughway, Molinaport, NC 64208, USA",90-5488247,038-171-7474,IT Services
HINTON-STEWART,"8073 Morgan Spurs Suite 107, South Williamchester, MI 42929, USA",,(026) 472-2314,IT Services
Jensen & Sons,"813 Thomas Springs Apt. 467, Calhounbury, MH 26591, USA",438927967,8395027862,Manufacturing
ELLIS-BERWER,"96414 Davis Orchard, Timothyshire, ND 72882, USA",757965465,027-209-9352,Construction
Davis PLC,"15352 Villegas Brooks, Port Jessicachester, MH 05409, USA",354626229,8863841962,Construction
Miller PLC,"11120 Monica Extension Apt. 163, South Kennethville, RI 78375, USA",491999503,389-273-3409,Office Supplies
"Garza, Cooper and Welch","1523 Hoffman Mill Apt. 506, Dawsonbury, FL 17932, USA",718360105,370-903-1346,Professional Services
Rocha-Munoz,"3395 Mary Field, Port Elizabeth, MN 05630, USA",974230575,(901) 281-8489,Logistics
"HUGHES, COOK & MELTON","00679 Denise Flats, Rickyton, MS 82801, USA",87-3969707,0656121747,Construction
Washington-Lewis,"8877 Timothy Wells, Sandraborough, OH 55247, USA",96-3382466,689-707-3421,Professional Services
Acosta PLC,"69823 Ray Trail, Johnport, DC 89613, USA",69-6291839,(056) 680-7352,Office Supplies
Stewart-Price,"805 Debra Camp, South David, GU 02665, USA",508970423,460-510-0199,Professional Services
Williams PLC,"64627 Robert Motorway Suite 205, Port Yesenia, MP 44192, USA",256598517,415-723-9742,IT Services
"SIMS, HAMILTON & WHITE","9874 Ethan Freeway Apt. 844, Ricardoland, NH 74938, USA",77-7157408,5495711704,Healthcare Supplies
SCHNEIDER-PARKER,"3614 Bond Spur, North Robin, IN 20309, USA",943244821,(181) 670-4915,Facilities Management
Smith nIc,"60768 Jones Wells Suite 064, North Matthewport, LA 45990, USA",42-2159250,128-272-9428,Construction
"Jones, Kirk & Shepard","9724 Laura Island Suite 748, Christybury, IL 65942, USA",70-3591560,599-334-5823,Manufacturing
"Henderson, Hernandez & Robinson","62949 Donovan Mountain Apt. 724, Marcusfort, MS 79079, USA",841465088,(998) 751-1948,IT Services
HICKS,"326 Margaret River Apt. 749, Lake Jeanette, KY 45748, USA",,(227) 918-0554,Logistics
Smith PLC,"725 Williams Park Suite 881, Shieldsberg, AL 37055, USA",378924968,(328) 127-7317,Healthcare Supplies
Phillips-Mcdowell,"789 Lopez Plains, Mooreberg, NH 46289, USA",48-6876247,8140650580,Construction
"Little, Lewis and Patterson","0594 Morgan Squares Suite 073, New Cynthia, MI 49793, USA",46-9517811,(889) 322-8171,Manufacturing
White Inc,"977 Tucker Bypass Suite 298, Rebeccamouth, MP 57879, USA",71-9392003,0236810463,IT Services
Wallace Inc,"0847 Howard Drs, Port Emmafurt, HI 24673, USA",758916457,4718038814,Construction
Bryant Inc,"582 Brown Locks Apt. 075, South Heathershire, NH 44553, USA",597950004,2217806677,IT Services
"Jones, Lane & Gonzalez","3684 Molly Manors, East Samuel, OH 77356, USA",27-9932861,(135) 596-5727,Healthcare Supplies
"Vasquez, Arnold & Sandoval","147 Lopez Turnpike Apt. 802, Lifort, AR 78390, USA",552922001,4618677164,Office Supplies
"Barber, Henderson & Webb","653 Montoya Mount, East Moniqueburgh, NJ 40044, USA",27-3945628,(991) 438-3975,Healthcare Supplies
Preston-Smith,"60146 Hull Keys, North Susanside, TX 74027, USA",34-5047145,8827032248,Healthcare Supplies
Young Inc,"74557 Graham Stream Apt. 940, New Tamarafort, MA 66944, USA",440245422,482-775-9479,Construction
Marshall Inc,"246 Kelly Island, Conleyfurt, IL 32750, USA",,711-935-1708,Construction
BUTLER INC,"0376 Jay Estates, Elijahville, NE 76563, USA",750027161,4538455427,Office Supplies
"Gates, Fernandez & Stark","99378 Kimberly Walk Apt. 691, New Erinfort, TN 69617, USA",903046674,721-916-3091,Facilities Management
Brady Group,"52994 Jeffrey Knoll, Elizabethborough, SD 26300, USA",,492-321-2430,Manufacturing
THORNTON-NGUYEN,"50335 Rachel Turnpike Apt. 637, Tinastad, TX 59613, USA",,(362) 530-3426,Logistics
Alexnader & Sons,"69927 Dana Mountain, East Jackport, WA 02347, USA",32-6099417,0975110293,IT Services
"Allison, Baker & Smith","6789 Welch Harbor Suite 981, Brownton, IN 21595, USA",526324454,9284422138,Logistics
Smith Ltd,"5693 William Meadows, South Jasminebury, GU 84098, USA",60-8079376,(143) 874-4373,Manufacturing
Kane & Sons,"703 Luna Stream, Fredbury, TN 48045, USA",763682156,(940) 216-9806,IT Services
"Lopez, Williams and Gomez","6173 Perez Centers Suite 844, Grosstown, NE 95324, USA",43-2184213,7409126028,Professional Services
"MUNOZ, HUGHES & MCMILLAN","1124 Tamara Rapid Suite 069, East Kristinburgh, WY 96301, USA",57-5839885,1729521866,IT Services
Mitchell Ltd,"2158 Matthew Walk, Susanmouth, WA 90306, USA",44-9182252,(143) 438-2500,Facilities Management
"Reyes, Chambers & Yoder","51034 Michael Hollow, Lake Veronica, ID 37552, USA",601645174,942-835-2706,Construction
OLSON-LUNA,"9764 Jesse Ridge, South Nicoleton, IA 17761, USA",,4223417792,Facilities Management
Bell Inc,"971 Joyce Via, Griffithstad, MH 86020, USA",734399876,(615) 636-8864,Facilities Management
Reid-Morgan,"5696 Katie Mall, New Michael, MS 99689, USA",777582116,(749) 281-8711,Office Supplies
"Wells, Reeves & Smith","337 Richard Passage, Jenniferburgh, RI 61164, USA",,6706440930,Facilities Management
Ail-Sanchez,"8235 Thomas Forks, Harrisside, WI 08241, USA",964048388,(617) 799-8904,Logistics
Ferguson Inc,"63105 Johnson Tunnel, Martineztown, TN 34952, USA",57-4443895,(868) 716-9073,Construction
"Fernandez, Davis and Jefferson","0058 Nathan Field, Gracemouth, SD 73212, USA",46-9243620,4255614178,Construction
Ware Grp,"18325 Shelton Pass Apt. 695, Lake Lisa, FL 34715, USA",60-3797467,693-604-2599,Manufacturing
Figueroa-Becker,"93958 Jasmine Pass, Joeburgh, KY 40807, USA",83-8487369,5743425951,Facilities Management
"Long, Hodges and Brooks","3539 Valentine Unions, Richardville, NH 21686, USA",92-2345794,070-367-9889,Office Supplies
COMPTON-HOOD,"506 Claudia Stravenue Apt. 371, Gomezmouth, CA 03271, USA",,214-654-8193,Manufacturing
Sawyer Inc,"52501 Samuel Rapids Suite 950, Steventon, AL 52980, USA",688638365,225-017-7591,Healthcare Supplies
"Singleton, Watkins & Huffman","89870 Ryan Drs, Gabrielleview, MI 09744, USA",70-1890658,6961370340,Office Supplies
"Campbell, Wells and Morris","0274 Anna Rest, Port Annafurt, MI 36861, USA",523861817,(594) 806-2095,Professional Services
"MOLINA, AUSTIN & MASON","72509 James Shores Apt. 020, Townsendburgh, AS 19177, USA",275309282,(053) 845-2813,Office Supplies
"Mcdonald, Stewart and Fuentes","32661 Jason Drives Apt. 186, North Kathy, WY 99675, USA",989516564,025-513-0999,Office Supplies
Leach-Johnson,"4788 Lauren Underpass Suite 939, Henrystad, TX 87908, USA",654705830,(142) 580-7422,Construction
SMITH & SONS,"360 Daniel Islands Apt. 323, Port Cindy, WV 38270, USA",405669440,204-179-3953,Construction
Solomon LLC,"07311 Monroe Track Suite 762, New Melanie, MI 70226, USA",17-3512612,2630161803,IT Services
"Lewis, Kim and Carpenter","63405 Avila Knolls Suite 156, East Jacob, GU 76309, USA",,(181) 280-9191,Construction
WOLFE-MILLER,"7179 Sullivan Path, Stephanieside, NV 52503, USA",21-8494225,(612) 177-4441,Facilities Management
WARD-MITCHELL,"9824 Jason Plain Apt. 801, New Glenda, MI 66301, USA",76-3281908,(445) 735-2640,Facilities Management
Sherman LLC,"99263 Shannon Shoal Apt. 951, East Margaretland, TX 24682, USA",30-1637382,(227) 615-8425,Healthcare Supplies
"Li, Ross and Burke","429 Maria Center Apt. 916, North Devinland, CT 14408, USA",299648970,(170) 404-7873,Logistics
Rodriugez-Foster,"7416 Ritter Center Suite 485, Kristieport, KY 87762, USA",23-4259822,2450498864,Facilities Management
Jones Ltd,"75733 Tiffany Burg Suite 119, South Angela, MI 20877, USA",62-9977010,(974) 802-3352,Professional Services
"Williams, Lambert and Kennedy","04242 Woodward Green Suite 589, East John, AS 44910, USA",43-4552915,(717) 685-3849,Facilities Management
Blevins & Sons,"88575 Joseph Lakes Apt. 164, Lake Austin, CO 15034, USA",,(808) 295-4852,Manufacturing
"Williams, Aguilar & Foster","58404 Perry Centers, Port Jill, NV 32865, USA",160170716,5460079740,Construction
Ellis & Sons,"25748 Michelle Tunnel Apt. 246, Lake Nicholasbury, PA 67831, USA",368520783,(180) 855-4206,Office Supplies
Mccarthy-Hawkins,"20224 Cory Forges, New Christopher, RI 90674, USA",230955221,543-124-6740,Professional Services
"Jones, Mcdonald & Clark","979 Camacho Plains Apt. 878, Craighaven, MT 62274, USA",88-9546822,939-369-3949,Logistics
"MURPHY, VASQUEZ AND JOHNSON","52104 David Viaduct, Sarahhaven, SC 12170, USA",65-9568869,3893313863,Professional Services
"Huerta, Andrews and Lewis","249 Tony Unions Apt. 041, Sandersside, PW 44080, USA",60-7692567,1030164040,Office Supplies
"Hale, Molina & Sandoval","18806 Joshua Ville, North Kevinhaven, FL 09666, USA",83-1693114,9912062441,Construction
"Lucas, Maxwell and Clark","47262 Hood Cove Apt. 916, Patriciaburgh, NV 88841, USA",77-5559969,(730) 872-4036,Manufacturing
"Potter, Williams & Dyer","540 Fletcher Well, Caldwellmouth, NE 48449, USA",89-9641923,172-775-3291,Logistics
Coleman-Johnson,"6958 Sarah Heights, Andrewfurt, MT 40005, USA",785605643,4651571792,Construction
Haas Inc,"834 Rhonda Grove, Martinton, NJ 41145, USA",313377873,(298) 280-3794,Healthcare Supplies
Esparza Inc,"56897 Harper Fork, Guerrafurt, ME 40015, USA",155928537,2216968928,Professional Services
"Tucker, Pacheco and Choi","8596 Melissa Mountains, East Linda, TN 26661, USA",221256011,1526057948,Professional Services
Bryant-Moreno,"15447 Brown Green, Tracyfort, TX 75222, USA",,8480020328,Office Supplies
Gonzalez-Anderson,"948 Castillo Mills, West Phillipbury, IL 85027, USA",,9092137018,Logistics
TUCKER INC,"69474 Jorge Plain, Port Karenmouth, SD 56705, USA",52-4995927,(515) 021-8645,Professional Services
Gonzalez-Cole,"560 Cynthia Station, Melissatown, PA 23237, USA",723926702,2597396707,Facilities Management
Wolfe-Pope,"105 Michael Burgs, Joneston, NC 10651, USA",367063493,(653) 598-5153,IT Services
BAUER-PERKINS,"6964 Stacy Radial, Harrishaven, RI 85712, USA",83-6527450,(996) 801-2669,Healthcare Supplies
"LEE, BROWN & FLORES","4249 Parker Streets Apt. 818, East Matthew, CO 21245, USA",915571513,(669) 178-2729,Manufacturing
Rodriguez Grp,"660 Vanessa Radial, Perezchester, MI 06791, USA",16-4183056,1240403417,Healthcare Supplies
Beasley-Young,"5335 Walsh Port Suite 332, Erinbury, ID 94821, USA",96-4926282,506-984-4338,Facilities Management
Wang-Brown,"83606 Lauren Ways, Smithmouth, MA 40846, USA",12-2927426,565-154-1423,Office Supplies
"Barnes, Kaufman & Edwards","38225 Joseph Bypass Apt. 011, West Austinport, VA 40868, USA",48-4579421,2816458081,IT Services
"Osborne, Dean & Phillips","93667 Christopher Expressway, Jamesburgh, DC 80023, USA",700248296,(386) 291-8793,Construction
"May, Carson and Morgan","727 Hanna Forge, Port Michellemouth, NC 97602, USA",68-2756272,6207138947,Facilities Management
Mccann-Spencer,"079 Stout Gateway Apt. 411, East Nichole, ME 53786, USA",,2850696720,IT Services
Morales-Booth,"4296 Lewis Turnpike Apt. 954, Millermouth, AS 33775, USA",44-7549695,168-674-4899,Facilities Management
Nroris LLC,"600 Jonathan Ford, Jillbury, VI 45506, USA",395627385,(100) 670-7603,IT Services
Fischer Inc,"537 Rodriguez Extensions Suite 002, Chenmouth, KY 45393, USA",58-2522615,8618942062,Construction
"Nichols, Shaw and Clay","82536 Pope Dr, North Lee, AS 71054, USA",97-9843968,4803025157,Construction
Myers Inc,"467 Jake Bridge Suite 418, Gracemouth, CA 99385, USA",68-1544961,(138) 351-4635,Healthcare Supplies
"Becker, Smith & Livingston","907 Ashley Groves, West Aaron, IL 79243, USA",,060-771-8729,IT Services
LOPEZ LLC,"588 Elizabeth Extension, Johnnyfurt, TN 77766, USA",12-0100290,439-742-2577,Healthcare Supplies
Evans Inc,"1421 Louis Gardens Suite 137, New Jesusview, MH 77978, USA",30-3870775,(799) 229-1080,Facilities Management
Pearson-Williams,"50350 Stephanie Parks Suite 114, Lake Stevenmouth, AK 30831, USA",75-8245879,470-082-6374,Construction
Gibb-sBrooks,"507 Ellis Expressway, New Amyshire, WA 32354, USA",44-6389157,835-930-1684,Office Supplies
Medina Ltd,"145 Beard Mountain, Lake Donnaport, PW 33051, USA",291811951,3212595432,Manufacturing
"David, Marshall and Palmer","3435 Woods Turnpike, Charlesport, MH 88489, USA",62-1162378,0946174556,Professional Services
Peters-Johnson,"51300 Lopez Camp Suite 129, South Leah, TX 30371, USA",20-6035856,(618) 157-9776,Manufacturing
"Bell, Macdonald and Clay","68921 Rodgers Greens Suite 074, Gilbertport, PA 81604, USA",664596387,4989763916,Construction
Cole PLC,"65870 Michael River Suite 063, Kennethchester, NV 69413, USA",152705290,5304456759,Healthcare Supplies
"Velazquez, Peters & Fuller","24335 Susan Shoal Suite 112, Greenhaven, SD 93779, USA",33-6999287,162-698-5205,Logistics
"GUTIERREZ, COOK AND JOHNSTON","19746 Rowland Ford, West Robert, AZ 21134, USA",,876-197-6813,Professional Services
"COOKE, WIGGINS AND WILSON","087 Johnson Place, Port Robert, SD 95441, USA",80-4105516,0031908578,Facilities Management
"Moore, Phillips & Valenzuela","1571 Graham Lodge Suite 728, West Todd, WY 46118, USA",982644252,551-465-9983,Healthcare Supplies
"Carpenter, Weiss & Williams","4185 Alec Throughway, Johnsontown, NM 86498, USA",66-8031793,984-363-4861,Manufacturing
"Patterson, Gardner and Estes","0486 Amy Greens, East Tinafort, AK 58493, USA",,8703301411,Logistics
BARTLETT LTD,"0682 Thomas Mill, Nelsonfurt, NM 03153, USA",995990847,5742050080,Construction
"Bruce, Walker & Ramirez","5040 Vargas Hill Apt. 592, North Garrett, IN 82401, USA",65-7793068,5207643593,Logistics
Fisher-Martniez,"701 Gibson Valleys, Torresland, SC 55796, USA",208689641,6214598484,Professional Services
"SMITH, DAVIS & GOOD","5911 Alison Manor, East Davidhaven, NC 28046, USA",,(955) 701-6016,Professional Services
"Lynch, Garner and Cummings","53525 Shannon Ridge Suite 206, Cindyshire, OR 42973, USA",664994379,(440) 809-9589,Professional Services
"Alvarado, Taylor and Wilson","9630 Charlene Square Suite 725, New Rhondabury, ID 73989, USA",712062546,9534910263,IT Services
"Rojas, Roberts & Robinson","9970 Morgan Island Suite 538, East John, VA 36088, USA",699602642,0917089574,Office Supplies
"THOMAS, CRAWFORD & HERNANDEZ","5987 Warren Cape, Andrewsland, AZ 47162, USA",901127771,1314692993,Logistics
"Mason, Newton & Robinson","723 Buchanan Shoal Suite 285, Patriciashire, ND 10192, USA",922790554,1457587386,Healthcare Supplies
"Johnson, Williams & Ellis","15247 Teresa Streets Suite 100, Port Jameston, IA 45190, USA",,275-172-8632,Facilities Management
"Torres, Pittman & Vasquez","0029 Cortez Squares, Deannaside, HI 66572, USA",85-4357762,146-172-7018,Office Supplies
Clark PLC,"17283 Smith Rest Suite 688, Kimberlyside, NM 77290, USA",21-1779101,4931733220,IT Services
Ramirez Ltd,"2743 Hood Springs, Patrickborough, PR 17208, USA",950899166,874-342-0502,IT Services
"Pennington, Curtis & Mcclure","870 Douglas Wall, South Karen, CO 28821, USA",,999-232-3987,Healthcare Supplies
Leonard-aCrr,"12899 Wilson Pass, Mosstown, MI 35742, USA",,2311262574,Facilities Management
"Johnson, Morris and Wheeler","335 Barry Pike Suite 611, Lake Nicolemouth, MP 57242, USA",499130788,3028665358,Office Supplies
Calhoun Group,"3043 Sarah Wells, East Williammouth, FM 42989, USA",70-4672023,(093) 106-1735,Professional Services
Ortega-Montgomery,"77721 Reyes Heights Apt. 162, Anneborough, KS 47625, USA",50-2720908,(479) 728-0893,Construction
Flores LLC,"68983 Santiago Brook Apt. 481, East Tylerbury, MO 36776, USA",48-6556226,(657) 610-5272,Facilities Management
FLOYD-JAMES,"8273 Miles Brooks Suite 168, New Heather, GA 35382, USA",405460403,(185) 048-9006,Manufacturing
Weaver LLC,"57731 Murphy Underpass Suite 397, Rioston, IN 51964, USA",42-4100009,184-396-8229,Manufacturing
"LOPEZ, CLARK AND AGUILAR","1783 Brett Fields Apt. 564, Christopherside, PA 53487, USA",422481128,8974828758,Professional Services
Sextno Ltd,"83902 Mark Overpass, Port Dana, FL 01335, USA",330664237,(836) 162-2879,Healthcare Supplies
"Perry, Moore and Reynolds","026 Mendez Cape, East Dawn, NV 94862, USA",,399-666-2909,IT Services
Bryant,"83917 Contreras Lane, Lewismouth, AZ 90020, USA",201240032,822-047-3019,Manufacturing
Johnston-Johnson,"8824 Misty Forest Apt. 567, North Thomas, VI 89955, USA",59-4318319,1901473427,Healthcare Supplies
Martin-Howard,"029 Chad Lock, Richardsonville, MN 09669, USA",384528891,(747) 723-4366,Healthcare Supplies
Franklin-Patton,"963 Lisa Extensions, New Jordanmouth, UT 64072, USA",350175561,634-339-9712,Construction
Robinson-Johnson,"377 Randy Ridges, Kaneton, SD 11048, USA",97-0884334,8716699341,Construction
GUTIERREZ PLC,"1759 Nicole Passage, Norristown, AR 20888, USA",71-1028819,5188281602,Professional Services
"Gordon, Moore and Chavez","029 Michelle Extensions Suite 699, Port Kristinaview, MH 41828, USA",95-1374399,(082) 026-9278,Facilities Management
Traivs PLC,"279 Peter Island, Matthewbury, KS 88509, USA",986594254,8541323661,Logistics
Houston & Sons,"81973 Teresa Roads, Christinamouth, FL 02472, USA",,(452) 420-5267,Construction
"Mercado, Rodriguez  &Benjamin","88781 Wilson Highway, South Williamburgh, NE 48603, USA",92-7749187,401-624-2955,Healthcare Supplies
Nelson PLC,"0805 Pittman Ford, Port Michael, LA 10305, USA",92-7200028,5181342881,Professional Services
"Peters, Hughes and Stokes","2434 Barbara Mountain, Lake Kathy, MD 74543, USA",780631093,(329) 544-0554,Office Supplies
"Cruz, Parks & Miller","0062 Spencer Manor, Port Bradport, ME 62359, USA",15-8119446,607-798-9896,Construction
Meye rGrp,"33989 Wilkins Trail Apt. 588, West Ashleyfurt, UT 21688, USA",663052341,(525) 580-3153,Manufacturing
"Rogers, Lewis & Irwin","35214 Stanley Junction, South Josephland, PA 24803, USA",44-2863523,(621) 973-1457,IT Services
Santos-Turner,"660 Ashley Stream Suite 611, Smithville, GU 02912, USA",,(745) 254-8615,Professional Services
GONZALEZ GRP,"63287 Kathleen Prairie Suite 560, Armstrongmouth, MD 85651, USA",823310328,9915242750,Office Supplies
"Gray, Nichols & Goodman","14963 Simpson Plains, Rhondaview, KY 09139, USA",,219-170-6221,Office Supplies
"Mccann, Parker and Stein","032 Adrian Stravenue Apt. 902, West Kylestad, PA 41313, USA",41-1152157,(283) 981-1210,Office Supplies
"Vasquez, Smith & Holden","442 Randy Square, West Robert, IA 23992, USA",,291-712-3209,IT Services
Carey-iWlkerson,"343 Moran Route, Berryview, OH 07763, USA",46-0957835,3066569300,Logistics
"FRANKLIN, WRIGHT AND CRAIG","567 Dyer Fort Suite 282, East Tammy, PR 35910, USA",61-0945043,304-714-2720,Manufacturing
Ibarra-Preston,"87533 Hunter Run, North Jameschester, AS 07875, USA",93-0888412,4947421425,IT Services
"SCHWARTZ, ROJAS & WHITE","980 Flores Turnpike, Silvaburgh, OK 56339, USA",91-8226618,258-470-7217,IT Services
Aguilar PLC,"3218 Martinez Row, New Tracyborough, KY 69392, USA",800346424,6071775450,Professional Services
Price-Lawrence,"7979 Natalie Prairie, South Caitlin, NC 12610, USA",360183853,335-295-4005,Logistics
Rivera-Johnson,"43166 Wilson Ramp, Andrewfurt, TN 96188, USA",38-5891368,4029816878,Office Supplies
Lewis Group,"00385 Alvarez Port, Port Martinville, MD 87623, USA",44-7260600,219-836-2308,Logistics
LEWIS-WILSON,"79876 Larson Gardens Suite 891, Jacobshire, PR 69902, USA",473992719,4634777415,Professional Services
Golden-Garrett,"4190 Gregory Burgs, New Carl, ID 75904, USA",444390192,4207480155,Healthcare Supplies
Martin-Reed,"27192 Soto Brook Suite 500, Ellishaven, IA 27529, USA",737670731,888-069-7338,Manufacturing
"Webb, Mcdaniel and Litlte","723 Costa Point, West Patriciaville, ID 57243, USA",926438998,9928710023,Construction
Foley-Davenport,"13455 Rick Pines Apt. 289, Sheltonville, AZ 49042, USA",,(754) 981-1180,Healthcare Supplies
"Dodson, Franco & Brown","55309 Hutchinson Stream Suite 718, Richardschester, ND 26601, USA",76-9136744,017-762-6094,IT Services
"Thomas, Moran and Castillo","3795 Williamson Mall Apt. 606, New Lorraine, AK 40727, USA",572944000,1795883033,Manufacturing
Johnson and Sons,"6002 Murphy Fords Suite 710, Blackfort, ID 10251, USA",97-8505410,7367231010,Professional Services
"Harper, Thomas & Norton","37282 Gregory Corner Suite 431, Oliverside, AR 08414, USA",36-0971128,684-116-0201,IT Services
"Gutierrez, Graves & Cervantes","434 Michael Common Apt. 681, Melissastad, NH 41748, USA",,452-355-8972,Logistics
Diaz-Bell,"41108 Day Corners Suite 409, East Christina, TX 88631, USA",427618008,346-629-7254,Facilities Management
Gomez,"2634 Burnett Views Suite 002, Lake Kristen, PA 95627, USA",60-5936741,(729) 678-2866,Manufacturing
"Hunter, Hobbs & Murphy","0620 Davies Forges, Darinberg, GU 31124, USA",45-6349916,013-011-3263,Professional Services
"Turner, Quin nand Scott","442 Jennifer Bridge Suite 709, West Jasonton, IN 22924, USA",31-8830034,(615) 187-1040,Construction
Hill-Patterson,"89892 Zachary Camp Apt. 449, Duncanmouth, SC 65214, USA",,358-054-1631,Facilities Management
Macias & Sons,"8130 Mary Corners Suite 099, Justinmouth, FM 61143, USA",,181-341-0290,Manufacturing
Nola nPLC,"853 Barajas Centers, Portermouth, MO 77675, USA",50-4378331,670-258-9127,Manufacturing
Olson-Mckay,"8578 Bruce Key, New Brittney, CA 54153, USA",374294163,863-185-5256,IT Services
Black-Gilbert,"78281 Underwood Bridge, Dannybury, NM 77863, USA",31-5495749,(640) 497-0383,Construction
Simth Inc,"55770 Amanda Bridge, Romerotown, NY 24206, USA",156999852,(456) 094-3201,Facilities Management
PARKS GROUP,"58326 Fields Lodge, South Stephaniebury, WA 08226, USA",809069927,1798210959,Construction
Mendez & Sons,"8834 Mathis Isle Apt. 048, West Dustin, GU 89341, USA",215847550,791-388-5158,Manufacturing
Lopez Inc,"57691 Richard Rue Suite 259, Patrickview, HI 13746, USA",34-8215410,228-985-3541,Office Supplies
Taylor-Nugyen,"0605 Parker Fords Apt. 900, Staceyshire, CA 44292, USA",63-7569722,(727) 506-3622,Facilities Management
Irwin Inc,"45797 Seth Trafficway Apt. 392, North Dawnton, NY 84967, USA",142683817,293-807-4385,Professional Services
"Ellis, Jackson and Williams","65155 Bowman Motorway, Lake Jake, MS 10063, USA",66-8455421,072-778-7659,Construction
Hernandez Group,"7050 Heather Court, West Alex, WI 48978, USA",45-8167668,836-825-1702,Facilities Management
Robinson PLC,"9318 Emily Greens, Maryfurt, TX 38171, USA",48-1584364,9566566020,Construction
Holland-Ramirez,"30961 Steven Fork Suite 857, Vickiport, CA 73476, USA",,442-654-9537,Construction
Bell-Calderon,"9087 Jacobs Crest, Stevenside, WV 04417, USA",77-1939435,048-690-8026,Construction
"Robertson, Martin & Berry","2749 Spence Hill, Morrisburgh, NY 08848, USA",51-5721250,(551) 562-4993,Manufacturing
Turner and Partners,"99520 Clark Court Suite 042, Lake Steven, NH 54797, USA",90-0592344,375-997-2984,Logistics
HOLDNIGS,"405 Mason Ville, Smithland, VA 33438, USA",21-4644955,(652) 918-9358,Healthcare Supplies
JOHNSON HOLDINGS,"8307 Cervantes Dam, Port Timothy, KY 89413, USA",29-8370042,0542602442,Facilities Management
"Andrews, Stanton & Consulting","422 Mark Island, Ricetown, SD 98243, USA",762441268,044-057-1062,Facilities Management
Solutions,"020 Debra Center, Bishopburgh, MN 34148, USA",75-0262890,125-886-0496,Facilities Management
SMITH & CONSULTING,"25092 David Ridges, Johnsontown, SC 71527, USA",75-7518717,8552617282,Construction
Group,"269 Christopher Run Apt. 646, Elizabethhaven, MT 50565, USA",48-5753927,6326631882,Logistics
"BAKER, BROOKS & GRP","768 Kelly Pike Suite 851, Zimmermanfort, GA 52133, USA",,6263575484,Construction
Hensley Partners,"40541 Hatfield Flat Apt. 142, Allisonbury, MT 15479, USA",24-3974416,4723803270,Facilities Management
BROWN PARTNERS,"613 Banks Mall Apt. 485, Mitchellstad, AR 17846, USA",86-4524716,(852) 958-0312,Manufacturing
SOLUTIONS,"32796 Richardson Port, Erinbury, ID 53507, USA",29-7543237,521-177-8002,Facilities Management
PARTNERS,"59390 Brian Inlet, Wongchester, CA 94446, USA",627685695,1670214929,Office Supplies
Warren and Partners,"8340 Andrew Mount, New Alanshire, ND 88248, USA",24-7653166,2502109859,IT Services
"Chan, Hall & Holdings","60843 Maria Course, Lake Stephanie, WI 32446, USA",307511166,(539) 411-8727,Facilities Management
"Manning, Myers and Holdings","93317 Reynolds Cliff Apt. 631, Lake Haileystad, AK 15439, USA",134606221,(596) 955-4917,Office Supplies
Herring Partners,"855 Long Greens, Lake Kevinland, AR 16738, USA",920917342,(625) 316-4023,Facilities Management
"Cardenas, Taylor&  Holdings","03123 Harrell Passage Apt. 662, East Kristinhaven, GA 42235, USA",91-3656416,3967183239,IT Services
Holdings,"81089 Angela Parkways, East Justin, TX 58713, USA",571678892,089-850-0038,Healthcare Supplies
"Lopez, Boyle & Partners","049 Moreno Bypass, Ellisbury, IL 43517, USA",,(501) 443-0111,Logistics
"Duffy, Swanson & Group","0512 Brian Island Apt. 535, Anthonyfurt, WY 89486, USA",752759821,4236537558,Logistics
Alvarez Solutions,"854 Hooper View Apt. 016, Lake Jameshaven, IN 16086, USA",52-3216102,2792426281,Manufacturing
Barton and Group,"331 Eric Mall, Port Henry, IA 24274, USA",659042709,1274140551,Construction
Group,"297 Sloan Drive Apt. 616, Francisview, PR 77619, USA",,(349) 617-4648,Healthcare Supplies
"KENT, BAKER & GROUP","37631 Dudley Harbors, Bennettville, MP 66766, USA",36-3841612,1674312182,Construction
"Leon, Simmons and Group","1779 Holly Overpass Apt. 548, Sethview, UT 77207, USA",30-3850254,(495) 053-6236,IT Services
"THOMPSON, CAIN & SOLUTIONS","6826 Sean Squares, West Caitlinland, WV 02957, USA",57-1967377,6859646521,IT Services
"Cain, Garner and Solutions","11409 Leon Underpass, East Jasontown, WA 70506, USA",758347916,(167) 383-3997,Facilities Management
"Ray, Thompson & Group","9835 Jefferson Freeway, Robertton, AK 24662, USA",84-0831347,7703619328,Healthcare Supplies
"Haney, Johnson and Consulting","2576 Bailey Shoals Apt. 643, Masseychester, OH 57858, USA",25-2728624,979-752-5421,Facilities Management
"Lewis, Richardson & Partners","9511 Rodriguez Branch, East Randy, NJ 10805, USA",19-7110078,(089) 872-6905,Logistics
PETERSON CONSULTING,"82872 Fowler Highway Apt. 647, New Katieton, WY 06570, USA",24-5284437,887-044-9160,Manufacturing
Chan Partners,"302 Horton Lake Suite 943, Gabrielleshire, AK 19230, USA",54-4055921,050-009-4365,Healthcare Supplies
Nolan Solutions,"075 Glover Trail Suite 422, North Scott, SD 28214, USA",58-4135007,(360) 694-3472,Facilities Management
