vendor_id_src,legal_name,address_line1,city,state,postal_code,country,tax_id,phone,category
A-000001,Moore-Bernard,16155 Roman Stream Suite 816,New Kellystad,OK,25704,United States,12-6855092,103-413-1647,Construction
A-000002,MARTIN-KELLY,192 Frank Light Suite 835,East Lydiamouth,MO,35594,United States,36-2950628,139-537-6724,Professional Services
A-000003,"Wilson, Dyer and Potter",46270 Stanton Track Apt. 814,East Nathaniel,GA,71198,United States,82-6600539,809-570-1543,Logistics
A-000004,Humphrey Inc,718 David Mountains,West Allison,PA,55962,United States,73-4036506,383-465-7871,Office Supplies
A-000005,Davis Group,6701 Richard Junction Apt. 333,Taylorburgh,KY,61138,United States,20-0604502,317-810-8013,Professional Services
A-000006,Tucker-Lewis,26064 Mitchell Square Suite 234,North Beth,ND,08490,United States,34-9817734,500-978-8208,Manufacturing
A-000007,"Murillo, Ferrell and Jones",425 Natasha Land,Ericside,VT,40152,United States,86-8820204,980-841-2411,Office Supplies
A-000008,"Moore, Campbell and Clark",48740 Cynthia Village Suite 005,Lake Tina,GA,97655,United States,33-6696312,786-801-1280,Facilities Management
A-000009,"Tran, Jordan and Williams",53315 Dickson Summit Apt. 322,Johnsonmouth,WY,54465,United States,73-2719211,342-160-7337,Construction
A-000010,Hoover-Savage,36541 Bell Pass,Frazierside,MA,04118,United States,96-9119330,142-940-1965,Manufacturing
A-000011,Lowery Inc,78895 Salazar Stravenue Suite 872,Colebury,MP,84080,United States,26-6944844,487-347-1434,Professional Services
A-000012,Orozco-Miller,62316 Rivera Mountain,Brownchester,MS,77057,United States,91-9795579,096-705-4668,Healthcare Supplies
A-000013,"Payne, Morrison and Walker",6706 Caldwell Union,Ramseymouth,PW,17229,United States,20-9747451,980-699-0162,Logistics
A-000014,"Patterson, Wood and Hunter",67165 Zimmerman Mews Apt. 849,Marshallshire,KY,42746,United States,74-8245888,314-737-9965,Construction
A-000015,Rosales-White,4549 Peters Path,North John,MT,64539,United States,96-6647391,837-770-1436,Manufacturing
A-000016,Torres PLC,8856 Bell Motorway Suite 443,Lake Jamesville,WA,70737,United States,88-3543540,233-749-8941,Facilities Management
A-000017,"Walker, Hernandez and Baker",02499 Gonzales Mountain,Hollyview,NY,71277,United States,99-0566476,771-906-5940,Healthcare Supplies
A-000018,Hayden PLC,490 Thomas Run,Moonburgh,OR,57633,United States,71-9927151,717-565-5125,Professional Services
A-000019,"Simpson, Bates and Morales",1545 Tara Lodge,Lake Mollymouth,MT,07605,United States,85-6528252,385-977-0348,Logistics
A-000020,Reyes PLC,46584 Justin Hills,Grimesmouth,ND,63984,United States,93-0075810,558-867-5339,Construction
A-000021,Santos-Christian,7809 Jimmy Spur Suite 316,Port Cynthiaville,NV,22306,United States,20-8449460,400-504-5562,Office Supplies
A-000022,Gonzalez-Cruz,36959 Haney Hill Apt. 640,New Julieport,WI,30663,United States,78-2560971,953-394-2104,Healthcare Supplies
A-000023,Davis-Foster,175 Richards View Suite 137,New Nicoleside,MD,80465,United States,48-1469012,317-461-2004,Professional Services
A-000024,Davis PLC,7586 Nicole Shoal,Port Tracychester,KY,04789,United States,81-9595113,537-735-1585,Construction
A-000025,HILL-DONALDSON,39005 Vanessa Turnpike Apt. 183,Port Molly,MA,19841,United States,85-3573823,904-228-4210,Logistics
A-000026,"Davis, Simmons and Ortega",71111 Davis Streets Suite 280,Elizabethchester,MI,87708,United States,27-5452091,604-945-1983,Facilities Management
A-000027,"Olson, Boone and Bell",49368 Chelsea Shoals Suite 024,Sandrastad,AL,24278,United States,50-7437181,296-120-1836,Construction
A-000028,"Wilson, Hicks and Bullock",2312 Gonzalez Rapids Apt. 127,Webstershire,NV,89778,United States,34-5938494,995-527-1774,Manufacturing
A-000029,"Bishop, Cox and Hardin",5905 Mark Point Suite 449,West Christopher,TN,19038,United States,53-0747414,546-291-4865,Construction
A-000030,"Warner, Valentine and Osborn",685 Michael Falls,West Stacey,NM,25667,United States,17-1069472,322-141-8880,Professional Services
A-000031,"Spencer, Myers and Harrison",4051 Allen Shoals Apt. 952,West Amyburgh,MP,90243,United States,24-9926919,772-217-0430,Professional Services
A-000032,STEWART LLC,740 Justin Wall Apt. 541,Samuelfurt,WA,58138,United States,89-9925830,652-775-8416,Construction
A-000033,Johnson-Jones,6909 Erika Land Suite 719,New Michael,MD,85640,United States,72-6563708,431-027-8681,Office Supplies
A-000034,Padilla-Lewis,731 Melissa Mission Apt. 715,Jennaside,ND,38559,United States,48-8690725,422-583-1323,Professional Services
A-000035,"Hernandez, Martin and Morris",8414 Cynthia Plaza,Davidport,RI,70425,United States,19-7613238,182-992-2995,Manufacturing
A-000036,Bryan Inc,94396 Tyler Road,Dawnport,NJ,32597,United States,21-7734861,647-102-7677,IT Services
A-000037,LAWSON-EDWARDS,562 Robertson Coves Suite 371,Shannonberg,CT,07133,United States,77-3715057,469-632-5953,IT Services
A-000038,Jimenez PLC,4701 Wagner Garden Apt. 950,West Troyfort,LA,70846,United States,95-0488739,016-245-6506,Office Supplies
A-000039,Cardenas-Blevins,0415 Douglas Summit,Lewisside,KY,74165,United States,69-4021782,421-993-3083,Manufacturing
A-000040,"Hayden, Howe and Mcdowell",9915 Gibson Row,Smallberg,PR,66589,United States,83-1980933,743-152-7420,Construction
A-000041,"Padilla, Miller and Elliott",839 Franklin Walk,Wilsonborough,VT,76935,United States,56-6825638,718-707-2867,IT Services
A-000042,"Brandt, Baxter and Anderson",28682 Mary Throughway Apt. 478,Patelbury,IA,60876,United States,87-5340444,524-310-6903,Construction
A-000043,"Fry, Hobbs and Buck",705 Floyd Island Suite 624,Whiteside,NJ,32085,United States,64-5119047,342-708-6688,Logistics
A-000044,"Thomas, Green and Donovan",2353 Hudson Gardens Suite 854,Levyfort,NH,22551,United States,26-4109919,522-872-8080,Healthcare Supplies
A-000045,"Jordan, Case and White",233 Ochoa Grove,Millerfurt,NH,74556,United States,67-9153816,334-101-6668,Manufacturing
A-000046,Reynolds-Frazier,94311 Moore Station Apt. 655,North Adamport,NV,47676,United States,22-0117054,412-126-7888,Healthcare Supplies
A-000047,Mendoza and Sons,4793 Bennett Viaduct Suite 519,New Wendy,HI,89854,United States,35-8633898,807-374-1672,Logistics
A-000048,ALLEN-HOPKINS,1797 Ferguson Ways Suite 805,North Kaylastad,GA,85304,United States,19-1969690,909-656-1014,Facilities Management
A-000049,Kim Ltd,1401 Melinda Rue Apt. 238,New Ethan,OH,56386,United States,91-6690353,736-226-6093,IT Services
A-000050,"Jordan, Smith and Lewis",191 Michael Flat Suite 147,Candicefurt,OR,15473,United States,23-7859287,557-924-9912,Facilities Management
A-000051,Allen Inc,2866 Bailey Manors,South Cynthia,UT,85076,United States,69-0347116,282-742-2579,IT Services
A-000052,"Chen, Martin and Taylor",09584 Mario Squares,Keithview,PR,67926,United States,86-5523129,126-042-2325,Construction
A-000053,RICHARDSON-EVANS,21890 Scott Stravenue Apt. 269,Heathland,MH,13669,United States,34-1266931,219-656-5234,Logistics
A-000054,Wright PLC,043 Julie Hill Apt. 376,East Victorland,NC,02082,United States,46-3016614,552-696-5827,Manufacturing
A-000055,Smith Inc,3006 Fuller Parkway,Hendersonfurt,CO,84457,United States,73-1691672,889-241-4183,Professional Services
A-000056,Sanchez Group,2208 Walker Gateway Suite 541,Davidton,HI,29754,United States,86-0038427,806-174-4518,Manufacturing
A-000057,Wood L.L.C.,937 Vargas Park Apt. 832,South Andrewside,MI,83855,United States,34-5824373,050-641-3836,Logistics
A-000058,Kaufman and Sons,03865 Villegas Corner Apt. 826,New Ashleychester,TN,17633,United States,13-3729406,344-565-5743,Healthcare Supplies
A-000059,Palmer-Byrd,06788 Cody Cove Apt. 100,East James,MO,49291,United States,39-9012686,199-410-1372,Facilities Management
A-000060,Brown-Ramirez,3838 Veronica Tunnel,Timothyfort,MI,74642,United States,87-6693898,856-420-5930,Facilities Management
A-000061,Brown-Frey,321 Diane Grove Apt. 396,Savannahburgh,HI,31506,United States,36-0916298,955-905-9929,Facilities Management
A-000062,Weaver-Thompson,03930 Smith Ridges,Port David,VT,23761,United States,96-7043303,500-292-1851,Office Supplies
A-000063,"Garcia, Crawford and Rivera",55215 Smith Fords,Lake Carlos,KS,14661,United States,20-4078666,006-762-6765,Office Supplies
A-000064,Garcia-Mendoza,71040 Green Cove,West Georgefurt,GA,96443,United States,48-0424119,181-599-7062,Office Supplies
A-000065,"Perez, Brown and Hughes",793 Evans Locks Apt. 898,North Stacy,NV,23160,United States,82-3019672,233-206-1632,Logistics
A-000066,Flores-Acosta,68685 Stone Well,Port Isabellashire,NC,55498,United States,16-5082363,162-299-9119,Office Supplies
A-000067,Floyd PLC,4679 Johnson Harbor Suite 299,Williamsmouth,UT,31640,United States,88-1913386,074-505-4447,Healthcare Supplies
A-000068,"GARCIA, MELTON AND TAYLOR",4691 Scott View Suite 785,New Laceyland,ME,93505,United States,95-9629660,862-890-2330,Logistics
A-000069,Bryant LLC,5786 Erin Garden,Tracymouth,HI,62705,United States,36-6992705,985-524-1406,Professional Services
A-000070,Turner-Meyer,108 Hoffman Ranch Suite 417,West Vanessamouth,VI,36792,United States,25-0519597,443-283-0965,Office Supplies
A-000071,Griffith Ltd,4666 Brandy Ports Apt. 538,Knoxstad,NY,39848,United States,29-7018781,282-417-2482,Construction
A-000072,Pena-Walker,465 Green Hill,Yorkfort,AR,83652,United States,59-6743109,999-173-8168,Professional Services
A-000073,"Meyer, Warren and Hamilton",7532 Smith Fork,East Jessica,OR,66644,United States,15-4318806,215-064-8909,Manufacturing
A-000074,Gutierrez-Hawkins,99488 Diamond Motorway,Michaelton,GU,29719,United States,51-9212169,758-997-5711,Construction
A-000075,"Walker, Peterson and Gallegos",851 Penny Park Apt. 614,East David,PR,51998,United States,94-1889393,373-516-0917,Facilities Management
A-000076,"Lawrence, Gordon and Maynard",086 Glass Tunnel,Lake Beth,VA,17328,United States,40-6284028,169-958-6693,Office Supplies
A-000077,"Jones, Wagner and Perry",53355 Carter Terrace Suite 801,Seanbury,AZ,89964,United States,90-3132646,561-648-4085,Healthcare Supplies
A-000078,Whitehead-York,23943 Howard Union,Port Karenside,NH,84999,United States,16-1073976,814-141-3975,Logistics
A-000079,Frazier LLC,7547 Gregory Rest Apt. 428,West Jessica,SC,10523,United States,73-8914080,108-099-6930,Logistics
A-000080,Stephens-Lutz,256 Patricia Radial Suite 278,South Michaeltown,TN,31811,United States,82-5003955,928-272-2992,Professional Services
A-000081,Perry LLC,7739 Deborah Loop,East Bradleyshire,OR,21620,United States,72-1609600,280-920-2428,Manufacturing
A-000082,"Barnes, Hernandez and Davis",908 Christopher Shoals Apt. 980,Boydstad,VI,06194,United States,55-0139320,863-765-9916,Healthcare Supplies
A-000083,Oconnell-Smith,79611 Walker Common,Lake Patrickfurt,RI,86507,United States,35-6287095,849-027-7038,Construction
A-000084,Watson-Stewart,2846 Karen Crossroad Apt. 867,New Michaelburgh,NH,16277,United States,11-0002396,875-003-6915,Facilities Management
A-000085,Smith-Martinez,982 Kelly Spring,Hamptonmouth,FM,10778,United States,64-3189555,694-722-5699,Construction
A-000086,Brown Group,68114 Christopher Loaf,Jeromeport,NV,82615,United States,17-3864104,228-200-5577,Professional Services
A-000087,Cooper Group,774 Katie Union,Carlatown,OH,49475,United States,26-9379374,368-663-2663,Facilities Management
A-000088,"Wright, Wise and Ramos",71837 Maldonado Inlet,Ericton,WA,72535,United States,81-7112652,814-743-5031,Construction
A-000089,"Hamilton, Smith and Bauer",3009 Barker Drives,Kellibury,GA,66026,United States,81-2308209,195-005-2812,Logistics
A-000090,Stewart PLC,3065 John Canyon Suite 784,Lopezburgh,ND,46070,United States,24-4193987,574-982-1827,Construction
A-000091,"Brown, Jensen and Rice",1381 Jessica Place,Lopezhaven,TN,33106,United States,39-2431670,928-861-9576,Construction
A-000092,"Hardin, Navarro and Cummings",79194 Jessica Ports Suite 105,Nicholechester,MT,16300,United States,31-8610946,390-604-8058,Construction
A-000093,Murphy Ltd,06799 Jeffrey Highway,Hernandezmouth,CO,62872,United States,64-2678844,908-641-6862,Facilities Management
A-000094,Castillo and Sons,9389 John Grove Suite 591,Lake Robertstad,MI,25468,United States,36-9639388,559-042-5979,Manufacturing
A-000095,"Mills, Green and Webb",069 Jonathan Circle,Jamesview,AR,61444,United States,99-0505735,016-451-0463,Construction
A-000096,Raymond LLC,56216 Robert Ports,South Tara,PW,79847,United States,45-8153605,578-232-9832,IT Services
A-000097,Farmer PLC,993 Jerry Burg Suite 172,Josephstad,HI,51286,United States,27-3497327,772-233-0604,Facilities Management
A-000098,Newton and Sons,27975 Clay Meadow,Parsonsfurt,VA,41513,United States,69-2362342,699-988-0817,Office Supplies
A-000099,RICH AND SONS,086 James Mill Suite 447,South Kelly,PW,07650,United States,70-2269164,827-718-1298,Manufacturing
A-000100,"Mitchell, Guerrero and Graves",9501 Morris Light,Port Ronaldside,CA,38883,United States,99-6139578,721-458-6833,Healthcare Supplies
A-000101,Rodriguez Ltd,9469 Green Ports,Sarashire,NM,68619,United States,72-5464884,772-934-3010,IT Services
A-000102,Rodriguez Inc,78078 James Orchard,Kimberlyberg,WI,13379,United States,48-4194737,823-076-8104,Professional Services
A-000103,"Charles, Wiggins and Cook",84094 Manuel Fields,Joshuamouth,WI,58318,United States,83-2363533,142-241-0988,Professional Services
A-000104,Edwards-Roth,9217 Stanley Spur,Ruizbury,FL,81364,United States,47-9759538,456-255-7701,Office Supplies
A-000105,Jones-Clark,9583 Elaine Club Suite 199,Nguyenville,GU,58856,United States,35-4194771,246-191-9657,IT Services
A-000106,"Brown, Robinson and Taylor",27846 Gonzalez Springs,Kevinport,PW,57481,United States,95-8872154,519-098-6240,IT Services
A-000107,"Faulkner, Smith and Castro",40369 Garrett Station Suite 666,Lake Glenn,DC,25172,United States,54-2697755,865-624-2201,Manufacturing
A-000108,Yu-Yates,09494 Crystal Prairie Apt. 904,West Toddberg,NY,10575,United States,96-1393416,442-944-4019,Professional Services
A-000109,"Stevenson, Hopkins and Wood",3728 Matthew Corner,New Sarah,FL,65505,United States,38-6480450,663-723-9504,IT Services
A-000110,Williams Group,4783 Vega Loaf Suite 428,Smithmouth,MS,89432,United States,94-5436943,580-185-6945,Logistics
A-000111,"Douglas, Houston and Sampson",119 Nicholas Track,North Heather,KS,39110,United States,60-5399561,717-465-4214,Professional Services
A-000112,Reyes LLC,4271 Krause Flats,Whitefort,CT,19358,United States,31-4289692,863-917-4101,Facilities Management
A-000113,Porter-Hanna,05050 Wilson Valley Suite 829,North Benjamin,FL,64581,United States,33-9362341,079-032-0204,Manufacturing
A-000114,"Hopkins, Hill and Lee",772 Elizabeth Cape,Lake Michaelborough,NE,33450,United States,93-0353157,597-010-8220,Construction
A-000115,Cantrell-Harris,90421 Ellis Extension,Jeffreyport,PA,21051,United States,82-9627019,929-831-6873,Healthcare Supplies
A-000116,"RUSSELL, ROBINSON AND HOWARD",107 Martin Mount,South Stevenberg,VI,92662,United States,38-0477683,625-701-6580,IT Services
A-000117,Allen-Wilson,933 Gomez Grove Suite 401,Michaelfort,NY,69534,United States,14-1078352,178-847-9513,Logistics
A-000118,"Martinez, Green and Lopez",552 West Estates,Davidtown,MO,65960,United States,56-8574364,275-208-8547,Logistics
A-000119,Evans-Davidson,46273 David Harbor Suite 195,Cunninghamview,SC,90404,United States,10-1815992,715-890-4290,Professional Services
A-000120,Murray-Steele,04565 Keith Pines Apt. 832,New Karenside,MD,41947,United States,49-1079829,445-189-5202,Office Supplies
A-000121,Watson-Washington,13283 Laura Points Apt. 671,Port Davidtown,NJ,46141,United States,17-5133802,452-798-5240,Healthcare Supplies
A-000122,Walker Ltd,342 David Common,Vazquezville,CA,02965,United States,76-9108025,760-310-8907,Healthcare Supplies
A-000123,Williams-Turner,19393 Ellen Burgs,East Meghanview,OR,46092,United States,81-2306873,528-938-9119,Logistics
A-000124,Rice Ltd,2801 Samantha Vista,Richardsonshire,HI,58128,United States,87-2830248,125-663-8361,Construction
A-000125,"Vasquez, Garcia and Kim",26691 Calvin Flat,Jamesfurt,DE,31023,United States,81-6070802,674-994-6579,Office Supplies
A-000126,Dixon-Hernandez,14773 Anthony Street Apt. 170,South Cassandra,MD,20520,United States,45-0236225,499-118-7734,Office Supplies
A-000127,Henry-Green,800 Beard Crest Suite 756,Stevenston,HI,73464,United States,84-8621833,427-624-6719,Construction
A-000128,Brown-Sanchez,491 Misty Crescent,Geoffreyside,MD,05400,United States,30-5986733,769-864-0790,Office Supplies
A-000129,Hudson-Morris,1357 Jackson Hills,Taraborough,NM,83789,United States,81-3962536,183-440-4963,Office Supplies
A-000130,"Rubio, Robbins and Lane",1987 Clark Underpass Apt. 484,Alvaradomouth,ID,54805,United States,82-7264603,649-878-2082,IT Services
A-000131,Lewis-Hayden,8969 Alexa Lakes Suite 232,Meganchester,MD,08945,United States,76-0904107,364-424-9363,Construction
A-000132,Lee and Sons,7866 James Groves Apt. 044,Lake Melissa,VA,64181,United States,53-6019893,001-594-1651,Manufacturing
A-000133,Price-Browning,4134 Michele Estates Suite 560,Michellefort,NJ,97093,United States,94-3702118,656-124-8156,Healthcare Supplies
A-000134,"Li, Rojas and Chavez",27206 Courtney Island,North Erichaven,VT,85590,United States,59-9277266,296-577-2429,Facilities Management
A-000135,Gonzalez-Perry,6930 Sandra Rue,North Terri,ID,34813,United States,57-4765466,206-969-4215,Professional Services
A-000136,"Wood, Donaldson and Hansen",2875 Anderson Island,Thomasville,MD,06289,United States,80-7435606,274-564-4948,Logistics
A-000137,Gutierrez-Marshall,4918 Daniel Shore Suite 226,North Robertport,MD,77467,United States,14-9621604,779-452-3219,Professional Services
A-000138,"Rodriguez, Ferguson and Smith",27769 Turner Via,Hannahfurt,AS,40170,United States,61-0173760,122-031-0303,Logistics
A-000139,"Thomas, Allen and Wilkinson",47276 Darren Drives,Maynardfort,AK,59419,United States,58-8999385,933-496-0501,Office Supplies
A-000140,Peterson-Wagner,5653 Karen Pines,Cobbberg,AS,56707,United States,80-4436922,667-850-7208,Manufacturing
A-000141,"Kramer, Pearson and Terry",41085 Hardy Streets Apt. 884,North William,ME,68833,United States,93-5822550,520-089-4346,Office Supplies
A-000142,Stone-Wright,935 Garcia Station Suite 611,South Pamelafort,IL,58980,United States,96-3406382,158-698-8649,Facilities Management
A-000143,"Henderson, Alexander and Galvan",622 Todd Mount Apt. 881,South Thomas,WA,21058,United States,15-3921577,851-961-1594,Professional Services
A-000144,Wagner Group,725 Lauren Shores Suite 636,Ambermouth,WA,36857,United States,24-3171768,120-948-1813,Facilities Management
A-000145,"Ray, Brown and Hudson",8018 Suzanne Harbor,East Maria,MP,76464,United States,81-6806128,718-956-9070,Healthcare Supplies
A-000146,Torres Group,83258 Kimberly Plain Suite 870,Port Stevenport,SD,22440,United States,99-1816852,007-494-6539,Facilities Management
A-000147,Williams-Stevenson,1612 Johns Fords,Nicolemouth,SC,34758,United States,27-0894498,743-553-7950,Facilities Management
A-000148,Lucas Inc,02687 Medina Turnpike Apt. 807,West Teresafurt,GU,79316,United States,58-3258726,562-017-5370,Construction
A-000149,"Anderson, Brown and Green",430 Becker Motorway,South Danielleton,PR,42837,United States,78-4683755,664-187-7580,Construction
A-000150,Williams Group,0635 Nicole Valley Apt. 361,East Frank,ME,08738,United States,92-2286180,107-609-5431,Facilities Management
A-000151,Horn-Morales,99076 Pope River Apt. 507,Brianaville,CT,02111,United States,39-4846763,919-392-8456,Facilities Management
A-000152,Castillo LLC,62050 Michael Point Apt. 247,Lake Brenda,WV,47675,United States,46-0613550,003-342-3425,Healthcare Supplies
A-000153,White Inc,1026 Matthew Fords,Stephenstad,AS,49305,United States,67-9984033,289-611-2233,Logistics
A-000154,"Marshall, Morris and Brooks",774 Little Turnpike Apt. 333,Royfurt,IL,40608,United States,34-8315126,669-254-8121,Office Supplies
A-000155,"Schneider, Hartman and House",15083 Gonzalez Isle,Kevinview,ID,92990,United States,85-8511779,928-404-4566,Professional Services
A-000156,"Smith, Valdez and Hays",3337 Zachary Turnpike,Sharpmouth,MA,11756,United States,16-8965204,536-637-7805,Office Supplies
A-000157,"RUSSO, TORRES AND ROJAS",553 Simmons Terrace Suite 845,New Kristenberg,FL,43787,United States,53-7656494,999-966-3618,Healthcare Supplies
A-000158,Heath-Jenkins,28671 Friedman Way,East Monica,ME,57150,United States,54-6434187,729-949-3874,Manufacturing
A-000159,Ritter Group,9385 Stevens Ports,Lake Christophermouth,MI,92292,United States,32-2086735,469-263-2967,Office Supplies
A-000160,"WHITE, CARROLL AND LONG",24841 Regina Loop,West Charlesville,NY,43232,United States,51-8197538,672-438-0701,Manufacturing
A-000161,Jackson-Powers,427 Thompson Station,Lake Amandamouth,UT,06760,United States,61-2153089,816-470-9006,Manufacturing
A-000162,Mcfarland LLC,10600 Hoover Springs,East Susanville,AS,87547,United States,47-7698143,220-681-5583,Construction
A-000163,King Inc,625 Cynthia Spurs Suite 715,New Rhondamouth,MS,67482,United States,99-7356828,389-030-9143,Office Supplies
A-000164,Todd-Harvey,57432 Harris Camp,Lake Carly,NV,97396,United States,67-7909930,524-508-6403,Professional Services
A-000165,Cooper-Harris,339 Boyd Falls,Sotoland,VI,64941,United States,62-4232414,130-232-1298,Professional Services
A-000166,"SWANSON, HENRY AND FROST",567 Davidson Radial Apt. 601,Frederickburgh,ID,57687,United States,51-7532243,458-750-6633,Healthcare Supplies
A-000167,King-Turner,461 Daisy Trail Suite 243,Haletown,GA,64952,United States,87-7583839,011-686-4622,IT Services
A-000168,Woods Ltd,04090 Jason Turnpike,South Carrieview,NM,62528,United States,76-8143326,596-555-5356,Manufacturing
A-000169,"Brown, Kelly and Rivera",76209 Misty Harbors,West Shannon,TX,86861,United States,52-3076025,786-305-0505,Manufacturing
A-000170,Bennett-Love,863 Jonathon Highway Apt. 115,Lake Sheri,OK,48701,United States,29-5130056,256-904-0983,Manufacturing
A-000171,Flores-Diaz,993 Randall Plain,Stewartport,MP,29193,United States,37-9340713,772-942-0954,Office Supplies
A-000172,"Martinez, Shea and Mccarthy",374 Brown Valleys Suite 233,Port Kimberlyfort,VA,51856,United States,45-1492250,420-865-6756,Professional Services
A-000173,Howe Inc,2018 Watkins Drive Suite 301,South Tracy,UT,78640,United States,46-2388455,261-764-7501,Office Supplies
A-000174,Wright Inc,872 Neal Pike Suite 988,Lake Corey,GU,06364,United States,60-4988121,303-243-2983,Manufacturing
A-000175,Ramirez-Daniel,84462 Bryant Glens Suite 283,Lake Jessicaborough,VT,49278,United States,90-4258674,989-262-5660,Manufacturing
A-000176,Farley-Henderson,51538 Kelly Orchard Suite 430,Robinsonport,SD,68072,United States,36-5518424,079-705-0975,Professional Services
A-000177,"Mclean, Cameron and Price",02258 Katrina Freeway,Lake Mariachester,PA,97157,United States,60-8482316,067-447-1639,Logistics
A-000178,Davis Inc,8433 Simmons Circle Suite 041,Michaelstad,VT,55298,United States,59-9326438,350-200-0534,Construction
A-000179,Kerr-Garcia,7554 Collin Bridge,West Michael,AS,47868,United States,92-3450567,989-534-3961,Healthcare Supplies
A-000180,Soto PLC,93371 Shelly River,Kevinfort,WV,26977,United States,28-0162221,820-236-8485,Logistics
A-000181,Soto-Wilson,76880 Carol Square Apt. 409,Port Teresaborough,WA,52601,United States,93-5147672,788-127-8686,IT Services
A-000182,Berg-Walters,3543 Moore Fort,Richardsonfort,CO,65507,United States,43-4961542,272-239-7240,Office Supplies
A-000183,Mcclure Group,21637 Garcia Pine,Lake Karen,AL,79575,United States,52-5904456,166-010-0231,Professional Services
A-000184,Mays PLC,18513 Timothy Port,Ochoaport,MA,63272,United States,18-1600593,230-848-1001,Professional Services
A-000185,Garcia-Tanner,03036 Hernandez Shoal Suite 361,Jacksonville,IN,13835,United States,20-9415691,451-951-5109,Construction
A-000186,"SIMMONS, ACOSTA AND THOMAS",26557 Olson Loop Suite 236,Dunnside,ND,65067,United States,95-4942461,883-619-6893,Manufacturing
A-000187,Morales Inc,2891 Woods Shoal,Wilcoxburgh,AR,49191,United States,11-3585139,634-111-5950,Office Supplies
A-000188,Martin-Rodriguez,043 Danielle Bypass,West Christopher,OK,74530,United States,98-2971099,097-005-1405,Facilities Management
A-000189,Benjamin-Porter,5215 Mosley Parkway Apt. 820,Woodston,LA,21632,United States,21-3321496,271-133-2288,Office Supplies
A-000190,"Curtis, Conrad and Peterson",4596 Pamela Trail,Allenland,FL,74805,United States,48-8896443,710-248-1717,Facilities Management
A-000191,Villa and Sons,9551 Harold Trail,Scottfort,KS,58440,United States,85-9466878,219-705-4669,IT Services
A-000192,Alexander PLC,1687 Rich Springs Apt. 903,East Melissaport,MS,21237,United States,56-7600762,961-367-1577,IT Services
A-000193,"Mccullough, Marshall and Miller",6365 Logan Rapids,Lewisfort,DE,36988,United States,88-7906704,708-272-3590,Construction
A-000194,Brown-Stokes,3030 Nelson Roads Apt. 121,Richardport,VI,93851,United States,76-1330848,768-342-0165,Facilities Management
A-000195,Baker-Bowen,79103 Robert Plains Apt. 963,Jasonborough,TX,76108,United States,98-6625773,055-044-8177,Construction
A-000196,Bell-Clayton,512 Patterson Fall Apt. 866,Meganchester,SC,37626,United States,44-6071904,911-110-9617,Professional Services
A-000197,"Ho, Garcia and Wallace",463 Kimberly Plaza,Wilsonfort,DE,46456,United States,99-1990632,766-053-8444,Logistics
A-000198,"Strickland, Lopez and Delgado",3836 Hopkins Harbor,East Courtneyshire,VI,14056,United States,71-1871397,179-112-4421,Office Supplies
A-000199,Webb-Mendez,84139 Amanda Path,East Michelle,DE,28938,United States,63-0757561,052-312-4473,Healthcare Supplies
A-000200,Erickson-Pearson,768 Nielsen Glen Apt. 346,New Laurashire,ME,22213,United States,29-5249057,376-769-4591,Facilities Management
A-000201,Patterson-Bradley,172 Susan Glen Suite 498,Raymondville,HI,42795,United States,32-7761953,625-313-5525,Healthcare Supplies
A-000202,Ross-Hawkins,9064 Snyder Row Apt. 591,East Brandontown,DC,14281,United States,74-0116562,563-213-5800,Construction
A-000203,Rodriguez LLC,5964 Sara Prairie,Wilsonmouth,VI,19899,United States,69-6776072,967-188-3977,Manufacturing
A-000204,Barton-Webb,4158 Donna Street,Lake Christian,NM,08400,United States,65-4724287,303-763-7153,Professional Services
A-000205,"Palmer, Edwards and Blackburn",281 Jeffery Lakes Suite 798,Port Ricardo,CA,36917,United States,19-1926217,624-912-7113,Professional Services
A-000206,"Snyder, Hamilton and Maldonado",31009 Allen Place,West Jeremyfurt,MO,51997,United States,62-4606470,134-732-3549,Professional Services
A-000207,"Smith, Lopez and Velez",432 Maldonado Expressway Apt. 572,Lake Thomasmouth,AK,23768,United States,84-1536135,412-095-7907,Facilities Management
A-000208,PARKER-WILLIAMS,167 Roberts Branch Suite 272,Cindyburgh,ME,64310,United States,19-9915275,414-070-3491,Construction
A-000209,"Stevens, Brown and Brown",9149 Vaughn Way,North Joyhaven,WA,94473,United States,60-8159580,038-287-2324,Healthcare Supplies
A-000210,Ball-Zuniga,311 Eric Crest Apt. 331,Johnsonhaven,NV,51712,United States,55-6881239,014-672-3849,Healthcare Supplies
A-000211,Villarreal-Williamson,02232 Thomas Highway Suite 197,Elizabethfurt,MS,91943,United States,47-7753674,176-620-4719,Facilities Management
A-000212,Carpenter Inc,52774 Tina Knolls Apt. 586,East Dianastad,SD,94769,United States,39-0894296,957-244-6176,Construction
A-000213,"Hopkins, Johnston and Pennington",59959 Jones Burgs Apt. 311,Villafort,MD,30848,United States,36-9942642,312-661-0941,Professional Services
A-000214,"Jones, Hines and Obrien",51762 James Overpass,Sheltonbury,ID,97776,United States,22-9553265,268-319-0130,Professional Services
A-000215,FISHER-GONZALEZ,38503 Jones Port,West Tinachester,PA,97401,United States,30-5665554,918-724-0107,Professional Services
A-000216,Santos Group,3000 Amanda Wall Suite 087,South Katieberg,NE,92426,United States,89-3070706,682-171-9553,Facilities Management
A-000217,Mendoza-Martinez,48375 Scott Hollow,Kimberlyport,VI,86175,United States,20-7939087,384-588-1056,Professional Services
A-000218,"Tucker, Miller and Barr",8315 Barry Freeway,Santosmouth,DE,03291,United States,41-8092217,704-496-4104,Professional Services
A-000219,Lee-Johnston,3537 Goodman Crescent,South Jessica,FM,54230,United States,78-4907325,515-881-5793,Facilities Management
A-000220,Hall-Carey,369 Catherine Underpass,Matthewville,CO,54044,United States,21-0152642,682-973-2702,Manufacturing
A-000221,Jones LLC,7647 Jessica Stream Apt. 209,Emilymouth,MS,42501,United States,60-4011128,728-941-3475,Facilities Management
A-000222,"Ramirez, Davis and Arnold",90883 Tracy View,West Jamesshire,NE,96457,United States,29-7958983,782-741-1767,Manufacturing
A-000223,Lin LLC,1315 William Harbor,Mccoyhaven,TX,10211,United States,37-1096600,506-185-3800,Facilities Management
A-000224,Willis and Sons,7272 Campbell Flat,New Mercedesborough,AL,57428,United States,22-2500131,178-932-0649,Logistics
A-000225,"Silva, Little and Washington",3477 Harper Plains,Phillipsbury,DE,99455,United States,53-0256336,467-536-1275,Facilities Management
A-000226,Chandler-Morgan,7639 Amanda Tunnel,New Cherylberg,PA,71249,United States,26-2915636,006-155-8108,IT Services
A-000227,Velez-Ferguson,0765 Shaun Ports,South Kelliemouth,MN,62996,United States,22-7186396,914-521-1823,Office Supplies
A-000228,"Weeks, Rhodes and Mills",224 Leah Station Suite 894,Fordmouth,WA,94889,United States,58-3736219,228-705-6227,Facilities Management
A-000229,Collins and Sons,187 Davis Road,Wheelerland,MI,83907,United States,41-9280490,835-034-4694,Office Supplies
A-000230,"Wang, Villa and Hoffman",92134 Jose Cove,Port Alexa,SD,50694,United States,42-7899537,599-949-7320,Manufacturing
A-000231,Davis PLC,27051 Derrick Valley,Colemanfort,MD,40157,United States,75-4586204,813-866-6754,Logistics
A-000232,"Cowan, Gonzalez and Ward",94515 Shaw Bridge,Arthurview,SD,63249,United States,77-1641650,604-409-0797,Professional Services
A-000233,Lopez LLC,78207 Watkins Square Suite 673,Jennifermouth,NJ,89440,United States,84-0206617,640-381-6649,Facilities Management
A-000234,Davis-Sanchez,72517 Hale Mountains Suite 731,Andersonberg,MO,43376,United States,34-8545713,469-681-5790,Construction
A-000235,Wang-Johnson,45607 Evans Camp Apt. 508,Wrightland,ND,12896,United States,38-4063364,227-645-7938,Professional Services
A-000236,Williams-Nguyen,91681 Pennington Summit,Robertotown,HI,98381,United States,55-6489494,416-139-4498,Logistics
A-000237,Benson Inc,736 Burgess Tunnel Apt. 480,Browningport,KY,01163,United States,68-4719405,630-624-4795,Professional Services
A-000238,"Faulkner, Welch and Hoffman",38544 Hayes Mountain Apt. 299,New Michael,NE,54947,United States,38-5220694,048-736-8269,IT Services
A-000239,Foster and Sons,422 Pierce Knoll,South Rachel,KY,42365,United States,17-6675731,515-888-6367,Manufacturing
A-000240,"Ortiz, Johnson and Bishop",715 Julia Turnpike,Arnoldborough,PR,21653,United States,73-8923667,753-273-5241,Construction
A-000241,Ware-Medina,7046 Michael Stravenue,Pattersonville,CT,19635,United States,60-3260608,491-256-5237,Construction
A-000242,Davis-May,7345 Norris Isle,Lyonsshire,KY,78413,United States,85-1333320,022-840-3595,Office Supplies
A-000243,Parker-Baldwin,7422 Catherine Walks Suite 430,New Kevin,OR,02082,United States,39-2322121,458-867-9252,Facilities Management
A-000244,"Edwards, Brooks and Grimes",287 Timothy Light Apt. 153,Jamieberg,KY,80276,United States,57-0040006,135-779-0833,Logistics
A-000245,Quinn Inc,403 John Trace,Marshallside,FM,07196,United States,56-3887247,513-717-1731,Healthcare Supplies
A-000246,"Lewis, Freeman and Hudson",73997 Johnathan Lodge Suite 725,Palmerport,KS,70256,United States,74-8232591,354-884-7127,Construction
A-000247,Barry-Hicks,21641 Peterson Spur Apt. 313,West Warren,MD,70021,United States,12-7772220,714-939-2523,Logistics
A-000248,Floyd-Phelps,8796 Perez Greens,Michaelport,MN,19504,United States,34-5805719,455-574-6966,Manufacturing
A-000249,Brown-Ortiz,4033 Phillips Landing,West Ronaldfurt,MD,73648,United States,92-1155204,833-987-4113,Construction
A-000250,Sharp-David,67349 Brown Centers Suite 485,Mcleanville,NJ,18101,United States,71-8740490,156-229-4938,Manufacturing
A-000251,Sanchez-Armstrong,840 Kelsey Cliff Suite 573,West Taylor,NH,47975,United States,91-9382051,534-490-2166,IT Services
A-000252,Yates-Decker,509 Forbes Parkways,Kristyfort,LA,75843,United States,60-5196410,511-918-1828,Facilities Management
A-000253,Harris and Sons,3350 Natalie Mill Apt. 607,South Brandon,NV,52822,United States,78-1594897,336-911-2898,Facilities Management
A-000254,Trujillo and Sons,116 Eaton Cove,East John,VA,86925,United States,27-2684373,457-988-9425,Healthcare Supplies
A-000255,Tran-Ayers,8323 James Summit,Aliciaberg,OK,70042,United States,97-3559879,808-583-8252,Manufacturing
A-000256,"Martin, Walters and Montgomery",963 Williams Locks,Peterhaven,MT,62962,United States,58-8365604,752-401-4843,Logistics
A-000257,"Wilson, Collins and Garcia",74189 Hernandez Throughway Suite 406,Danielmouth,NE,77175,United States,44-7112584,274-381-1995,Logistics
A-000258,"Simpson, Miles and Reynolds",144 Bowman Isle,Estradaview,MI,11392,United States,92-9517022,017-397-3964,Office Supplies
A-000259,NORMAN-JACKSON,55983 Poole Courts Apt. 659,Fowlerfurt,ID,35193,United States,54-3721204,755-752-2501,Manufacturing
A-000260,"Collins, Hunter and May",826 James Course Suite 425,Randyfurt,CT,97007,United States,30-1415220,499-153-7038,Healthcare Supplies
A-000261,"Copeland, Stevens and Kim",20878 Paula Neck Apt. 151,Ashleytown,VT,78847,United States,91-6033628,762-637-4845,Manufacturing
A-000262,"Lindsey, Romero and Russell",90591 Christina Pines Suite 233,Port Howard,SD,65378,United States,31-8568997,151-169-6667,Construction
A-000263,Martinez Inc,1130 Lopez Track Apt. 369,Samuelberg,NV,78751,United States,20-0082623,083-350-9025,Professional Services
A-000264,Bell and Sons,6248 Jeffrey Road,West Diane,NV,03818,United States,22-1827951,713-984-8228,Facilities Management
A-000265,"Hughes, Jennings and Hughes",794 Baird Roads,Mendozaberg,NH,70815,United States,63-5126623,532-426-4250,Construction
A-000266,Thomas-Stevens,2536 Stephenson Mount,Wallacefurt,NH,48153,United States,64-6397165,556-283-3339,Construction
A-000267,"Hopkins, Montgomery and Mccullough",4362 Rodriguez Run Suite 496,East Jeffside,FM,21042,United States,54-6129354,686-270-3692,Facilities Management
A-000268,"Becker, Hammond and Davidson",65732 Stewart Track,Lake Coltonland,CO,03314,United States,60-7042130,005-155-3234,Professional Services
A-000269,Hanson-Stewart,5244 Leah Estate Apt. 261,Mooreside,SC,62048,United States,59-0470737,431-271-0267,IT Services
A-000270,Navarro Inc,3766 Heather Groves Suite 558,Russellmouth,DC,45883,United States,17-4958005,483-744-1715,Construction
A-000271,Johnson and Sons,12512 Kimberly Way,North Jennifermouth,VI,81432,United States,92-9653607,129-751-9102,Office Supplies
A-000272,"HOUSE, LOPEZ AND HIGGINS",63301 Flores Pines,South Lisa,VT,65421,United States,46-4938258,927-490-7280,Construction
A-000273,Schmidt Ltd,2101 Cooper Street Apt. 961,Smithland,MD,77589,United States,40-3696046,591-945-7575,Construction
A-000274,Hines-Edwards,92056 Hobbs Islands,Fordmouth,NV,20513,United States,99-9232921,266-025-6265,Facilities Management
A-000275,MOODY-STANLEY,92310 Kennedy Groves,Jamesfort,MO,21251,United States,25-9553112,484-337-9766,Facilities Management
A-000276,Hernandez PLC,315 Morgan Loop,Karenfort,MO,71949,United States,35-0785761,086-628-1372,Office Supplies
A-000277,Perez-Brown,37003 Stephanie Ways,New Luis,MS,99586,United States,14-6865930,608-470-6810,Healthcare Supplies
A-000278,Morrison-Curtis,21061 James Port Suite 394,Stevenbury,OK,33574,United States,85-7232668,380-403-2537,Office Supplies
A-000279,Cortez-Ellis,277 Norton Shores Apt. 191,Port Anthonyton,PR,01970,United States,51-4548900,404-769-2105,IT Services
A-000280,"Lee, Henderson and Walter",6040 Kevin Greens,Conradborough,DE,83955,United States,63-1855083,072-011-3798,Manufacturing
A-000281,Mcdonald-Reed,78656 Carrie Dam Suite 577,North Matthew,PW,82429,United States,20-7064620,295-829-2361,Facilities Management
A-000282,Mooney PLC,190 Michael Shores,Lake Jeremy,VT,44396,United States,11-6479358,715-586-8639,IT Services
A-000283,"Russell, Walton and Rodriguez",30817 Ruth Square Suite 364,New Danielle,GU,25536,United States,54-0211187,000-413-2114,IT Services
A-000284,Vang-James,74811 Jennifer Stravenue Apt. 765,New Tracey,AZ,42820,United States,93-9156387,487-396-1029,Construction
A-000285,Walls Group,274 Solis Plain,West Brendahaven,NM,23296,United States,46-3527356,742-049-5612,Office Supplies
A-000286,"Barajas, Brooks and Baker",296 Anita Fort,East Kevin,WA,92444,United States,44-0012324,605-080-1849,Facilities Management
A-000287,Turner and Sons,73377 Lewis Extensions Suite 881,Lake David,NY,19559,United States,68-0911523,178-192-3653,Manufacturing
A-000288,Brown-Reynolds,0356 Obrien Way Apt. 279,Lucasburgh,IA,79010,United States,76-2992051,847-169-0618,Logistics
A-000289,"Welch, King and Adams",9835 Solomon Port Apt. 543,Zacharychester,KY,35092,United States,34-4261532,963-924-3588,Logistics
A-000290,Wolf-Gamble,41884 Kristen Summit,Harrisshire,AR,01792,United States,57-6396216,159-446-3339,IT Services
A-000291,"Martin, Thompson and Robinson",34699 Griffin Fort,Port Christophermouth,NV,20212,United States,13-1081879,696-084-3768,Manufacturing
A-000292,Davis Ltd,1847 Kelly Walks,Ramirezburgh,IN,54170,United States,50-2482554,428-131-9092,Office Supplies
A-000293,"Ray, Monroe and Sullivan",628 Martinez Camp Apt. 195,Darrellchester,MS,49776,United States,70-7660630,450-573-0362,IT Services
A-000294,Nicholson-Arnold,1553 Weeks Expressway,North Dustinside,KY,08350,United States,18-4791618,083-850-7659,Office Supplies
A-000295,Foster-Williams,23693 Lloyd Drive Suite 894,North Vickie,GA,05411,United States,63-4366139,471-372-7117,IT Services
A-000296,Vasquez-Davis,07202 Terrell Lakes,Elizabethland,AZ,22156,United States,81-6014770,451-091-0903,Manufacturing
A-000297,Becker-Hodge,689 Ryan Street Apt. 798,Ambermouth,AZ,37789,United States,78-6055206,506-917-6799,Office Supplies
A-000298,Davenport-Walker,0394 Baker Pines Apt. 037,South Aaron,AR,10476,United States,84-1218491,488-608-4907,Construction
A-000299,"HOLT, FOWLER AND JONES",03142 Kathy Junction,New Katieside,NH,67449,United States,31-3907621,179-415-1526,Office Supplies
A-000300,"Duffy, Swanson and Bartlett",22528 Timothy Throughway,Anthonyfurt,WY,99690,United States,61-8840705,618-632-3979,Logistics
A-000301,Parker-Evans,45212 Michael Court,Katrinamouth,FM,16718,United States,71-7199615,293-913-0448,Construction
A-000302,"Durham, Miller and Marquez",416 Larry Wells Suite 154,East Caseyshire,AL,14503,United States,85-0845198,707-568-1429,Construction
A-000303,"Williams, Bolton and Mcgee",623 Chung Ports,Lake Jasonville,MP,91756,United States,70-7661655,061-537-2215,Manufacturing
A-000304,Gray-Stone,3236 Lopez Shores Apt. 774,Williamstown,NE,61263,United States,75-1124015,200-784-3614,Facilities Management
A-000305,Ramirez-Simmons,8197 Turner Fork,Harrisview,MP,63000,United States,99-4253959,642-737-2037,Construction
A-000306,Madden-Smith,8695 Timothy Ferry,Lake Kirkchester,KS,91730,United States,75-1831074,493-699-9516,Healthcare Supplies
A-000307,"Gonzalez, Sanchez and Williams",7385 Perez Points Apt. 119,East Robert,AZ,27365,United States,33-5154329,768-118-7233,Professional Services
A-000308,Poole PLC,6297 Stewart Rest,Lake Lauren,MP,03126,United States,77-3728014,364-687-1912,Manufacturing
A-000309,GREEN LLC,06732 Holly Corners,New Scott,NE,94993,United States,13-5824891,815-724-5000,Healthcare Supplies
A-000310,Rowe Ltd,015 Katherine Valley,North Haileyfort,AS,13380,United States,88-6365312,785-090-2556,IT Services
A-000311,Norton PLC,4218 Caroline Ports Suite 478,East Gregoryport,NY,81982,United States,19-6779973,056-708-6700,Construction
A-000312,"SMITH, GARRETT AND GREEN",773 Nicholas Track,New Deborah,MO,35602,United States,24-1905500,321-269-4289,Healthcare Supplies
A-000313,"Estrada, Parker and Evans",62586 Dalton Tunnel,Christopherton,GU,51643,United States,66-9998399,462-554-0263,Construction
A-000314,Dawson Group,180 John Course Apt. 732,Schneiderbury,AZ,53801,United States,96-5960427,011-987-5617,Construction
A-000315,Maxwell-Cortez,23009 Matthew Mall,New Davidhaven,AL,32533,United States,90-1611993,657-744-9160,Healthcare Supplies
A-000316,"Lewis, Richardson and Conner",14911 Rodriguez Highway,East Randy,NJ,45452,United States,96-3538119,092-632-2399,Logistics
A-000317,Jones Group,5611 Peck Square Suite 288,Shepardton,MP,48582,United States,60-2866993,053-766-6081,Logistics
A-000318,"Anderson, Deleon and Smith",08356 Wilkerson Corners,South Ericmouth,CA,42493,United States,25-1136695,312-345-5068,Professional Services
A-000319,Graham Inc,768 Christine Pine Suite 401,West Peggy,AL,69682,United States,82-6197069,735-437-8826,Office Supplies
A-000320,Hall LLC,15709 William Port,Port Keithshire,HI,02568,United States,96-3919401,749-269-9969,Healthcare Supplies
A-000321,Powell-Castro,9087 Raymond Crest,Gallaghertown,SD,58433,United States,11-4945047,234-838-9359,Construction
A-000322,"Sanchez, Dodson and Taylor",0561 Rachel Port,Petersonside,AS,19800,United States,67-6140134,695-826-4186,Logistics
A-000323,Cooper-Mccoy,87612 Lindsay Island,Tinaville,KS,25672,United States,58-8322781,468-239-4840,Healthcare Supplies
A-000324,Mendoza and Sons,86966 Yesenia Crescent,Gordonland,CO,88098,United States,82-2443971,395-001-6809,Construction
A-000325,"Campbell, Martin and Klein",66292 Smith Union Apt. 776,East Arianaland,WI,35044,United States,98-3063850,068-841-3337,Healthcare Supplies
A-000326,Pineda,235 Rodriguez Plains Apt. 703,Lake Craig,PA,21915,United States,21-6335741,061-363-8527,Professional Services
A-000327,"Berry, Cooper and Martinez",1844 Watkins Stream,Port Beth,AR,18962,United States,60-6244434,648-016-4403,Manufacturing
A-000328,Fleming Inc,8127 Contreras Extension Apt. 102,South Patriciashire,ND,24407,United States,76-5233376,134-862-9857,Healthcare Supplies
A-000329,Powell Group,8205 Nicholas Divide,Lake Maryburgh,IN,82968,United States,79-5411453,552-165-0587,Logistics
A-000330,"Moran, King and Costa",9598 Deborah Haven,Shannonside,NY,60516,United States,85-2775879,071-523-8676,Construction
A-000331,Osborne LLC,4286 Watkins Flat Apt. 594,Lake John,DC,90092,United States,14-8690765,894-633-8915,Manufacturing
A-000332,Green Ltd,85725 Jackson Ports Apt. 693,West Alyssa,WY,90473,United States,42-6808977,513-818-6550,Facilities Management
A-000333,Stone-Huber,95744 Adrian Inlet Apt. 891,South Carolburgh,AR,26603,United States,22-4683417,859-340-1536,Logistics
A-000334,Johnson LLC,6981 Hoffman Rapids,Port Timothy,KY,47816,United States,51-7305280,238-885-6225,Facilities Management
A-000335,"Schultz, Peters and White",4488 Cruz River,Thomasbury,NE,59352,United States,54-5478870,746-202-5825,Logistics
A-000336,Herring Inc,81231 James Divide,Lake Kevinland,AR,49935,United States,99-5171130,018-364-7238,Facilities Management
A-000337,Long PLC,717 Bryan Spur,East Scott,VT,95961,United States,40-0368694,399-205-2229,Manufacturing
A-000338,"Lewis, Jenkins and Jackson",659 Danielle Freeway,East Peggy,MD,86132,United States,84-1183219,539-835-8446,Healthcare Supplies
A-000339,Hardy-Ford,26430 Green Glen Suite 912,Munozshire,NV,00853,United States,33-3291547,292-712-0539,Facilities Management
A-000340,"Clark, Singh and Bush",852 Dana Lock Apt. 030,Tiffanybury,MS,85095,United States,48-9431174,199-517-1523,Logistics
A-000341,"Roach, Dillon and Johnson",929 Beck Course,Jamesview,SD,96828,United States,83-6243579,830-930-9671,Healthcare Supplies
A-000342,"Watkins, Davis and Ponce",0221 Eric Way,Ortizberg,AR,15596,United States,68-4615760,911-166-1220,Healthcare Supplies
A-000343,"Taylor, Rogers and Smith",29462 Mary Ramp Apt. 556,Port Judytown,AS,28631,United States,39-6225446,995-297-0137,Professional Services
A-000344,George Inc,166 Robert Curve Apt. 481,Luisburgh,GU,90213,United States,19-8433586,034-030-1095,Professional Services
A-000345,Williams Inc,317 Hill Course Suite 268,New Alexanderville,AS,95759,United States,15-4308262,571-290-1507,Healthcare Supplies
A-000346,Romero Group,30735 Tanya Via Suite 584,Evansfurt,HI,15470,United States,36-1530104,300-962-5885,IT Services
A-000347,Edwards Ltd,2049 Lindsey Hills,Noblefurt,WY,79944,United States,72-9624046,873-137-9716,Professional Services
A-000348,Petersen Group,820 Joseph Locks Apt. 906,West Randall,FL,99184,United States,21-8032515,879-916-0911,Manufacturing
A-000349,LEWIS INC,9236 Jesse Mountains,Klinemouth,HI,33088,United States,24-1522640,045-881-6502,Manufacturing
A-000350,Collins-Hunter,155 Werner Unions Apt. 119,Lake Carol,HI,08180,United States,11-6944811,753-605-1171,IT Services
A-000351,Fleming-Hill,7605 Baker Bridge Suite 565,Avilamouth,ND,04326,United States,23-6105947,974-533-8906,Office Supplies
A-000352,"Douglas, Collins and Taylor",160 Christian Harbors Apt. 158,Amandahaven,SC,51389,United States,90-0651998,008-017-9867,Logistics
A-000353,Frey-Anderson,99570 Griffin Stravenue,Sparksburgh,SC,56205,United States,61-1365210,121-203-8437,Facilities Management
A-000354,"Richardson, Pearson and Morgan",11232 Mitchell Plain,Flemingland,NV,57961,United States,65-1085057,633-427-2038,Logistics
A-000355,"Skinner, Carlson and Parrish",610 Lisa Field Suite 614,Lake Joeside,LA,42355,United States,53-1233244,319-807-4682,Office Supplies
A-000356,Parker-Cline,100 Jessica Brook Suite 620,Lisaview,MA,97781,United States,83-6691577,967-150-0666,Logistics
A-000357,GRAY LTD,69708 Amber Point Apt. 787,West Anthonyshire,NE,24173,United States,17-8910051,571-976-0932,Logistics
A-000358,Bowers Inc,1996 Ryan Fall,East Carrie,NJ,44314,United States,17-0525764,891-704-5421,IT Services
A-000359,Becker-Watson,6820 David Ways,Tylertown,VT,75804,United States,39-5296179,001-635-6407,Healthcare Supplies
A-000360,Wilcox LLC,82895 Smith Corners Suite 882,Lake Jose,NV,32006,United States,50-8992977,126-168-5071,Construction
A-000361,Larson LLC,61982 Harris Inlet Apt. 310,Martinberg,MI,74095,United States,80-2992685,963-217-4357,Professional Services
A-000362,"Costa, Evans and Herman",5077 Bush Lock,Shanemouth,MI,10994,United States,34-5343109,562-392-0908,Office Supplies
A-000363,Schultz-Williamson,4071 Padilla Vista,South Brooke,AR,46882,United States,88-3415470,950-310-0649,Logistics
A-000364,Mejia-Smith,45203 Williams Ridge,Calebside,ME,82664,United States,43-5596237,913-599-2855,Office Supplies
A-000365,Blankenship Ltd,05610 Rick Oval Apt. 069,Hahnside,AR,10159,United States,43-5569630,867-740-3784,Construction
A-000366,Combs-Williams,88684 Alexis Crescent,South Philipbury,WY,18337,United States,17-2083844,904-575-9887,Logistics
A-000367,Reeves PLC,36219 Carlos Pine,New Ashleyfort,VA,01061,United States,20-0105056,591-611-8638,Office Supplies
A-000368,Pierce-Miller,772 Patrick Path Apt. 053,Nicholsborough,CA,72261,United States,20-3685265,692-897-2845,Healthcare Supplies
A-000369,"Adkins, Jones and Dickson",930 Jill Street Apt. 203,West Sharonberg,IN,17697,United States,69-7398528,277-521-3530,Manufacturing
A-000370,Gray-Franklin,831 Joseph Ville,Carlfurt,MO,21761,United States,81-9421270,291-316-7080,Logistics
A-000371,Avery-Wheeler,962 Jennifer View,Lake Carolynfurt,KS,29415,United States,87-4233009,385-324-7250,Manufacturing
A-000372,"Salinas, Adams and Ingram",53659 Ritter Groves Suite 698,Riversland,NE,27845,United States,47-7577220,421-254-5080,Logistics
A-000373,Schaefer-Giles,152 Carlson Islands Suite 966,Meganburgh,DE,31896,United States,72-0535283,074-235-9142,Professional Services
A-000374,Johnson-Turner,68172 James Flat,Deanstad,VT,20708,United States,71-6435189,862-092-9735,Professional Services
A-000375,"Brooks, Gilbert and Wilcox",22273 Patricia Rapids,North Justin,PR,62587,United States,96-6747347,353-236-6185,Office Supplies
A-000376,Sanders-Solomon,82697 Kathy Valley Apt. 360,North Travisberg,MO,13578,United States,70-2332331,583-882-1764,Manufacturing
A-000377,Chan-Mendoza,4223 Tina Drives Apt. 280,Port Catherineview,FL,45865,United States,75-3903309,892-225-6062,Construction
A-000378,"Brown, Mueller and Beck",756 Lee Harbor,Williamsmouth,KS,75038,United States,39-3421844,121-516-4119,Construction
A-000379,Miller PLC,76075 Wong Manor,Johnborough,SC,90277,United States,25-3815116,943-191-6543,Office Supplies
A-000380,Gutierrez-Clark,15948 Carr Keys Suite 663,Teresaview,VI,38794,United States,50-3935666,344-149-1699,Office Supplies
A-000381,MULLINS AND SONS,9743 Wiley Greens Apt. 882,East Brandon,MA,66103,United States,58-7098457,629-739-8894,Healthcare Supplies
A-000382,Meyer and Sons,20256 Jason Wells,East Andrewborough,KS,54016,United States,82-3668399,771-167-5076,Logistics
A-000383,Lynch-Reed,02453 Christian Extensions Apt. 984,Jacksontown,IL,36002,United States,39-2168202,202-847-1901,Facilities Management
A-000384,White L.L.C.,566 Marquez Parkways,East Todd,SC,25093,United States,62-1475287,791-212-1101,Facilities Management
A-000385,Church-Williams,869 Elizabeth Cliffs Suite 074,Port Crystalbury,PA,20299,United States,54-4726404,519-994-5295,Construction
A-000386,Snyder and Sons,76433 White Brooks,Mercedesberg,FL,15310,United States,33-1465414,626-549-6330,Logistics
A-000387,Lopez-Davis,052 Sanchez Pines Apt. 805,South Megan,RI,22903,United States,92-3935280,990-076-8627,IT Services
A-000388,Mahoney-Hodge,389 Nunez Ford,Port Timothy,MH,98409,United States,92-0511515,185-186-2671,Construction
A-000389,Arnold-Sanford,13282 Rachel Stravenue,North Emily,PR,67098,United States,41-0791488,352-791-8750,Healthcare Supplies
A-000390,"Nelson, Graham and Fields",429 Sean Road Suite 296,Garzaport,CA,57893,United States,28-8650860,996-708-0897,IT Services
A-000391,"Frazier, Scott and Bell",4183 Rodriguez Mountain Apt. 478,Jamieshire,ND,70390,United States,50-8244633,164-980-4450,Professional Services
A-000392,Bates PLC,52102 Taylor Mount Apt. 664,North Maryburgh,KY,70577,United States,63-7152602,458-130-8898,Healthcare Supplies
A-000393,"Ballard, Rivera and Torres",974 Angela Mall,North Edward,NV,49070,United States,17-7390472,000-305-6619,Office Supplies
A-000394,"Kelly, Harris and Pruitt",4184 Margaret Plains Suite 679,New Kathleentown,SD,16008,United States,89-6760809,872-600-1365,Manufacturing
A-000395,Nguyen-Davis,350 Rivas Dam,Masonstad,IL,13821,United States,43-6146289,290-036-2211,Office Supplies
A-000396,Garcia-Wilson,5917 Brian Center Apt. 549,West Shaneport,KY,62316,United States,86-1818706,353-524-7841,Office Supplies
A-000397,Burnett PLC,2787 Alec Views,Whiteland,MD,24295,United States,53-4900128,174-653-5378,Manufacturing
A-000398,Hunt Inc,7344 Crawford Street Suite 762,Chapmanland,ME,29924,United States,44-8717183,362-999-4664,IT Services
A-000399,RICE-LOPEZ,70598 Moon Greens Suite 143,Crawfordburgh,NC,51778,United States,19-4628740,811-230-3885,Office Supplies
A-000400,Sweeney-Wilson,397 Joshua Junction,Port Andrewshire,SC,22380,United States,21-3669678,177-905-5286,Professional Services
A-000401,"Bailey, Le and Morales",53900 Stephens Well,Davisport,NV,87750,United States,52-4951250,315-663-9792,Construction
A-000402,Clarke-Wilson,3690 Mary Garden Suite 727,Port Ericchester,WI,85718,United States,90-0801837,660-534-2816,Healthcare Supplies
A-000403,Jones-Bush,01975 Matthew Well Suite 640,Tabithaton,ID,88224,United States,33-7911187,880-273-0427,Healthcare Supplies
A-000404,Mays-Hicks,5135 Taylor Overpass Apt. 743,Lake Tammyside,OH,16205,United States,18-2011731,164-034-3988,Logistics
A-000405,"Snyder, Kelley and Ramos",333 Campbell Mountains Suite 041,Lake Alan,AL,82118,United States,66-9732591,153-860-2826,Professional Services
A-000406,Watson-Norman,97941 Douglas Harbor,Johnsonside,NJ,20295,United States,47-6990466,649-632-2517,IT Services
A-000407,Lopez Inc,326 Daniel Village Apt. 034,Foxville,UT,50502,United States,35-3691745,307-028-6720,Logistics
A-000408,Johnson LLC,6219 Gonzalez Plains,North Matthewfort,PA,41525,United States,25-7243284,001-732-5900,Construction
A-000409,Hudson PLC,0744 Richard Drive,Port Kevin,PR,17769,United States,74-6820987,252-160-2523,IT Services
A-000410,"Grant, Waller and Byrd",5985 Patrick Curve Apt. 191,Stephanieside,OR,12417,United States,29-0209201,268-649-8647,Facilities Management
A-000411,Moody-Odonnell,37600 Collins Green Apt. 837,New Danielton,NM,38718,United States,59-8165815,992-164-0069,Facilities Management
A-000412,"Gallagher, Mahoney and Mack",9235 Joshua Grove,Nelsonton,NY,21173,United States,83-1361497,139-865-4622,Healthcare Supplies
A-000413,Jackson and Sons,720 Orr Alley,Port Jeffery,AR,03203,United States,77-3469560,088-634-6739,Healthcare Supplies
A-000414,Davis-Munoz,458 Katherine Valley Suite 203,Lindatown,CA,48082,United States,57-4817290,353-466-0756,Construction
A-000415,"Harper, Campbell and Zamora",6720 Brian Dam Suite 028,Lake Williamberg,SD,29663,United States,95-5052486,879-402-6208,Construction
A-000416,"Eaton, Crawford and Barker",3536 Moore Forges,Wendytown,AL,39122,United States,73-5032128,129-182-8518,Manufacturing
A-000417,Young-Diaz,472 Young Point,Millerchester,ND,22662,United States,58-5238820,251-272-6708,Manufacturing
A-000418,Mason-Webb,23543 Brown Stream Suite 682,East Christopherchester,MP,33633,United States,99-3027458,952-549-2064,Construction
A-000419,Cline-Smith,02125 Gonzalez Summit,Christopherburgh,IA,04342,United States,76-0360225,160-498-6037,Office Supplies
A-000420,Reeves Ltd,03203 Brooke Plaza Apt. 114,North Jasonfort,GU,15807,United States,59-6832859,317-197-8601,Manufacturing
A-000421,Henson-Moore,908 Garcia Rue Suite 785,Samanthaville,CA,27506,United States,58-2897882,753-582-1072,Professional Services
A-000422,"LOWE, HOOD AND MILLS",2790 Taylor Mall,South Anthonyhaven,DE,81184,United States,44-5236735,722-399-6477,Facilities Management
A-000423,Nguyen Inc,6427 Foley Crossing Suite 738,Manuelville,DC,72067,United States,64-1755366,177-512-3959,IT Services
A-000424,Holt-Howard,86879 Richard Skyway,Port Josehaven,MO,78006,United States,49-0732457,320-553-4050,Healthcare Supplies
A-000425,"Acevedo, Munoz and Thomas",615 Patterson Glens,West Jamesmouth,MT,59513,United States,40-3754671,078-977-5542,Office Supplies
A-000426,"Martinez, Vasquez and Henderson",2985 Keith Villages,Raybury,AZ,49626,United States,82-8960875,216-903-9220,Manufacturing
A-000427,"Gutierrez, Woodward and Carroll",42647 Bruce Plains,Port Charlesmouth,FM,03034,United States,94-7425963,316-370-5004,Healthcare Supplies
A-000428,Clark Group,44693 Michelle Mill Apt. 947,Wernerside,AL,71270,United States,17-0772317,390-654-0259,Healthcare Supplies
A-000429,"Roth, Pierce and Rodriguez",932 Haynes Trace,Whiteland,GA,75551,United States,20-1474984,163-504-9602,Office Supplies
A-000430,"Barnes, Foster and Rivera",2845 Brianna Greens,Andrewtown,NY,72083,United States,40-5100495,640-675-6020,Construction
A-000431,Clark Inc,51025 Cooper Circle,New Nicolebury,MA,37683,United States,45-7944766,503-698-8843,Logistics
A-000432,Willis and Sons,1317 Hall Locks Apt. 647,Edwardhaven,SC,52751,United States,80-4433388,461-209-6173,Office Supplies
A-000433,Duncan and Sons,2403 Janet Circles Suite 355,West Clintonborough,VA,18795,United States,23-8460786,191-430-8779,Logistics
A-000434,Lopez-Hodges,012 John Harbor,West Ashleyburgh,PA,02001,United States,81-9532005,096-627-0266,Logistics
A-000435,Sellers-Snow,563 Carl Villages,Deborahtown,VT,30857,United States,79-3663866,910-193-3538,Office Supplies
A-000436,Taylor LLC,19360 Robert Brooks Apt. 770,Ricardofurt,DE,90296,United States,64-5985356,607-626-4385,Healthcare Supplies
A-000437,Armstrong and Sons,34617 Hopkins Walks Apt. 133,Wilsonview,LA,93896,United States,11-9574893,164-231-6544,Healthcare Supplies
A-000438,"Gonzalez, White and Harrison",576 Robert Square Apt. 494,New Theresa,GU,36866,United States,43-1642423,617-551-8870,IT Services
A-000439,Harvey-Cunningham,2024 Sean Grove,Christianfort,GA,29208,United States,32-9987621,456-538-6947,Healthcare Supplies
A-000440,Lewis Group,730 Ruiz Turnpike Apt. 822,South Robert,PR,62809,United States,94-6237594,941-908-7886,Logistics
A-000441,Hampton-Bishop,0692 Christina Viaduct Suite 305,Wendyhaven,GA,36094,United States,74-1288486,388-430-2178,Office Supplies
A-000442,Ruiz-Dalton,6431 Ware Pines,North Noahview,FM,76643,United States,26-5627642,281-503-7017,IT Services
A-000443,"Madden, Gutierrez and Evans",30880 Shawn Locks Apt. 829,Pierceport,MP,39710,United States,29-4181873,850-072-8895,IT Services
A-000444,May Group,16806 Jennifer Lights Apt. 276,Andersonside,AZ,70019,United States,87-4364348,203-917-0263,Facilities Management
A-000445,Ramirez-Robinson,245 Yoder Common Apt. 042,Francisstad,IL,53955,United States,14-6914391,909-123-7530,Office Supplies
A-000446,"Blankenship, Hudson and Sullivan",96702 Allen Island,Port Kathy,UT,40915,United States,49-1163514,055-364-8187,Professional Services
A-000447,Frazier-Arellano,488 David Well Suite 738,Joshuafurt,MT,20459,United States,57-6954730,323-606-6799,Construction
A-000448,Campbell-Jones,497 Dennis Causeway Suite 298,Lopezchester,OK,81750,United States,90-7873857,206-661-7996,Facilities Management
A-000449,Fox-Williams,315 Carrie Summit Apt. 912,South Alejandro,AL,09217,United States,43-2288618,440-762-9143,Facilities Management
A-000450,"Owen, Long and Diaz",0770 Justin Radial,Port Laurie,VT,41327,United States,96-0345542,541-840-3982,IT Services
A-000451,Brock Inc,662 John Landing,Cohenview,SC,91382,United States,36-8438908,078-802-6529,Manufacturing
A-000452,"Snow, Barton and Sellers",71461 Daniel Ports,Robertfort,AS,51289,United States,40-6084084,626-235-9605,Logistics
A-000453,Taylor Group,840 Nathaniel Via,Smithfurt,NC,53098,United States,91-9390458,050-630-6636,IT Services
A-000454,Saunders Group,795 Meredith Ports Apt. 600,Williamsmouth,MI,65119,United States,65-1208305,454-492-0548,IT Services
A-000455,Steele-Frost,118 Crystal Crest,Baileystad,NC,28204,United States,99-2329618,445-662-2952,Office Supplies
A-000456,Friedman-Becker,3167 Leslie Center,Alishashire,AR,49445,United States,97-6928440,224-413-3954,Facilities Management
A-000457,"Lawson, Baker and Lambert",8057 Kelsey Gardens Suite 718,Johntown,AS,84700,United States,54-5492166,192-209-5673,Manufacturing
A-000458,"Dillon, Pearson and Williams",209 John Alley,South Christinabury,WV,23463,United States,35-3164777,844-234-7199,Office Supplies
A-000459,Preston Inc,5154 Martinez Loaf Apt. 756,East Andreabury,DE,04361,United States,18-7623171,064-332-2622,Healthcare Supplies
A-000460,"Roberts, Luna and Johnson",402 Nelson Spring Suite 758,South Shawn,DC,49161,United States,44-2185272,906-200-3638,Logistics
A-000461,Walters-Leon,6149 Adams Ranch Suite 931,New Holly,OK,89550,United States,86-7407868,798-491-4986,Healthcare Supplies
A-000462,"Singh, Oneal and Cervantes",9326 Phillips Crossroad,Lake Jeffrey,OR,34220,United States,94-9738493,612-128-9811,IT Services
A-000463,Harris PLC,58416 Patrick Club Apt. 495,Torresshire,PA,70818,United States,40-8034406,460-586-7949,Facilities Management
A-000464,Lee-Gregory,97236 Brent Plains,New Nicolechester,CO,50857,United States,84-7401602,620-165-5578,IT Services
A-000465,Rivera-Wade,5575 Vickie Extensions Suite 764,North Brianhaven,NV,44748,United States,91-4799481,868-240-5166,Facilities Management
A-000466,NGUYEN-MOORE,4189 Fitzpatrick Avenue Apt. 338,Barrchester,AK,67683,United States,58-1682167,357-017-0363,Manufacturing
A-000467,"Smith, Rogers and Clayton",60294 Thomas Well,Port Jesusland,MI,70027,United States,99-6534803,925-849-0734,IT Services
A-000468,Perez PLC,774 Stevens Ridge Suite 141,Rojashaven,VA,21337,United States,68-9274064,308-829-5868,Office Supplies
A-000469,Bridges and Sons,1817 Kenneth Drive,Morrowmouth,OK,41449,United States,35-5164255,698-906-2327,Construction
A-000470,Warner-Jones,7553 Vanessa Wells Apt. 737,West Brandymouth,NM,79475,United States,35-6022467,089-458-9626,Office Supplies
A-000471,"Hughes, Rios and Farmer",70669 Morgan Causeway,Willisbury,NJ,19733,United States,16-7438668,982-689-3348,Logistics
A-000472,Morales Group,6891 Brandi Mill,Williamsonside,AR,19129,United States,77-8556450,344-568-4467,Professional Services
A-000473,Robles-Johnson,44674 Thompson Crossing Suite 958,Debrafort,KY,97589,United States,10-1679695,916-170-5022,Healthcare Supplies
A-000474,Andrews Ltd,218 Robert Mission Suite 196,Gutierrezland,AL,18792,United States,30-1126777,563-420-2223,Logistics
A-000475,"Chapman, Williams and Yoder",768 Patricia Oval,Christinatown,CT,62675,United States,66-2087258,791-524-4614,Healthcare Supplies
A-000476,Jensen and Sons,1746 Hamilton Inlet,Port Lisa,GU,07388,United States,17-2670118,186-372-6319,Manufacturing
A-000477,Short-Douglas,154 Jasmine Flat,South Arthurburgh,ID,07609,United States,48-3426624,286-550-5224,Logistics
A-000478,Moses-Wilson,39456 Cook Forge,Jacobfurt,ME,39553,United States,92-8393291,976-024-9866,Healthcare Supplies
A-000479,Thompson-Brown,67734 Thompson Mountains Apt. 561,Haleyfurt,MO,49119,United States,24-3247463,591-476-2538,Manufacturing
A-000480,Snyder-Vargas,57127 Tapia Summit Apt. 543,Robertmouth,NY,98684,United States,97-3498494,639-061-6824,IT Services
A-000481,Lawrence-Young,1538 Craig Tunnel,Lake Steven,AK,32593,United States,99-1617660,073-726-0720,Facilities Management
A-000482,Herrera-Henderson,082 Dennis Ports Apt. 121,Raymondborough,OR,39540,United States,84-6668526,762-542-9264,Facilities Management
A-000483,Harris-Cabrera,2994 Jason View,Williamland,TN,14897,United States,77-8321204,266-497-1967,IT Services
A-000484,Nelson LLC,6734 Juan Views,Christopherton,CA,57407,United States,16-7753684,793-014-8116,Facilities Management
A-000485,Patton Inc,24702 Keith Crest Apt. 874,Derrickfort,UT,10342,United States,94-9447049,936-785-7646,Professional Services
A-000486,"Jones, Spencer and Maynard",749 Diane Light,Port Beckyport,GA,33203,United States,14-4996163,215-401-3153,Healthcare Supplies
A-000487,Hodges,0460 Johnson Canyon Apt. 441,North Valerie,MS,67248,United States,37-1993587,624-087-1006,Manufacturing
A-000488,"Greene, Chambers and Mcneil",2820 Russell Fields,North Michaelburgh,DC,30564,United States,90-8839964,282-228-2408,Professional Services
A-000489,Pennington-Martin,64157 Carol Mountain,North David,ND,02754,United States,93-8422254,104-194-5341,Manufacturing
A-000490,Savage-Martinez,447 Marsh Heights,New Benjamin,CO,84591,United States,80-4086195,889-306-3578,Healthcare Supplies
A-000491,"Donaldson, Nunez and Perez",213 King Garden,Carlsontown,MD,44008,United States,39-3364102,855-759-9408,Logistics
A-000492,Lopez-Jacobson,9690 Howard Drives,Smithland,VA,06854,United States,95-8287383,656-733-7457,Healthcare Supplies
A-000493,Ross and Sons,1368 Kent Plaza Apt. 253,New Juanfort,VA,52729,United States,56-9172971,992-964-4477,Office Supplies
A-000494,Singleton-Richards,2796 Fernando Expressway,Shannonbury,WV,28405,United States,51-5156661,329-594-5231,Healthcare Supplies
A-000495,"Allen, Sanchez and Brooks",9719 Aaron Rue,East Jeannemouth,NE,13536,United States,49-4435754,622-564-7185,Construction
A-000496,"PARKER, ACOSTA AND RILEY",04532 Christopher Lights,Owensside,WI,10392,United States,96-0226208,456-474-3701,Logistics
A-000497,Landry-Gomez,77666 Brown Fall,Wongchester,CA,16887,United States,88-0697625,092-815-7806,Office Supplies
A-000498,Robles PLC,23116 Garrett Springs,Johnsonfort,SC,56544,United States,18-4747224,353-223-7185,Office Supplies
A-000499,Singh Ltd,793 Cohen Grove,North David,DE,39974,United States,80-9656613,650-223-4778,Construction
A-000500,"Barnett, Hale and Mitchell",9725 Michelle Highway Apt. 703,Lake Cheryl,DC,12770,United States,42-9097422,478-233-7209,Facilities Management
A-000501,"Nelson, Brown and Nielsen",7063 Mccoy Skyway Apt. 863,North Carlosberg,FM,20364,United States,74-7060047,008-484-2648,Office Supplies
A-000502,"Todd, Moss and Mitchell",40431 Sullivan Pass,Charlesborough,MP,43777,United States,14-5478504,381-483-7475,Healthcare Supplies
A-000503,"Williams, Williams and Fowler",8564 Rodriguez Ville,Dunnton,CO,80218,United States,76-0191749,027-169-8837,Office Supplies
A-000504,Harding-Simmons,87308 Martinez Stravenue,Lake Stephenbury,OH,94220,United States,13-3436988,277-771-1842,IT Services
A-000505,Steele Group,09007 Dwayne Causeway Apt. 423,Emilyfort,IL,89342,United States,75-2376434,057-771-9619,Facilities Management
A-000506,Taylor LLC,475 Boyer Walk,East Lucas,NY,66088,United States,93-5924516,357-192-1496,Healthcare Supplies
A-000507,"Davis, King and Sanchez",643 Andrew Fords Apt. 726,Diazhaven,FL,41182,United States,48-8856231,685-492-7240,Office Supplies
A-000508,Norris Ltd,86014 Tyler Island,New Andrewmouth,KY,27825,United States,70-9074302,271-630-3356,Manufacturing
A-000509,JAMES LTD,10009 Alicia Ranch,North Angela,NC,15437,United States,74-9715626,048-028-3541,IT Services
A-000510,"Gilmore, Greene and White",304 Cynthia Mall,Davischester,MO,22834,United States,82-9137330,808-122-6815,Facilities Management
A-000511,Obrien-Wells,501 Burnett Meadow Suite 187,Sandersberg,TN,70070,United States,57-6676179,836-368-8501,Logistics
A-000512,"Sanders, Parsons and Bowman",2922 Reynolds Mills Apt. 937,Millerfurt,GU,43081,United States,71-6243819,228-989-0749,IT Services
A-000513,Rivera-Arnold,129 Dillon Keys,New Amandaland,SD,15462,United States,52-7385805,486-005-0092,Healthcare Supplies
A-000514,"Reid, Gamble and Terry",1446 Valenzuela Springs Suite 406,Mccormickstad,SD,40337,United States,12-7824235,453-451-4668,IT Services
A-000515,"Carson, Gomez and Sawyer",483 Hoffman Walks,Lake Shelby,MI,86341,United States,63-5844374,862-673-6648,Office Supplies
A-000516,Moore Ltd,5870 Sanchez Trail Suite 983,Kevinchester,PA,91007,United States,70-3091482,580-504-5050,Logistics
A-000517,Patel Group,00734 Samantha Trace Apt. 907,Perezfort,PW,19097,United States,38-1080560,954-503-8016,Construction
A-000518,Lawrence Inc,319 Allen Turnpike Apt. 995,South Julieton,ME,44487,United States,24-5737277,059-982-2673,Logistics
A-000519,MEZA AND SONS,88804 Horn Course Suite 202,Cathybury,MO,39531,United States,58-5377142,502-823-1342,IT Services
A-000520,Wang-Alexander,99115 Garza Summit Suite 431,Lake Kevin,NE,81115,United States,86-5975088,531-029-7711,Facilities Management
A-000521,Garcia-Sanchez,18422 Corey Plain Apt. 532,Port Andreaborough,TX,96341,United States,42-2076028,168-163-6038,IT Services
A-000522,Bauer Ltd,23708 Miller Creek Apt. 944,Jordanstad,MT,79866,United States,95-2225000,729-655-6192,Healthcare Supplies
A-000523,Jimenez-Young,188 Brady Vista Suite 395,Rodriguezfurt,WV,50528,United States,64-6272321,783-055-7371,Professional Services
A-000524,Velez Inc,291 Amy Extension Apt. 824,Martinezborough,AK,11970,United States,12-8222260,817-960-7578,Healthcare Supplies
A-000525,"Tyler, Acosta and Douglas",9979 Leslie Ways Apt. 171,West Amychester,WY,44508,United States,69-4875990,658-189-8106,Healthcare Supplies
A-000526,LEWIS-OWEN,3163 Gary Mountain Suite 572,Garciaport,PA,54308,United States,60-1873197,378-811-9389,IT Services
A-000527,"Eaton, Brown and Moreno",013 Victor Meadow,Baileyburgh,DE,51490,United States,75-7074545,336-131-7985,Logistics
A-000528,Waters-Mcclain,4192 Grant Wells,Lake Jocelynview,MP,65189,United States,52-7521016,621-236-0186,Facilities Management
A-000529,"Ryan, Taylor and Ramirez",992 Steven Roads,West Debra,WV,12683,United States,92-5884151,668-113-3973,Office Supplies
A-000530,Johnson-Schwartz,3402 Anderson Extension,Lake Melissa,KY,12829,United States,98-4053945,983-063-2365,Logistics
A-000531,Johnson and Sons,5942 Austin Extensions Apt. 766,Aguilarchester,PA,23211,United States,58-3156434,295-338-6194,Facilities Management
A-000532,Weber PLC,093 Martinez Shoal,West Aaron,NE,88758,United States,83-0261466,283-463-3488,Healthcare Supplies
A-000533,Johnson PLC,2887 Sarah Haven Suite 686,Coleside,RI,76442,United States,56-4520346,470-617-0690,Manufacturing
A-000534,Howell-Odonnell,38471 Myers Village,Robertmouth,AL,86041,United States,99-2699085,518-860-1674,Logistics
A-000535,"Tanner, Vega and Harris",9698 Smith Harbors,Katherinetown,SD,44426,United States,65-6307931,669-375-4024,IT Services
A-000536,Blake Group,635 Walker Stravenue,North Kaylaberg,NV,72495,United States,27-3910700,969-519-3048,Healthcare Supplies
A-000537,"Hunter, Allen and Roberts",3856 Sanchez Falls Apt. 266,Lake Francestown,VI,05326,United States,23-4400576,470-911-0349,Construction
A-000538,"CURTIS, CASEY AND REYES",905 Miguel Junctions,Alvinland,KY,94653,United States,63-9633807,233-029-2764,IT Services
A-000539,"Mills, Mccarthy and Byrd",86558 Nicholas Key,East Amanda,PR,13228,United States,98-6090690,934-891-8003,Manufacturing
A-000540,Phillips Group,31555 Melinda Circles,Jeffreyborough,AR,40780,United States,78-8755699,407-781-1096,Construction
A-000541,"Dunn, Alvarado and Edwards",6345 Wilson Point Apt. 991,South Sheila,PR,78875,United States,79-9145494,452-064-1910,Professional Services
A-000542,Blevins-Johnson,479 Julie Branch,Ashleyberg,TN,83619,United States,76-3688866,572-287-0322,Manufacturing
A-000543,"Johnson, Moody and Decker",65474 Blevins Locks Suite 090,Monicahaven,VA,77102,United States,78-9242701,856-643-0165,Construction
A-000544,REYNOLDS-TAYLOR,887 Bailey Square Apt. 136,South Deborahberg,MP,78040,United States,61-8558050,011-386-0479,Professional Services
A-000545,"Mullins, Orr and Miller",80351 Vincent Pike,Jessicaside,GA,94644,United States,96-4027324,944-191-4790,Office Supplies
A-000546,Parker and Sons,516 Lewis Centers,Jessicaberg,TN,96203,United States,41-9367188,670-848-8686,Facilities Management
A-000547,Sanford-Miller,486 Roy Islands,Port Kaitlinville,WY,81385,United States,54-6270451,976-453-4965,Facilities Management
A-000548,Gonzales and Sons,667 Sarah Islands Suite 460,Johnberg,MH,52005,United States,43-5632899,096-746-2720,Healthcare Supplies
A-000549,Bryant LLC,29441 Munoz Expressway Suite 316,Christineburgh,NC,88707,United States,91-6757816,385-974-7765,Healthcare Supplies
A-000550,Aguilar-Johnson,5494 Danielle Inlet,Port Ryan,NJ,86647,United States,65-2955706,715-692-2094,Logistics
A-000551,"Garrison, Brown and Sullivan",1535 Owens Center,North Davidmouth,SD,33565,United States,44-2648079,773-494-3148,Professional Services
A-000552,Thompson,564 Jeffrey Groves Suite 416,Nancystad,NH,28549,United States,60-0871106,952-328-5558,Logistics
A-000553,Morales-Watkins,147 Le Valley Apt. 418,Jennifershire,MA,05971,United States,36-6200875,837-456-0170,IT Services
A-000554,Morales-Wright,7355 Williams Centers,Andersonside,ND,28602,United States,41-1612760,413-351-3901,Office Supplies
A-000555,Williams Grp,74936 Rosales Fork Suite 796,Mackland,UT,35632,United States,76-0756497,803-007-3565,Office Supplies
A-000556,Price Inc,2637 Zimmerman Union,East Oliviahaven,MS,56752,United States,36-6578178,911-223-2142,IT Services
A-000557,"Davis, Barton and Patel",36738 Gloria Divide Apt. 388,Lake Brittanymouth,MP,95171,United States,72-0286733,684-184-7146,Healthcare Supplies
A-000558,Martin Inc,833 Mario Circle Apt. 127,New Jamie,MS,01997,United States,30-3832812,308-764-7709,IT Services
A-000559,Stanley-Webb,376 Joy Landing,South Robertfort,UT,09109,United States,63-5008544,621-720-4888,Facilities Management
A-000560,"Williams, Evans and Mason",32645 Scott Meadow,Evansshire,RI,11421,United States,63-5539154,605-390-6490,Construction
A-000561,"Mckinney, Tucker and Smith",51970 Andrea Street Suite 891,South Victoria,FL,76467,United States,63-4047267,670-742-1531,Manufacturing
A-000562,Walsh Group,2602 Daniel Ports,New Jeanmouth,MN,36722,United States,19-6689473,802-933-5838,Office Supplies
A-000563,Miller L.L.C.,979 Sarah Junction Suite 177,Port Toddtown,ID,04781,United States,35-8480413,568-709-4124,Professional Services
A-000564,Smith-Davis,8389 Clark Mission Suite 841,Gallagherfurt,NH,61421,United States,72-6360971,600-643-4597,Healthcare Supplies
A-000565,"Barnett, Hall and Miller",03324 Goodman Stravenue Suite 574,Darrentown,ME,71652,United States,15-2246275,480-947-3181,Manufacturing
A-000566,Smith-Peterson,70799 Roth Stravenue Suite 761,North Brettshire,NJ,51908,United States,40-2104065,475-456-5728,Facilities Management
A-000567,Hernandez-Hughes,8540 Bethany Rest,Suefurt,NC,46228,United States,74-1580895,606-699-2613,Facilities Management
A-000568,Huynh PLC,97777 Mcdonald Throughway Apt. 996,South Jeffrey,NH,77736,United States,40-6819991,271-107-3512,Manufacturing
A-000569,Bell-Collins,053 Ortiz Hollow,West Mason,AK,63372,United States,88-1155839,868-878-6020,Healthcare Supplies
A-000570,"Lawrence, Anderson and Martinez",0195 Brandt Fords,New Lisa,OK,69246,United States,92-0184955,728-731-4249,Office Supplies
A-000571,Thompson-Roth,964 Wilson Branch Apt. 328,South Adammouth,CO,92458,United States,49-2922240,028-745-1202,Manufacturing
A-000572,"Duncan, King and Jackson",60785 Moss Valley,East Alexander,MN,67044,United States,71-2335251,723-836-8060,Professional Services
A-000573,Duncan Inc,285 John Squares,New Shannon,AL,35713,United States,17-8954113,937-958-2915,Office Supplies
A-000574,Munoz Group,1564 Patricia Way Apt. 299,Port Lindaview,ND,85340,United States,98-6171278,042-479-6000,Logistics
A-000575,Rodriguez Ltd,2264 Jonathan Way,Roberttown,FM,02011,United States,52-2950895,184-293-3598,Healthcare Supplies
A-000576,Williams and Sons,909 Jacqueline Roads,South Kevinmouth,MT,09355,United States,69-8967370,442-787-3554,Healthcare Supplies
A-000577,Klein LLC,316 George Stream,Lake Ryanstad,AS,35581,United States,91-0637681,939-343-9690,IT Services
A-000578,Odom Grp,22474 Cynthia Plain Suite 372,East Jerryton,MD,10019,United States,63-6954564,602-325-1071,Manufacturing
A-000579,Nguyen-Villarreal,404 Edwin Rue,Staceyfurt,ME,09834,United States,14-8644109,199-255-1253,Manufacturing
A-000580,Pugh PLC,135 Michael Summit,Lake Haley,RI,33783,United States,24-7141682,197-157-5571,Healthcare Supplies
A-000581,Moore-Edwards,569 Murray Club Suite 336,New Bobbyshire,AZ,14827,United States,65-7629251,014-610-3927,Facilities Management
A-000582,"HERRERA, MARTIN AND MENDOZA",72720 Emily Way,Sethborough,NH,28128,United States,45-2150647,564-078-3083,Healthcare Supplies
A-000583,Munoz-Farley,45498 Robert Common Suite 674,South Nicholashaven,VA,55270,United States,27-4485243,751-857-1164,Office Supplies
A-000584,Simpson-Grant,261 Campbell Orchard,North Melissa,FL,34923,United States,73-7506993,025-455-0054,Healthcare Supplies
A-000585,Leblanc Ltd,051 Powell Cape,Port Hectorshire,DC,64437,United States,49-5521185,884-479-0986,Healthcare Supplies
A-000586,Monroe Inc,266 Samantha Turnpike,New Kathrynshire,MT,01340,United States,54-7256709,610-471-8911,Construction
A-000587,"Martinez, Stewart and Gould",7688 Keith Cape,West Christian,CO,26453,United States,95-5508961,181-181-4051,Manufacturing
A-000588,"Hall, Edwards and Wilson",4708 Gutierrez Ports,Laurafurt,NH,13619,United States,74-0926818,487-831-0314,Facilities Management
A-000589,Nelson-Wells,5794 Spencer Grove,East Jasonmouth,KS,34353,United States,38-5111130,999-870-9339,Professional Services
A-000590,"Wright, Morton and Johnson",7017 Herring Track,Lake Timothy,OK,41125,United States,28-3085932,933-078-1117,Office Supplies
A-000591,Benson-Moore,238 Singleton Lane Suite 392,Hopkinsfurt,OH,59907,United States,30-4853117,141-349-3179,Manufacturing
A-000592,Estrada Inc,56161 Lee Green,Tammyhaven,CO,18761,United States,54-3412542,130-088-2384,Professional Services
A-000593,LEWIS-MILLER,1761 Maria Drives Apt. 641,Lawsonchester,NY,25309,United States,89-0099255,599-167-6403,Manufacturing
A-000594,HARRINGTON LTD,932 Taylor Place,Lake Linda,AS,60035,United States,85-7820386,126-937-9499,IT Services
A-000595,SCOTT-JACOBS,8771 Stewart Keys,Port Daniellefurt,UT,22376,United States,70-2247585,787-902-5912,Healthcare Supplies
A-000596,"Stewart, Reed and Elliott",7411 Timothy Forge,Richmondmouth,AL,29129,United States,66-4226794,862-567-6112,Office Supplies
A-000597,Nguyen-Moore,5100 Dyer Bypass Apt. 948,Jenniferberg,NE,23165,United States,68-6556403,300-360-7223,Healthcare Supplies
A-000598,Hernandez Ltd,34243 Rivera Ford,South Katrinaberg,PR,73934,United States,82-5708356,091-663-1669,Construction
A-000599,Thomas-Dougherty,092 Davis Knolls,West Lisachester,RI,75624,United States,30-6442077,613-152-5523,Professional Services
A-000600,Anderson PLC,8837 Fields Freeway,Samanthaton,UT,93969,United States,39-9580835,476-253-9501,Construction
A-000601,Donovan-Gaines,87885 William Street,Huntville,ND,34344,United States,44-0419907,397-630-9007,Facilities Management
A-000602,Matthews-Gilbert,5744 Rodriguez Cape Suite 692,Taylormouth,LA,86247,United States,47-4524558,347-591-6043,Construction
A-000603,Thornton Group,7789 Livingston Forge,Lake Derrick,MT,25625,United States,40-8840720,990-460-0823,Logistics
A-000604,Clark and Sons,9076 Shannon Crescent Suite 218,Lake John,TX,30806,United States,80-4344630,919-296-9210,Construction
A-000605,"Palmer, Lawson and Ashley",426 Laura Dale,South Gloria,CA,93227,United States,70-3462253,641-700-5371,Construction
A-000606,"David, Johnson and Hughes",803 Hannah Row Suite 647,Cynthiaberg,NH,76867,United States,24-7395716,831-242-8535,Logistics
A-000607,Ruiz LLC,3368 Dennis Ranch,Chavezberg,SD,38993,United States,36-0337343,610-511-0900,Manufacturing
A-000608,ONEILL GROUP,997 Ferguson Summit Suite 085,Tylerland,AS,60506,United States,15-6361897,490-584-9688,Logistics
A-000609,"Garza, Davis and Wilson",851 Jenkins Manors,Candaceburgh,CA,32320,United States,87-0257350,596-183-0734,Facilities Management
A-000610,Ruiz-Vega,4604 Brandy Motorway Apt. 784,Hatfieldburgh,CO,34874,United States,10-5563528,617-275-8045,IT Services
A-000611,Haynes and Sons,0659 Stone Way,Tammyville,MS,05104,United States,91-1653317,227-433-0372,Construction
A-000612,Terry-Evans,663 Hamilton Station Suite 180,Lake Melissa,TX,68953,United States,79-3527609,252-128-8669,Manufacturing
A-000613,Flowers-Austin,984 Amanda Estate Suite 705,North John,TN,29365,United States,92-5412179,298-871-2320,Logistics
A-000614,Duffy-Mills,77862 Duffy Squares Suite 272,Rodgerstown,VA,32377,United States,80-0400428,208-778-3471,Professional Services
A-000615,"Nash, Jones and Kramer",467 Allison Ville Suite 690,Tamaraview,NY,88476,United States,99-9371401,467-332-2912,IT Services
A-000616,"Guzman, Bell and Marshall",06239 Case Prairie Suite 264,South Robertside,PA,42841,United States,13-9019611,301-203-3980,Office Supplies
A-000617,"Perry, Lopez and Allen",12029 Nicole Station,New Christopher,IN,05669,United States,24-4096091,149-480-2989,Facilities Management
A-000618,"Gardner, Rice and Jones",645 Jacob Views Apt. 990,North Emily,ID,42566,United States,39-2956587,683-172-3667,Professional Services
A-000619,Dickson-Dawson,1038 Christine Parkways,Robertsmouth,GU,04455,United States,96-8457290,133-203-4495,Logistics
A-000620,Rubio Inc,765 Margaret Park Suite 525,Hernandezland,GU,49957,United States,45-5069350,316-037-8110,IT Services
A-000621,"Fischer, Bray and Maddox",963 Roger Ways,Johnsonstad,PA,80131,United States,88-5033297,469-669-3233,Facilities Management
A-000622,"HUTCHINSON, JACKSON AND MCDONALD",722 Gentry Villages,Lake Nathaniel,MA,97847,United States,87-1588919,455-139-1960,IT Services
A-000623,Holmes-Rojas,63712 Richard Coves Suite 552,Castilloton,DE,34599,United States,94-9080318,584-081-1441,Construction
A-000624,Thompson-Rodriguez,361 Robert Light Apt. 146,Port Jamesfurt,CA,12209,United States,70-9650444,892-605-5546,Professional Services
A-000625,Davis Group,72386 Meadows Spur,Lake Corey,PR,95761,United States,98-7973565,736-838-5095,Office Supplies
A-000626,Marquez-Ray,2954 Austin Loaf,Johnstonport,DC,11582,United States,19-3133974,756-275-2800,Office Supplies
A-000627,Rasmussen-Newton,734 Murray Shore,Heidimouth,OR,24634,United States,81-8608005,351-638-3264,Logistics
A-000628,"BANKS, FAULKNER AND KIDD",97542 Marks Overpass,Lake Lisa,TN,68157,United States,38-0016058,852-377-4877,Office Supplies
A-000629,Harrison PLC,253 Matthew Court,North Karen,VA,73236,United States,35-2889019,082-267-9909,Facilities Management
A-000630,"Sullivan, Luna and Hernandez",3839 Stevens Lodge Suite 682,Port Jennifertown,ID,90005,United States,90-9340042,709-070-3780,Construction
A-000631,Brown Group,9303 Megan Loaf,Michaelstad,NV,29688,United States,38-0840558,309-074-0635,Healthcare Supplies
A-000632,"Collins, Pena and King",70433 Olivia Flat,Lake Courtneyhaven,IL,70411,United States,59-9714064,456-125-7804,Construction
A-000633,Gonzales PLC,176 Fernandez Shoal Suite 455,Kevinberg,CT,48689,United States,27-1494637,783-792-6405,Office Supplies
A-000634,"Thomas, Holloway and Gonzalez",859 Jose Curve Apt. 903,Austinmouth,PW,89228,United States,83-6665942,833-150-3219,Construction
A-000635,"Roberts, Harris and Hart",465 Osborne Shoal Suite 317,New Tracyton,AR,20111,United States,49-4647257,102-736-6325,Professional Services
A-000636,"Johnson, Ramos and Cherry",4478 Elizabeth Passage,Christinaview,CO,63984,United States,61-3443905,609-093-7164,IT Services
A-000637,"Sandoval, Diaz and Herring",45734 Graham Ports,Jonathanfort,WY,28472,United States,58-8529624,387-805-2890,Healthcare Supplies
A-000638,Price-Cooper,378 Singh Mills,New Allisonside,NY,31485,United States,54-6510829,743-450-9685,Facilities Management
A-000639,Parks Group,87108 Jason Ways,Robertport,MS,56490,United States,91-8040539,049-037-6474,Professional Services
A-000640,Cochran-Chase,158 Paul Shoal,New Kennethshire,WI,76312,United States,66-7121569,136-505-5191,Healthcare Supplies
A-000641,"Cochran, Walker and Mcfarland",718 Norton Park Apt. 708,Lake Larryberg,PA,27240,United States,18-3862154,285-071-9612,Logistics
A-000642,Clark and Sons,49522 Anna Wall,Blaketon,GU,28445,United States,16-6312199,717-758-8562,Professional Services
A-000643,Gonzalez and Sons,9879 Brian Turnpike Apt. 314,Carolside,TN,90616,United States,27-6670424,891-096-1968,Healthcare Supplies
A-000644,Howard-Cooper,20360 Richard Harbor,Lake Pamelatown,KS,33938,United States,65-8712474,608-197-1408,Facilities Management
A-000645,Myers LLC,86174 Wu Island Apt. 262,Bernardland,DE,99926,United States,19-7647841,662-866-0349,Facilities Management
A-000646,Nelson Group,0165 Moore Parks Suite 402,West Lydiafort,DC,27538,United States,96-8326513,125-242-3525,Manufacturing
A-000647,Salazar-Calderon,2322 Adam Corner,New Joseph,KS,98040,United States,65-1095672,314-140-8783,Office Supplies
A-000648,"Meadows, Hodge and Becker",9824 Katelyn Court Apt. 682,North Jay,RI,74668,United States,59-0483627,818-100-9624,Manufacturing
A-000649,Nolan PLC,050 Johnathan Lakes,New Jill,HI,67450,United States,82-2378827,720-476-7666,Construction
A-000650,"Mills, Davis and Cantu",21599 Victor Glens Apt. 763,South Rebecca,OR,06403,United States,90-0801470,331-222-3954,Professional Services
A-000651,Chambers Group,228 David Falls Apt. 193,Grimesside,GA,63515,United States,14-8629555,847-264-3933,Office Supplies
A-000652,Jarvis-Yates,24210 Curry Mountain Apt. 704,Port Nicholas,SC,69841,United States,68-1069884,116-595-5859,Manufacturing
A-000653,JONES AND SONS,313 Lee Spurs Suite 597,South Ricardo,NE,68614,United States,17-4108740,777-593-5861,Facilities Management
A-000654,JONES AND SONS,4804 White Flat,Bonillafort,RI,20985,United States,53-9017530,149-901-0861,IT Services
A-000655,Ellis Group,20586 Pollard Grove Suite 971,Michaelmouth,RI,26121,United States,92-2301213,277-011-5491,Office Supplies
A-000656,Simpson-Burke,489 Edwards Forks,Marvintown,IA,58294,United States,50-3346325,548-078-0538,Logistics
A-000657,ROBERSON-EDWARDS,265 Molly Mission,Harrisport,MO,61748,United States,80-1726890,464-660-3327,Healthcare Supplies
A-000658,"Harrison, Holmes and Forbes",1443 West Shoal,Josephfort,NC,77838,United States,67-6876906,350-526-0270,Office Supplies
A-000659,Valencia-Ruiz,0718 Shelly Rapid Apt. 361,New Daniel,ID,64986,United States,66-7840357,745-998-4133,IT Services
A-000660,Holmes-Mack,65404 Oliver Neck Apt. 809,East Davidmouth,OH,66829,United States,99-6382881,364-316-7859,Manufacturing
A-000661,Vaughan-Mcknight,895 Andrew Ferry,South Conniestad,NE,01166,United States,91-1941471,526-990-1523,Manufacturing
A-000662,"Lynch, Lewis and Hansen",04231 Holly Trace Suite 820,Allisonville,WY,91349,United States,82-3164961,093-054-8473,Office Supplies
A-000663,Romero Ltd,277 Evans Trafficway,Burtonfort,KY,49273,United States,47-1686188,925-412-3872,IT Services
A-000664,COX-WALKER,76749 Nicholas Crossing,Port Valerie,NM,19837,United States,87-8488534,765-314-5134,Logistics
A-000665,Escobar-Walsh,54558 Kristy Knoll,Cindymouth,FM,48149,United States,13-4593072,621-683-3576,Office Supplies
A-000666,Carr and Sons,396 Vincent Canyon,North Elizabeth,FM,31460,United States,17-2253060,887-821-8893,Logistics
A-000667,"Cabrera, Parker and Charles",8327 Russell Mills Suite 818,Wallaceport,KY,80374,United States,57-9362443,924-687-1446,Manufacturing
A-000668,"Harrington, Thomas and Ortega",6872 Rebecca Fork,Clarkfort,VT,73638,United States,53-1929128,406-138-6748,Facilities Management
A-000669,Mason-Williams,5965 Bates Run Suite 786,North Oliviamouth,CA,96807,United States,35-1619881,267-644-9436,Professional Services
A-000670,Anderson-Harris,60891 Williams Lakes,East Carrie,NC,35532,United States,35-1429015,574-965-9905,Healthcare Supplies
A-000671,Smith-White,14358 Bradley Ways Apt. 775,East Billyland,AL,78533,United States,72-0058859,221-689-7453,Healthcare Supplies
A-000672,Campbell Group,04319 Scott Gateway,East Robertchester,MI,52686,United States,35-4373770,023-361-6558,Construction
A-000673,Farmer-King,5267 Patricia Spring Apt. 670,South Jennifer,DE,01512,United States,25-3824712,056-870-6905,Professional Services
A-000674,Barton and Sons,816 Kane Rapid,Port Henry,IA,48339,United States,54-4056890,393-305-4849,Construction
A-000675,Donaldson-Pitts,7079 Lopez Wall Apt. 830,West Gregory,TX,35243,United States,39-5444277,685-519-0204,Manufacturing
A-000676,"Bullock, Morris and Torres",1093 Justin Trail,Jenniferbury,MT,27119,United States,69-7771523,305-754-3700,IT Services
A-000677,"YODER, WILSON AND WISE",77021 Smith Summit Suite 701,West Jane,VI,82080,United States,77-2155012,283-397-1785,Office Supplies
A-000678,"Rodriguez, Gray and Wallace",9173 Anthony Squares,North Ginastad,MH,77789,United States,69-6840109,169-833-1793,Facilities Management
A-000679,Schneider-Johnson,406 Padilla Unions Suite 525,Port Miguel,AK,87525,United States,15-0341410,765-094-6207,Healthcare Supplies
A-000680,"Flores, Thomas and David",1926 Kathleen Village,Frenchland,DE,74047,United States,79-0755362,680-109-3609,Office Supplies
A-000681,Lawrence PLC,170 Monica Dale,Vaughnburgh,NC,03662,United States,94-3751263,587-777-0149,Healthcare Supplies
A-000682,Wolfe PLC,19569 Torres Burgs,Colemouth,PA,47951,United States,84-7655456,691-922-0513,Office Supplies
A-000683,Brown PLC,747 Daniel Point Apt. 699,West Julie,DE,59753,United States,35-8737619,392-229-3177,Professional Services
A-000684,Rogers-Cantu,475 Leslie Orchard,Hardyshire,CO,60621,United States,42-2913264,431-243-4535,IT Services
A-000685,"Medina, Nguyen and Ross",94410 Alexis Drive Suite 974,West Joshua,OR,20195,United States,16-1873231,101-818-8969,Office Supplies
A-000686,Collier-Cook,6202 Maria Junctions Suite 692,Lake John,LA,01020,United States,51-7061783,717-343-4660,Professional Services
A-000687,"Rodriguez, Morgan and Jones",564 Allison Isle,Davidborough,TX,26329,United States,45-4617185,665-028-5915,Logistics
A-000688,"BLAKE, FLORES AND WILSON",578 Ariel Squares,Gregoryport,OR,23868,United States,58-2954920,219-114-2999,Healthcare Supplies
A-000689,"Rodriguez, Rodriguez and Smith",85699 Beverly Haven,South Marc,AL,16322,United States,19-9282456,201-740-2098,Professional Services
A-000690,Miles-Graham,5948 Hannah Drive Suite 291,Lake Paul,FM,88060,United States,15-5337035,591-644-9153,Construction
A-000691,Jones Group,40033 Nicole Land Apt. 097,West Lauren,AS,18532,United States,96-3987020,542-654-1689,Professional Services
A-000692,Watkins Grp,398 Lyons Forges Apt. 828,South Deborah,TN,82625,United States,61-4745610,278-680-7042,Professional Services
A-000693,Simpson LLC,884 Hopkins Ridge,Gonzalezstad,NH,50031,United States,11-6464447,866-213-8059,Professional Services
A-000694,"Jenkins, Parker and Rodriguez",3659 Sherri Isle,West Calvinbury,NM,19160,United States,90-1955461,234-267-8703,Facilities Management
A-000695,Robinson PLC,81718 Michael Wall,Emilymouth,FM,18723,United States,36-0482447,112-759-6373,Professional Services
A-000696,"Berry, Atkins and Dickerson",204 Dawn Shores,Scottborough,ME,40535,United States,93-2701695,210-651-0046,Construction
A-000697,Smith LLC,13555 Duncan Dale,Lake Thomasberg,TX,89755,United States,50-8732434,239-567-2176,Facilities Management
A-000698,"WOODS, WILLIAMS AND WARD",5868 Deanna Turnpike Suite 341,South Suzanneshire,TN,53288,United States,43-1165907,403-157-5859,Construction
A-000699,"Stanton, Matthews and Mcdowell",00720 Smith Throughway,Troyland,DE,23279,United States,96-2017778,461-757-8041,Facilities Management
A-000700,"Duke, Arnold and Ortiz",644 Susan Crossroad,Kevinfort,AR,91688,United States,91-7792874,498-671-1018,Healthcare Supplies
A-000701,Norris-Ochoa,127 Wheeler Viaduct,Brownbury,KY,32224,United States,14-9086585,743-256-7405,Professional Services
A-000702,"Parker, Martin and Hancock",353 Santiago Island Suite 116,Lake Larryshire,VT,80600,United States,11-7415986,442-618-4553,Construction
A-000703,Mitchell-Browning,9304 Campbell Center Apt. 606,South Kenneth,NE,17003,United States,31-0659326,755-377-9385,Healthcare Supplies
A-000704,Sanders and Sons,174 David Lock Apt. 325,Lake Marciashire,ME,32813,United States,71-1806831,988-442-7895,Professional Services
A-000705,"Middleton, Simmons and Hartman",496 Rogers Union Suite 959,Meganhaven,FM,15702,United States,63-6120880,273-174-2718,Healthcare Supplies
A-000706,JONES-ORR,10520 Cameron Motorway Apt. 095,South Cindybury,NH,59390,United States,88-6808192,312-973-4148,Healthcare Supplies
A-000707,English and Sons,590 Robert Stravenue Apt. 090,Hernandeztown,OH,86380,United States,28-1747678,712-189-4523,IT Services
A-000708,Bates-Hickman,416 Cole Bypass,Petersside,TX,91592,United States,17-9811669,698-585-7491,Manufacturing
A-000709,Downs Group,7040 Fuller Flats,Cooperhaven,MP,59097,United States,54-2802779,569-269-2032,IT Services
A-000710,James-Smith,7836 Heidi Ford,East Rachelview,CA,32730,United States,17-2980019,653-298-5684,IT Services
A-000711,"Walsh, Abbott and James",2157 Marsh Village Apt. 545,Pattersonhaven,FL,38573,United States,64-3026584,874-142-7853,Facilities Management
A-000712,King Ltd,63492 Cynthia Dale Apt. 399,North Lee,WY,03621,United States,50-0721199,071-320-4484,Manufacturing
A-000713,Barnes-Mclean,54176 Smith Island Suite 893,North Richardport,MN,58195,United States,76-3395529,677-657-6664,Facilities Management
A-000714,Williams-Gomez,529 Collins Islands,North Travis,AR,38186,United States,80-7901168,998-878-2988,Facilities Management
A-000715,Hudson Inc,43697 Reed Station Apt. 517,Lake Walter,VT,12165,United States,11-2724887,355-669-6338,Manufacturing
A-000716,"Ryan, Best and Smith",755 Jones Harbor,North Donald,LA,69866,United States,96-5615974,435-074-5093,IT Services
A-000717,David PLC,997 Donald Groves,West Sarahborough,CO,03653,United States,21-4908010,907-718-2353,Logistics
A-000718,Wells-Day,5547 Brown Crossroad Suite 573,Lukeside,CT,38262,United States,66-3054538,712-666-1539,IT Services
A-000719,"Mcgee, Anderson and Adams",021 Brown Row Apt. 343,New Brent,GA,62439,United States,35-8738317,989-582-4773,Professional Services
A-000720,"Wilkerson, Cunningham and Guerra",71912 Reed Gardens,Leslieland,LA,24193,United States,76-5484610,116-220-6591,Construction
A-000721,PETERSON LTD,775 Powell Plaza Suite 172,Tamaratown,IA,38419,United States,18-4846271,463-324-6568,Healthcare Supplies
A-000722,Cook Ltd,351 Edwards Ford Suite 185,Port Jessicafort,MO,75065,United States,53-5968611,659-596-5600,Facilities Management
A-000723,Nelson LLC,4302 Williams Club,Port Tommy,HI,77877,United States,84-8651792,821-093-5243,Professional Services
A-000724,Bennett PLC,25727 Crystal Hollow,Weeksburgh,NJ,07690,United States,20-0395400,472-334-4666,Office Supplies
A-000725,Gomez LLC,80686 Wayne Plaza Suite 887,West Teresa,PA,33900,United States,50-7231644,039-518-6956,Office Supplies
A-000726,Miller Group,31896 Lopez Village,East Cindytown,MH,32598,United States,85-4674236,177-569-0001,IT Services
A-000727,"Fowler, Walton and Miller",5324 Moreno Glens Apt. 871,Robinmouth,LA,94713,United States,18-8783547,746-911-7087,Facilities Management
A-000728,Thompson Ltd,325 Jennifer Lights,West Dylan,VI,06128,United States,70-7583925,213-116-7954,Logistics
A-000729,Brown-Harrington,7970 Angie Stream Apt. 076,Donnaton,MA,67339,United States,84-3338269,355-017-2727,Facilities Management
A-000730,"Holden, Sanchez and Hardy",018 David Lake,North Karenland,GU,25834,United States,39-1086098,406-368-0199,Manufacturing
A-000731,Johnson-Turner,1174 Pham Stravenue Apt. 706,Ambermouth,OK,57599,United States,17-9830621,886-312-4079,Construction
A-000732,Alexander Ltd,3209 Fields Row,New Joseph,OK,73328,United States,11-6812751,735-872-7299,Professional Services
A-000733,Fuller LLC,024 Patricia Ridge Apt. 986,Gonzalezhaven,ME,50848,United States,73-0325223,484-427-3983,IT Services
A-000734,"Blake, Flynn and Reed",188 Stanley Lodge,Port Teresa,NJ,33128,United States,90-7727084,533-406-2016,Office Supplies
A-000735,Sanchez Inc,2156 Jonathan Spurs,Gregorychester,IL,53080,United States,18-2611003,288-623-3570,Construction
A-000736,"Montgomery, Khan and Brooks",3007 Pacheco Green,Tinaland,AS,69842,United States,82-6960759,347-923-0578,Healthcare Supplies
A-000737,NGUYEN-GONZALEZ,81246 Strong Garden,Nicholsfurt,GA,40941,United States,51-2151733,301-460-6696,IT Services
A-000738,"Johnson, Lamb and Larson",74912 April Overpass Apt. 650,Jonesview,NV,11448,United States,94-8790854,590-112-5023,Logistics
A-000739,WILLIAMS-BROWNING,72898 Mccormick Wall,Lake Dennis,HI,08375,United States,63-7722224,861-498-4250,Healthcare Supplies
A-000740,"Foster, James and Munoz",420 Deborah Heights Apt. 442,Philipfort,IN,64508,United States,15-7656107,238-615-9528,Logistics
A-000741,Singh-Erickson,5763 Park Rest Apt. 930,Leonardfort,OK,62003,United States,56-9319938,983-676-0741,Professional Services
A-000742,WILLIS-JACOBS,0439 Theresa Junctions,Harmonberg,NC,47105,United States,18-1623972,869-660-9635,Healthcare Supplies
A-000743,"Mcdonald, Stark and Smith",1210 Vincent Curve Suite 226,Maryport,PW,14104,United States,74-9794986,802-459-4085,Office Supplies
A-000744,"Young, Sullivan and Allen",3779 Johnson Mission,Morsestad,WI,42803,United States,93-0598266,737-485-2512,Healthcare Supplies
A-000745,Hurley-Garner,7901 Trujillo Trail Apt. 279,New Joshua,TX,56613,United States,13-1810311,523-967-4999,Construction
A-000746,Brown and Sons,0700 Malone Junctions Apt. 242,Elliottmouth,NJ,42465,United States,94-1328406,385-139-7635,Facilities Management
A-000747,"Mitchell, Jones and Anderson",204 William Divide Apt. 633,Nicoleland,CA,69603,United States,62-6781451,978-737-2826,Professional Services
A-000748,Walker LLC,799 Laurie Summit,South Nicolestad,NJ,42917,United States,86-4157523,275-428-3286,IT Services
A-000749,"Nolan, Morgan and Davis",066 Michael Summit Suite 155,Byrdland,VI,55730,United States,89-4198823,689-409-3636,Office Supplies
A-000750,Fowler-Peterson,1611 Jamie Isle Suite 322,Rebeccaland,NY,19977,United States,44-0030663,569-619-2126,Healthcare Supplies
A-000751,"Moore, Harris and Robinson",8274 Clark Underpass,Davidbury,WY,45267,United States,91-7489574,611-882-0380,Construction
A-000752,Stewart Group,095 Kevin Vista,Port Kellyville,MP,41852,United States,41-3368711,970-001-9007,Office Supplies
A-000753,Elliott Group,744 Andrew Courts,South John,UT,99621,United States,83-5852444,939-702-6638,Office Supplies
A-000754,Kennedy LLC,185 Jeffrey Views Apt. 178,Brownmouth,MP,59362,United States,28-2001119,677-192-8892,IT Services
A-000755,"Kennedy, Mcfarland and Gray",1364 Woods Green Suite 145,South Michael,HI,47089,United States,38-8199600,744-882-5269,Facilities Management
A-000756,Cisneros and Sons,38547 Goodwin Square Apt. 681,North Laura,FL,23943,United States,42-1856529,941-232-8062,Facilities Management
A-000757,Jennings L.L.C.,545 Ramirez Ville,West Amber,NC,31831,United States,94-0381893,140-035-6303,Logistics
A-000758,Simon-Schroeder,026 Kenneth Ramp,Lake Daltonview,RI,87024,United States,24-5480775,538-916-2441,Construction
A-000759,Stanley Inc,066 Davis Plains Suite 333,South Kathrynview,NH,75855,United States,45-6715514,554-129-8249,Office Supplies
A-000760,Smith and Sons,2089 Taylor Vista,Salasside,AL,16255,United States,96-3370520,269-625-0507,Healthcare Supplies
A-000761,Hatfield and Sons,913 Allen Gateway Apt. 502,Kingfurt,GU,20418,United States,57-2685761,383-844-0376,Healthcare Supplies
A-000762,"Johnson, Edwards and Hawkins",7210 Timothy Heights,Thomasbury,OK,14554,United States,42-2589929,171-740-0345,Healthcare Supplies
A-000763,Robinson Ltd,3678 Steve Drive,Maryside,CA,33071,United States,29-0736564,537-642-9839,Office Supplies
A-000764,Clark PLC,95260 Lopez Rapid Suite 340,North Jonathanfort,MP,94847,United States,44-2671456,475-473-7704,Construction
A-000765,"Abbott, Hicks and Buck",9919 Johnson Pines,Corystad,TX,73935,United States,40-0969989,553-730-4376,Office Supplies
A-000766,Moreno,0716 Scott Station Apt. 440,North Julieview,AZ,58770,United States,49-1932454,560-231-0640,Logistics
A-000767,"Tucker, Silva and Warren",88542 Bradshaw Summit,Jonathanshire,VT,64126,United States,70-5429879,992-519-7366,Professional Services
A-000768,Haynes LLC,56004 James Courts,Flemingfort,NH,46654,United States,83-1983367,270-712-7971,Manufacturing
A-000769,"PITTS, RUIZ AND DAVIS",06676 Cordova Heights,West Jimmyburgh,KY,21049,United States,57-0787423,169-435-3286,Construction
A-000770,Pierce-Smith,80573 Darrell Lane,Mathewsside,MS,39378,United States,99-2582047,555-261-5107,Logistics
A-000771,Hubbard-King,019 Henderson Estate Apt. 346,South Joshuafurt,CA,42423,United States,24-9442440,265-322-2470,Construction
A-000772,Walters Inc,16694 Johnson Dam,East Ritaport,MH,56883,United States,86-7979226,764-281-2598,Office Supplies
A-000773,"Welch, Clark and Mitchell",43896 Banks Locks Suite 508,Thomasshire,FM,42832,United States,17-9419456,322-307-2487,Facilities Management
A-000774,"Gomez, Gardner and Hicks",69656 Gregory Shores,Patrickmouth,NE,90723,United States,72-5179752,223-683-1275,Office Supplies
A-000775,Martinez-Harris,7802 Patricia Brook Apt. 771,South Davidport,MN,02824,United States,67-3772626,269-447-3534,Office Supplies
A-000776,"Wright, Harmon and Mathis",0187 Dawson Turnpike,Dawnborough,VI,98408,United States,94-9030118,422-539-3922,Healthcare Supplies
A-000777,"Burns, Collier and Marks",47598 Miguel Parkway,Sergiofort,AR,50743,United States,21-7434526,939-285-3202,Professional Services
A-000778,Russell-Phelps,467 Fox Underpass Apt. 898,Lewischester,WA,10780,United States,80-6094391,395-945-9211,Healthcare Supplies
A-000779,"Welch, Patrick and Bauer",81001 Thompson Viaduct,Contreraston,MO,24382,United States,70-4753177,515-759-5149,Office Supplies
A-000780,Bryant PLC,51234 Katherine Freeway Suite 367,Emmafort,NM,58733,United States,95-4946593,342-658-7503,Office Supplies
A-000781,Smith Ltd,140 Gaines Club Apt. 806,Lake Vickieton,NJ,35130,United States,21-3757100,666-974-7217,Manufacturing
A-000782,Roberts and Sons,6830 Eric Throughway Apt. 695,West Mark,NV,95875,United States,20-5877984,673-507-8107,Construction
A-000783,Robinson-Smith,62105 Paul Centers Suite 870,Maryhaven,CT,12350,United States,57-8651079,353-739-6527,Healthcare Supplies
A-000784,Sandoval PLC,13268 Thomas Greens,Smithland,IA,57459,United States,92-9296154,884-157-7129,IT Services
A-000785,"Adams, Graves and Lucas",956 Thomas Shores,Matthewburgh,FL,29351,United States,47-0405910,552-858-7063,Manufacturing
A-000786,"Ward, Johnson and Cohen",01850 Sarah Neck,Richardport,GU,46457,United States,41-7217932,058-105-8010,Office Supplies
A-000787,"Hawkins, Becker and Fisher",4761 Sean Valleys Suite 636,Paulmouth,IA,29239,United States,19-2185888,347-749-6337,Logistics
A-000788,Moore Ltd,81915 Howard Oval Suite 387,West Valerie,AR,42854,United States,99-2620629,219-405-0472,IT Services
A-000789,Warren-Drake,571 Daniel Roads Suite 449,Brownchester,IA,74489,United States,46-8365044,525-747-7743,Facilities Management
A-000790,"Weaver, Hudson and Bright",219 Hendricks Pine,Castromouth,SC,62195,United States,47-3984594,882-737-6309,Facilities Management
A-000791,Robinson-Davidson,6609 Sandoval Parks,Sarahtown,WY,99339,United States,20-4821934,044-507-2962,Facilities Management
A-000792,"Mayo, Ayala and Johnson",79322 Kelly Mission,West Keith,IA,02558,United States,87-5235090,594-156-7117,Facilities Management
A-000793,Johnson-Chavez,1306 West Circles,New Daniel,MS,72264,United States,42-2406106,387-027-8537,Manufacturing
A-000794,"Mclaughlin, Kelley and Johnson",8723 Washington Highway Suite 720,East Keithville,AK,38021,United States,79-5752405,150-749-3166,Logistics
A-000795,"Lambert, Patterson and Becker",55661 Deborah Brook,Scottstad,AZ,06018,United States,82-7072823,045-840-8922,IT Services
A-000796,"Meadows, Mckinney and Smith",2514 Grace Lane Apt. 709,Clarkfort,GU,02324,United States,69-2609167,981-668-8130,IT Services
A-000797,"Gardner, James and Rodriguez",150 Parker Islands,Sarafurt,FL,48957,United States,45-5397438,731-253-6127,Office Supplies
A-000798,"Mason, Foster and Townsend",579 Freeman Lakes,New Brianshire,SD,66772,United States,59-6126873,971-733-1571,Professional Services
A-000799,Kirk-English,61353 Moore Knoll,Paulside,ID,19293,United States,30-0131434,621-384-1551,Office Supplies
A-000800,Moore-Wright,2776 Carter Ridges,Rhondahaven,VI,16704,United States,89-1764728,946-877-4929,Professional Services
A-000801,Cole-Smith,0388 Jaime Cove,Lauraville,NY,02561,United States,51-7509245,166-480-2362,Manufacturing
A-000802,Barnes-Brooks,8168 Daniel Canyon,Mckayfort,ID,07567,United States,71-9922596,871-439-0390,Logistics
A-000803,Johnson Inc,626 Timothy Roads Apt. 474,Patriciamouth,RI,69108,United States,95-8459117,889-213-2738,IT Services
A-000804,Gibson-Williams,924 Robinson Loop Apt. 755,Deborahview,MP,44565,United States,31-1606895,838-750-0770,Facilities Management
A-000805,"Atkins, Garcia and Arellano",11424 Eric Squares Suite 546,Robinsonborough,NV,10246,United States,73-0291513,741-906-6954,Logistics
A-000806,"Brown, Bell and Yang",40117 Andrade Corners,Johnsonville,IL,85730,United States,47-3581239,011-273-8318,Healthcare Supplies
A-000807,Johns-Kennedy,662 Browning Pines Apt. 230,Klineport,DC,97801,United States,97-3744799,116-846-0389,Construction
A-000808,Burton LLC,46652 Megan Park,Rogermouth,ID,31122,United States,75-9797724,164-950-6054,Logistics
A-000809,Davis Inc,179 Morrison Wells,Port Margaret,GA,27982,United States,50-0834337,312-567-7250,IT Services
A-000810,"Williams, Oneill and Sullivan",412 Donald Stream Apt. 232,New Timothybury,NC,99146,United States,55-4234434,570-943-9137,IT Services
A-000811,"Proctor, Hoffman and Gonzales",9213 Roger Streets,East Nicholas,AR,68116,United States,62-2558165,099-371-5193,IT Services
A-000812,Kirby-Turner,037 Rollins Mill,New David,IN,27877,United States,69-5832844,704-946-2455,IT Services
A-000813,Gonzales Group,53558 Melissa Greens,Lake Davidhaven,AK,88024,United States,62-5749126,829-385-0284,Construction
A-000814,Vargas-Tran,8753 Jones Landing,Carrilloville,MD,31284,United States,25-0642261,307-066-6706,IT Services
A-000815,Davis PLC,611 Rogers Forges,New Johnborough,VA,15454,United States,43-7777716,340-377-9170,Facilities Management
A-000816,Tucker Ltd,61892 Paula Heights,Zacharyton,NJ,19359,United States,76-5086407,162-474-2468,Manufacturing
A-000817,"Garcia, Munoz and Pham",445 Murphy Squares Suite 817,Kellyburgh,AZ,41735,United States,62-0344871,405-155-6740,IT Services
A-000818,Allen-Morgan,1741 Sutton Orchard,Gatesfurt,FM,25233,United States,54-6279777,103-231-9767,Facilities Management
A-000819,Cox Group,8444 Wheeler Haven,Kathleenhaven,PA,24095,United States,62-4737111,441-832-8113,IT Services
A-000820,"Cameron, Gordon and Castro",76764 Schaefer Mission Apt. 534,West Daniel,CT,71020,United States,95-4570592,716-289-7476,Professional Services
A-000821,Estes-Scott,99857 Anderson Loaf Apt. 744,Michaelmouth,VT,88201,United States,67-7252858,766-335-4205,Construction
A-000822,"Roach, Crane and Deleon",77282 Price Islands Suite 089,Mckenzieburgh,WA,85057,United States,28-0613009,660-366-9802,Facilities Management
A-000823,Price Ltd,507 Matthew Fall Suite 016,West Ronaldfort,NC,08624,United States,69-0263993,798-230-7008,Logistics
A-000824,Lewis Ltd,902 Stacey Neck Suite 326,Port Kimberly,RI,37385,United States,71-4947037,180-169-5991,Logistics
A-000825,"King, Robinson and Meza",83754 Alyssa Hills Suite 377,West Courtney,SC,43034,United States,68-2014641,030-277-2179,Manufacturing
A-000826,Morales LLC,5326 Williamson Drive,Michelleport,TX,92638,United States,91-6048218,837-268-7793,Facilities Management
A-000827,"Hobbs, Fox and Collier",86728 Castillo Parks,Calhounland,AR,39110,United States,68-6642360,076-296-9652,Professional Services
A-000828,Carter Group,5019 Mitchell Circles,North Nicolemouth,NY,40103,United States,89-0261845,567-313-7001,Professional Services
A-000829,Miller LLC,19596 Maria Drive,Sullivanborough,AS,92616,United States,47-4281674,477-966-0548,Logistics
A-000830,Hernandez-Kennedy,2246 Sherman Loaf,Elizabethhaven,MT,99705,United States,57-1447714,175-418-2771,Logistics
A-000831,Carter LLC,9814 Morgan Avenue,Daughertyside,CO,58059,United States,86-3166250,006-814-3659,Office Supplies
A-000832,Dickson-Cox,86770 Patterson Curve Apt. 922,West Brenda,DE,34441,United States,94-2725534,309-215-2725,Professional Services
A-000833,Perry Ltd,802 Henry Shoals,Port Chadfurt,VI,85557,United States,96-4835149,206-370-3559,Manufacturing
A-000834,Hughes LLC,787 Lynn Run,Pruittside,PW,26727,United States,67-1532152,410-006-6584,Construction
A-000835,GAY-PONCE,930 Joshua Circle,Lake Lisa,MP,85711,United States,74-0871060,608-970-6493,IT Services
A-000836,Hanson-Smith,9058 Brian Mountains Apt. 278,East Melindachester,KS,48778,United States,44-7520416,130-050-1985,Construction
A-000837,Evans-Clark,427 Johnson Estate,New Mark,AL,58751,United States,41-0669201,255-320-5285,Construction
A-000838,"Davis, Roberts and Martinez",4045 Mark Prairie,East Leah,FL,62474,United States,24-5587477,692-689-9473,Office Supplies
A-000839,Hood-Harris,523 Nicholas Center,Robertchester,AS,06447,United States,16-3657733,712-413-7394,Construction
A-000840,Webster PLC,46318 Williamson Prairie Suite 633,East Jamesview,FL,28051,United States,85-3150998,338-831-9602,IT Services
A-000841,Bishop Ltd,0400 Sanchez Village,Hickmanchester,NY,40243,United States,36-8088898,707-260-2757,IT Services
A-000842,"Obrien, Farley and Harris",3738 Megan Trail,East James,PR,06158,United States,86-3854401,970-199-8247,Healthcare Supplies
A-000843,Mccoy Group,86210 Franco Lodge Suite 828,South Amyshire,MS,01978,United States,98-9575564,066-881-2790,Professional Services
A-000844,"Sampson, Garcia and Welch",14217 Hughes Dam Suite 799,Tammyview,IA,26242,United States,77-4108885,178-273-0597,Office Supplies
A-000845,Taylor-Rice,8464 Kathryn Isle,Colechester,MS,18708,United States,50-2838221,199-785-6525,Facilities Management
A-000846,"Dickerson, Hernandez and Cook",7292 Virginia Estates Apt. 679,Bradleytown,CT,41714,United States,18-1084980,413-827-3868,Logistics
A-000847,Zhang PLC,89862 Michael Glen,Bankschester,HI,74294,United States,53-2557724,661-035-6574,Construction
A-000848,"Williams, Sloan and Gonzalez",492 Thomas Fort,Adamfurt,AZ,07354,United States,84-5932321,126-646-0961,Healthcare Supplies
A-000849,"Leonard, Duncan and Peck",307 Eric Loop Suite 569,North Karaton,SC,70259,United States,45-1424185,611-713-4025,Manufacturing
A-000850,Russell and Sons,6434 Farmer Loop,Donaldchester,TX,90392,United States,93-1221434,505-347-7411,Logistics
A-000851,Moore LLC,88755 Leblanc Port Apt. 041,Nicoleburgh,WY,69892,United States,88-4832186,230-164-3032,Facilities Management
A-000852,Jones Inc,64218 Luis Greens,Villegashaven,OR,28997,United States,63-1196129,770-705-0709,Construction
A-000853,Stokes-Newton,65159 Martin Haven,Phelpsside,MP,97623,United States,70-7890457,715-533-3179,Facilities Management
A-000854,Jones Ltd,475 Hobbs Ridges,Currymouth,MS,47788,United States,94-6434607,021-000-2786,Healthcare Supplies
A-000855,"Bishop, Hart and Barron",05125 William Run Apt. 631,West Rachelfort,MP,50711,United States,83-2884547,932-879-2746,Manufacturing
A-000856,White PLC,3115 Elizabeth Trace Apt. 872,South Markborough,VA,13218,United States,14-9330844,444-941-9964,Logistics
A-000857,"Andrews, Stanton and Hines",43840 Katie Mission Apt. 573,Ricetown,SD,58788,United States,77-2355141,051-825-1103,Facilities Management
A-000858,Fields-Shields,5373 Marc Trail,Fredericktown,NM,93475,United States,59-0182620,816-293-0961,Manufacturing
A-000859,BRADLEY PLC,087 Gilbert Views Apt. 229,North William,WV,64737,United States,83-9369897,884-779-8882,IT Services
A-000860,Gibson PLC,686 Sergio Glen Apt. 300,Brownmouth,KS,64480,United States,79-7929178,595-013-3672,Construction
A-000861,Cohen-Conley,06708 Matthew Path Suite 824,West Cindyfort,NM,93783,United States,49-9264207,957-240-0303,IT Services
A-000862,Brown-Hartman,75989 Thompson Drive Suite 947,Bakerville,RI,35953,United States,15-5606161,958-325-1990,Office Supplies
A-000863,"Chang, Lynch and Allen",2523 Joshua Glen Apt. 139,Laurenfort,WY,76012,United States,56-0883210,656-280-7335,Logistics
A-000864,Fisher LLC,8048 Christie Highway Apt. 782,Lopezstad,NC,58262,United States,85-5590022,293-706-2587,Logistics
A-000865,Joyce PLC,7537 Nelson Heights Suite 125,Mooreburgh,FL,02077,United States,24-2485313,834-644-2996,Professional Services
A-000866,"Rice, Mendez and Leonard",888 Farmer Pine,North Nicoletown,NH,13537,United States,84-6891707,492-360-3680,Healthcare Supplies
A-000867,"COOK, GRANT AND WAGNER",3721 Glenn Walks Suite 763,Port Sherri,VT,77484,United States,97-7364141,180-438-4309,Logistics
A-000868,"Schmitt, Rivera and Wise",18180 Lisa Vista Suite 472,Lake Stephaniebury,CT,16628,United States,55-3456129,265-974-6030,IT Services
A-000869,"Lewis, Anderson and Burns",0423 Troy Island,Port Christophermouth,RI,22358,United States,61-2926731,063-041-6527,Logistics
A-000870,Friedman-Thompson,401 Price Loaf,Port Janetfurt,AZ,61505,United States,19-5918514,727-204-5098,Logistics
A-000871,JOHNSON GROUP,09240 Parker Route Apt. 596,Rogersbury,OK,07039,United States,49-4666352,363-857-4339,Construction
A-000872,"Flores, Gordon and Park",416 Erin Oval,Bradleyport,NE,68594,United States,24-7241457,314-650-0394,Office Supplies
A-000873,"Mckee, Wood and Wilkinson",4201 Kathryn Rapid Apt. 232,North Nicholasstad,CT,79150,United States,93-0496866,889-060-9175,IT Services
A-000874,COSTA-WILSON,7750 Morales Lock,Lake Dustin,SC,68029,United States,78-8887139,439-656-8872,IT Services
A-000875,Kelly-Krueger,29069 Torres Flat,Rogerview,DC,59362,United States,75-5325292,294-361-0909,IT Services
A-000876,Green Inc,6470 Mary Manor,South Kennethfort,AR,56585,United States,57-2553155,022-525-5313,Healthcare Supplies
A-000877,Walsh-Marshall,219 Jessica Isle Apt. 719,Johnsonstad,NM,38936,United States,20-7873599,454-069-1438,IT Services
A-000878,"Mcneil, Nguyen and Sullivan",141 Kyle Brooks Suite 683,New Kimberly,NV,50917,United States,73-3050169,816-051-9170,Office Supplies
A-000879,"Adams, Glenn and Patterson",4373 Carlos Club,Jamesland,ID,45649,United States,47-7458516,716-826-1114,Office Supplies
A-000880,Schaefer-Jackson,47873 Collins Harbors Suite 564,Orrborough,CA,85947,United States,43-7695739,168-859-2663,IT Services
A-000881,"Casey, Reynolds and Mcdonald",608 Robinson Valley Suite 314,Lake Clayton,CO,25402,United States,79-2156071,722-938-0450,Logistics
A-000882,Smith Ltd,9116 Henry Glens,Lake Thomas,OH,90998,United States,36-6467312,681-337-2278,Construction
A-000883,Lopez-Velasquez,173 Lauren Mount Suite 063,Daniellebury,MT,73551,United States,41-7335858,990-657-4169,Manufacturing
A-000884,Newman-Rubio,3375 Norman Wall Suite 535,Chavezfort,FM,69258,United States,94-1600554,592-945-8361,Professional Services
A-000885,"Mcfarland, Palmer and Wolfe",4892 Katherine Lane Apt. 424,Markburgh,MI,51610,United States,63-1381642,702-178-2959,Office Supplies
A-000886,"Durham, Gentry and Blake",76329 Smith Village,West Jasonview,CO,82438,United States,22-1057584,269-808-6551,Professional Services
A-000887,"Gutierrez, Castaneda and Mendez",78393 Jimmy Road Suite 027,Briannaburgh,MI,06111,United States,63-6422667,165-755-5748,Logistics
A-000888,Walters PLC,70560 Ewing Neck,New Jennifer,WV,37705,United States,66-7243311,109-600-6616,Manufacturing
A-000889,Keller and Sons,6602 Carter Landing,Burkeshire,CO,67382,United States,48-7726245,143-369-7575,Healthcare Supplies
A-000890,Long-Smith,2605 Joe Pine,Port Crystal,PA,92832,United States,24-1715543,969-660-8187,Office Supplies
A-000891,Aguilar-Wilson,94540 Amanda Road,Rachelborough,OH,97070,United States,92-7175323,826-976-9413,Logistics
A-000892,Brown-Taylor,5278 Brown Rapids Suite 472,Ramirezton,NH,42130,United States,11-4810579,193-914-6037,Construction
A-000893,Schmitt-Hayes,463 Kathryn Neck Suite 186,South Richard,NV,96815,United States,16-4927936,861-633-8638,Office Supplies
A-000894,Smith and Sons,624 Turner Ridge,Richardstad,AS,36782,United States,64-3968992,977-053-6443,Construction
A-000895,"Santos, Mitchell and Anderson",2080 Jackie Way Apt. 482,North Kristyshire,GA,02962,United States,77-4922644,536-504-5686,Office Supplies
A-000896,George-Johnson,233 Kristen Island,Port Kevin,KY,16600,United States,55-4810443,575-842-7686,Office Supplies
A-000897,Miller LLC,732 Richardson Dam,West Cynthia,NE,48926,United States,39-7928718,546-120-3846,Logistics
A-000898,Chan Ltd,95078 Sanchez Walk,Gabrielleshire,AK,05474,United States,67-5944565,343-292-6205,Healthcare Supplies
A-000899,Mack-Richardson,628 Lawson Landing Suite 578,Port Tracey,IN,78396,United States,51-9544755,399-431-0951,Logistics
A-000900,"Holt, Smith and Hayes",6256 Smith Fords Apt. 718,Kellymouth,GU,43520,United States,88-3786839,098-020-7520,Professional Services
A-000901,Mcguire-Richards,4390 Petersen Place,Timothyfort,ID,80963,United States,16-2176039,202-444-0731,Professional Services
A-000902,Miller-Weaver,12036 Browning Ridge,Lake Ralphview,DC,57328,United States,19-2570281,166-647-1079,Office Supplies
A-000903,White-Peterson,08313 Denise Club Suite 183,North Mark,OK,06628,United States,22-4539647,074-166-4308,Facilities Management
A-000904,Pratt and Sons,67232 Reyes Streets,Valeriefort,DE,05499,United States,75-7448675,606-067-3778,Manufacturing
A-000905,"Martin, Scott and Daniels",72908 Ruiz Valleys,Lake Danielville,NH,08490,United States,43-2097676,564-765-8575,IT Services
A-000906,"Smith, Perez and Dennis",759 Tate Rapids Apt. 099,Lake Makayla,NJ,69871,United States,22-8250953,486-523-0804,Manufacturing
A-000907,Lee and Sons,9820 Allison Alley,East Philipmouth,MI,44744,United States,86-0102491,475-396-4163,IT Services
A-000908,Turner Ltd,65772 Cory Mills,Lake Richardville,AL,74513,United States,27-5913951,817-663-5215,Facilities Management
A-000909,"Bautista, Chandler and Welch",30477 Matthew Ramp,Jonesland,MN,84207,United States,23-6290703,953-384-1629,Construction
A-000910,"Jimenez, Gilbert and Ellison",7244 Jane Mountain,Thomasside,NM,98174,United States,92-8316966,430-964-7429,Manufacturing
A-000911,Taylor PLC,487 Cassandra Route,New Melinda,CT,55633,United States,45-9715348,289-084-5482,Office Supplies
A-000912,"Davidson, Becker and Miller",835 Campbell Station,Lake Corymouth,NJ,10132,United States,15-9527291,277-156-8539,Facilities Management
A-000913,"Davis, Hayes and Nelson",80308 Garrett Roads Apt. 641,Nguyenport,AZ,20758,United States,70-8689346,937-645-2658,IT Services
A-000914,Medina-Payne,722 Rebekah Field Apt. 710,Port Rogerburgh,GA,27379,United States,37-3928805,976-621-5415,Logistics
A-000915,Cantrell PLC,0272 Marie Square,Melindaberg,TN,73718,United States,71-6233644,635-834-9263,Logistics
A-000916,"Wise, Walsh and Fernandez",559 Brian Divide Apt. 355,Stanleyberg,MH,68063,United States,34-5247378,346-389-1619,Manufacturing
A-000917,Morris-Kent,3029 Miller Stravenue Apt. 941,Mcdonaldmouth,SC,86830,United States,14-7285340,202-798-9145,Manufacturing
A-000918,"Miller, Jones and Farley",2845 Herrera Orchard,Brendaton,MP,06282,United States,36-2585121,926-288-6580,Manufacturing
A-000919,"Smith, Garcia and Neal",36242 Oliver Springs,Kristenton,AL,18250,United States,51-1221078,519-067-2446,IT Services
A-000920,"Mcmillan, Lamb and Kennedy",48774 Hughes Center Apt. 572,New Codyton,AZ,94363,United States,29-2157835,634-741-8042,Manufacturing
A-000921,"Woods, Jackson and Morales",30002 Gomez Lodge Suite 533,Seanhaven,MI,18357,United States,34-1071485,948-447-0414,Healthcare Supplies
A-000922,Ortega and Sons,1997 Higgins Common,Port Danielfurt,NV,91876,United States,87-3403266,743-604-8909,Healthcare Supplies
A-000923,Miller PLC,521 Hood Street Apt. 053,East Victoriatown,MN,42254,United States,71-3682070,740-284-5958,Healthcare Supplies
A-000924,Henderson-Morris,268 Jeremy Park,South Michelle,CT,68686,United States,22-8205773,359-412-3459,Manufacturing
A-000925,Simpson Inc,17402 Bradley Light,Port Crystalfort,MS,30964,United States,96-3651372,443-346-0263,Manufacturing
A-000926,"RICHARDSON, RAMIREZ AND PAGE",870 Mark Court,Jenniferland,KY,89369,United States,53-0489781,351-723-6850,Logistics
A-000927,"Garner, Hopkins and Herrera",0235 Rios Drives,West Austin,MD,95433,United States,59-9391065,530-611-3900,Construction
A-000928,Aguirre-Smith,655 Debbie Islands Suite 972,East Gary,HI,06023,United States,69-3877361,430-063-1910,Facilities Management
A-000929,"Harrison, Singleton and Stevenson",3591 Megan Stravenue,Port Brandon,MP,20684,United States,10-8556837,861-223-2861,Healthcare Supplies
A-000930,Baldwin and Sons,4224 George Garden Apt. 232,North Anthonyborough,DC,59167,United States,31-5469014,892-824-3509,Construction
A-000931,Carter PLC,773 Hayley Fields Apt. 146,New Ernest,HI,21553,United States,59-8137488,833-813-8522,Healthcare Supplies
A-000932,Guzman-Johnson,0940 Yolanda Hills,East Larryburgh,HI,77867,United States,73-5323297,245-670-8939,Facilities Management
A-000933,Riley Ltd,8759 Brown Squares Apt. 572,East Joyce,TX,25547,United States,88-6476517,007-086-1869,Professional Services
A-000934,"Petersen, Long and Bryant",529 Joseph Gateway Suite 650,Duncanberg,NH,87085,United States,26-1669421,025-254-1105,Manufacturing
A-000935,"Jenkins, Valdez and Good",6768 Kristi Port,Stephaniemouth,OK,53230,United States,54-0272920,470-336-4245,Manufacturing
A-000936,Good and Sons,5432 Walters Hill,West Miranda,UT,87762,United States,35-0179421,371-524-3109,Healthcare Supplies
A-000937,"Willis, Smith and Ramirez",07231 Lowery Extensions,West Ashleyborough,AK,93947,United States,91-4893975,640-412-1070,Office Supplies
A-000938,Cook Inc,42770 Calvin Tunnel Apt. 861,West Davidland,PW,93477,United States,21-1614410,627-143-5934,Professional Services
A-000939,Long Ltd,0472 Bailey Crossing Apt. 737,East Dustinmouth,FL,42694,United States,66-8883968,084-524-0886,Professional Services
A-000940,"Butler, Barron and Clark",66676 Laura Junctions Suite 080,West Marieton,TX,80247,United States,85-2528635,083-069-2509,Healthcare Supplies
A-000941,"Gallegos, Bell and Cherry",4419 Hampton Vista Apt. 436,South Brandontown,UT,24101,United States,59-2265554,999-076-1918,Logistics
A-000942,Morgan-Harrell,7522 Williams Plain,Port Angelica,AZ,26431,United States,64-2698931,903-674-8675,IT Services
A-000943,"Hernandez, Allen and Knox",99097 Burns Pike Suite 166,New Andrewfurt,KS,41451,United States,18-0348617,490-439-4616,Manufacturing
A-000944,Campos Group,0896 Christopher Lane Suite 589,Shawburgh,VT,41190,United States,95-9870518,256-582-9385,Office Supplies
A-000945,Glenn LLC,70791 Laura Squares,Blacktown,CA,47544,United States,44-1511874,083-345-1298,Facilities Management
A-000946,"Braun, Manning and Reed",337 Kevin Overpass,Duanestad,AK,60513,United States,39-2010397,438-203-9500,Professional Services
A-000947,"Patterson, Griffin and Cook",53576 Denise Lock,Clarkfurt,CA,35775,United States,18-0195016,247-415-1632,Professional Services
A-000948,KIM-FLETCHER,243 Turner Junctions Apt. 782,Maldonadofort,NJ,27104,United States,24-6148980,061-460-1741,Logistics
A-000949,WOOD-KING,34989 Cassidy Lake Suite 536,Courtneyburgh,HI,90395,United States,60-0422869,094-705-4476,Healthcare Supplies
A-000950,"Walter, Hale and Bishop",87692 Brown Walks,New Amber,MH,95225,United States,53-6489528,287-158-3443,Logistics
A-000951,Morales-Beasley,272 Gonzales Mountain Apt. 157,Leeside,CO,45246,United States,92-7142786,616-217-3671,Professional Services
A-000952,"Thompson, Frye and Barajas",93413 Allen Junctions,Davidport,NJ,99606,United States,22-8756206,115-582-2181,Logistics
A-000953,Huerta-Wyatt,32101 Matthew Hills Suite 759,West Bethstad,PR,75322,United States,98-7325945,770-317-0568,Manufacturing
A-000954,Hurst-Romero,63267 Anne Roads,South Loritown,KY,18930,United States,25-9261469,942-992-1192,Logistics
A-000955,"TURNER, WALTERS AND HARTMAN",016 Daniel Corner,Patriciaborough,WA,55073,United States,82-7120114,096-439-4534,Construction
A-000956,Clark-Brown,15353 Michael Fall Suite 624,Port Laurenfort,AZ,35199,United States,37-9351967,648-555-1693,IT Services
A-000957,Green and Sons,90088 Mark Turnpike Suite 783,East Timothyborough,NV,62300,United States,58-5547305,312-058-8694,Professional Services
A-000958,"Sandoval, Cummings and Wise",348 Alan Stream,Erikaburgh,MD,43339,United States,20-9422179,396-255-6144,IT Services
A-000959,Allen-Campbell,80749 Lee Flats,West Jessicastad,AL,81078,United States,24-0354421,428-168-3625,Professional Services
A-000960,White-Johnson,74105 Sabrina Keys Suite 981,Matthewland,OH,41393,United States,98-4412594,955-296-4352,Office Supplies
A-000961,Webb and Sons,48729 Elizabeth Brooks Apt. 917,South Leonard,CT,86192,United States,49-9689381,342-045-7813,Logistics
A-000962,"Taylor, Anderson and Mendoza",26049 Ross Run Suite 998,Dominguezstad,MO,88562,United States,97-2680546,964-113-5076,Logistics
A-000963,"Dean, Hayes and Haynes",39680 Scott Coves Suite 750,Cynthiaberg,AZ,12972,United States,12-3407763,127-042-2593,Logistics
A-000964,Holland-Crawford,057 Carlos Viaduct,Riceport,KY,06934,United States,19-8761306,027-489-4244,Healthcare Supplies
A-000965,Lawson-Harris,0448 Floyd Street Suite 118,South Carlosburgh,WA,64697,United States,23-1563076,734-774-9678,Manufacturing
A-000966,Alvarez Group,5530 Charles Flat,Port Sarahville,FL,62203,United States,28-0377032,259-212-9856,Office Supplies
A-000967,Hill Inc,9607 Nicholas Estate Apt. 148,Barneschester,NV,30893,United States,63-2711663,725-009-3219,Manufacturing
A-000968,Jones-Whitehead,20896 Powell Bypass,Brianchester,FL,32607,United States,28-5550328,215-175-1967,Healthcare Supplies
A-000969,"Owens, Williamson and Avery",936 Randolph Expressway Suite 017,Rollinsfort,TN,69941,United States,39-5259429,738-801-1130,Construction
A-000970,Jackson-Villa,83522 Steven Isle,West Justinhaven,AS,04429,United States,57-8901124,632-448-9684,IT Services
A-000971,Ramirez Inc,1655 Anderson Prairie,East Donna,OK,61951,United States,13-7204552,021-461-6904,Professional Services
A-000972,Cole-Thompson,226 Sawyer Islands,Ericchester,WA,17011,United States,24-7356051,933-698-3240,Office Supplies
A-000973,Thompson-Rangel,598 Crystal Shores,Morahaven,AK,77771,United States,31-4166184,809-880-4093,Professional Services
A-000974,Cummings-Kim,5227 Guzman Dale Suite 732,Whiteberg,CT,41837,United States,77-7267364,532-501-6993,Manufacturing
A-000975,Knox-Mendoza,132 Shawn Fields,New Jenniferside,KS,52879,United States,61-5057244,550-636-9851,Facilities Management
A-000976,Khan-Berg,9991 Bolton Loop Suite 602,East Nicholas,ME,75487,United States,46-9403820,951-437-0434,Healthcare Supplies
A-000977,Lawson-York,3177 Gallagher Station,Dylanberg,CT,24871,United States,51-7021222,421-973-8190,Construction
A-000978,Wallace-Garcia,02958 Jessica Islands Apt. 833,South Craig,ME,41667,United States,29-3075824,351-356-3431,Manufacturing
A-000979,Mccarty-Jacobs,3354 Fuller Squares,Monicaborough,IA,84247,United States,44-2392183,825-417-6892,Professional Services
A-000980,"Thomas, Sanders and Ryan",8028 Reed Crest Suite 919,South Juliastad,LA,78740,United States,13-1464348,931-453-6513,Construction
A-000981,Richmond-Ballard,78940 Howell Mission,New Ronald,FL,07398,United States,66-8473595,418-629-3191,Healthcare Supplies
A-000982,"Russell, Fisher and Thompson",17165 Tammy Junctions Suite 539,Saraton,NE,87726,United States,38-6181187,989-582-9486,Manufacturing
A-000983,Campbell-Summers,33884 Cooper Ports,East Jenniferside,ID,07456,United States,73-6212983,824-130-1606,Healthcare Supplies
A-000984,Stanley-Stevenson,59341 Vega Streets,East Justin,TX,85882,United States,96-5661638,307-182-1821,Healthcare Supplies
A-000985,"Smith, Hamilton and Lopez",18678 Emily Shore,New Leahton,FL,31373,United States,73-5185398,883-697-0257,Manufacturing
A-000986,Allen-Howard,1193 Carter Tunnel Suite 286,New Tina,UT,51900,United States,85-5326778,240-238-4920,Healthcare Supplies
A-000987,Wells LLC,5090 Diana Road,Katieberg,NC,49824,United States,70-9511014,939-539-1067,IT Services
A-000988,Lewis PLC,6534 Michele Square,Barbarafurt,NC,81206,United States,70-4633564,923-858-5520,Professional Services
A-000989,Cooper L.L.C.,103 Adam Harbor,Lake Brettfort,DC,67111,United States,68-2101860,102-972-9575,Construction
A-000990,Turner PLC,295 Zuniga Locks Apt. 192,Meganton,OR,96703,United States,14-0763261,944-147-5376,Logistics
A-000991,Hodges-Meadows,6485 Browning Parks,Butlerstad,MH,87537,United States,16-0309911,577-051-8650,Professional Services
A-000992,George-Schroeder,5115 Lawrence Dam Suite 687,West Moniquechester,KS,50033,United States,74-6030501,979-508-0466,Professional Services
A-000993,"Crane, Price and Hunter",504 Robert Track,Riveraburgh,AK,84308,United States,12-1397518,922-521-2380,Facilities Management
A-000994,"Montoya, Griffith and Baker",76351 Dixon Greens Suite 151,Lake Carla,MA,36650,United States,10-0733897,589-385-3358,Healthcare Supplies
A-000995,Duncan-Burton,9535 Thomas Plaza,Pearsonmouth,CO,17507,United States,75-9422189,090-181-7497,Professional Services
A-000996,Martinez LLC,36098 Sarah Center Suite 045,Reidville,RI,86275,United States,96-5914172,740-059-7583,IT Services
A-000997,"Gay, Howard and Moss",04208 Cervantes Wells,New Courtney,MT,42514,United States,46-5887237,490-787-2550,IT Services
A-000998,"Green, Green and Lee",633 Howard Way Suite 913,Zamorahaven,NM,00857,United States,93-1469703,188-111-3379,Logistics
A-000999,"Mayer, Clark and Davis",41707 Duane Parkway,Ingramchester,IA,32703,United States,66-5104817,879-081-3220,Healthcare Supplies
A-001000,White Inc,8435 Cassandra Passage Apt. 649,Thomaston,AS,38631,United States,17-7880216,259-900-2842,Healthcare Supplies
A-001001,"Wilson, Ortiz and Martin",15297 Tran Heights,Thompsonland,MS,59704,United States,72-9230605,006-208-2124,Logistics
A-001002,Franco-Douglas,5362 Darren Square Apt. 501,East Josephfurt,ND,90768,United States,46-1379699,950-929-1848,Construction
A-001003,"Scott, Nelson and Pruitt",972 Phillips Ville Apt. 047,Kristinport,DC,89484,United States,44-6392556,175-639-4904,IT Services
A-001004,Garcia-Campbell,6574 Lauren Streets Suite 252,Evansmouth,VI,02752,United States,26-9118504,893-043-1784,Office Supplies
A-001005,Young PLC,69975 Rose Ridges,South Todd,MH,17868,United States,95-0234433,715-422-4125,Facilities Management
A-001006,Larson PLC,3352 Victoria Pines Suite 837,Michaelside,MH,23992,United States,28-7048690,632-189-4510,Healthcare Supplies
A-001007,Wong-Smith,44783 Sandra Crest Apt. 125,Harveyside,OR,57081,United States,88-8121101,910-241-9827,Construction
A-001008,JAMES AND SONS,50674 Erica Estate Apt. 925,Melindafurt,MA,99518,United States,92-7672827,476-316-9145,Manufacturing
A-001009,Carney-Rogers,42059 Green Drive,Keithmouth,ND,07395,United States,96-8449816,643-719-6034,Professional Services
A-001010,"Dean, Gaines and Walker",0156 Young Port,Jacobland,CT,97776,United States,78-6815488,542-401-5043,Logistics
A-001011,CARR-MCCORMICK,088 Matthew Stravenue Suite 583,Greenview,SC,74142,United States,63-2774653,759-799-7425,IT Services
A-001012,Weeks-Chen,436 Laura Islands,Robertsonshire,NM,88567,United States,45-5589390,850-786-7253,Logistics
A-001013,"Rodriguez, Moreno and Daniels",8945 Daniel Rapids Apt. 246,Jonesshire,RI,78280,United States,35-5546183,275-237-1002,Healthcare Supplies
A-001014,"Torres, Miller and Pratt",28225 Ashley Glens Apt. 958,Martinezmouth,FL,14728,United States,36-7942460,170-254-4965,Logistics
A-001015,Stanton Ltd,218 Ruth Village Suite 805,Mezamouth,AL,22865,United States,47-6326283,424-263-3523,Construction
A-001016,"Ford, Flores and Gordon",32020 Davis Ford Apt. 031,Colemouth,KY,40769,United States,94-5056299,822-878-0739,Logistics
A-001017,Hancock-Archer,844 Cooper Mountain Apt. 371,Jamesburgh,NH,66297,United States,15-1697938,932-873-2276,Office Supplies
A-001018,Scott-Gross,74946 Cooper Harbor Apt. 300,Lake Craig,ME,31129,United States,57-0535289,665-945-3882,Office Supplies
A-001019,Baird LLC,335 Butler Valleys Apt. 289,Cabrerafort,TN,48812,United States,27-8604541,492-039-8013,Office Supplies
A-001020,"Owens, Sanders and Sparks",7701 Mcdowell Crescent,West Kaitlynhaven,CT,83955,United States,62-9442753,623-153-9428,Office Supplies
A-001021,Taylor Group,06569 Thomas Row,Fullerside,AL,83456,United States,20-8908082,826-326-7631,Facilities Management
A-001022,Wright-Francis,3987 Joshua Grove Apt. 642,North Laura,TN,34222,United States,94-6892378,614-383-8167,Professional Services
A-001023,Holt-Johnson,10014 Wilson Trace Suite 785,Nathanshire,WA,85554,United States,17-9144854,057-986-6269,Manufacturing
A-001024,Tran PLC,71359 Michael Square Apt. 054,West Ryan,VA,63927,United States,21-2447665,396-433-1612,Logistics
A-001025,"Greene, Thomas and Dunn",427 Rivera Island Apt. 672,Lake Brittanystad,AZ,50810,United States,46-7013765,699-128-5685,IT Services
A-001026,Carter-Fisher,11156 Collins Burgs,South Kaitlyn,DC,13527,United States,50-3144836,806-036-3235,IT Services
A-001027,"Wagner, James and Baxter",25076 Simmons Lights Suite 085,South Christopher,AR,55664,United States,46-2871672,896-553-2647,Facilities Management
A-001028,Wong LLC,40439 Meyer Passage,West Brandy,WI,51327,United States,85-6456108,000-182-0871,Manufacturing
A-001029,Harris-Harris,9313 Taylor Underpass Suite 625,Christinafort,NE,86908,United States,26-8688902,511-825-6651,Manufacturing
A-001030,Singleton-Ali,7446 Torres Glen Apt. 187,New Tina,TN,23686,United States,32-0708138,125-588-7740,Professional Services
A-001031,Bradford-Johnson,97118 Valerie Centers Apt. 340,West Jillian,NY,24510,United States,41-9331516,717-320-3106,Professional Services
A-001032,Campbell-Graham,84788 Moran Row Suite 888,Michaelhaven,SC,92846,United States,20-2988942,795-797-1149,Manufacturing
A-001033,Perez Group,30524 Colin Throughway Apt. 076,Meganbury,IL,44712,United States,26-4915937,294-957-6039,Manufacturing
A-001034,Powell-Jones,315 Sarah Passage Apt. 489,Johnland,HI,07123,United States,55-9138405,085-904-0024,Logistics
A-001035,"HAYES, LEWIS AND MORAN",73313 Roth Drive,Bryanmouth,DE,67685,United States,41-6270056,976-217-7942,Facilities Management
A-001036,"Thompson, Johnson and Garcia",4821 Barry Neck,Traceyfort,TX,74875,United States,31-4399191,631-324-0496,Logistics
A-001037,"Mccullough, Lyons and Dickson",96627 Joshua Orchard Apt. 658,Maxwellchester,GA,28573,United States,12-7633490,785-771-7121,Professional Services
A-001038,"Duncan, Lee and Benson",6707 Aaron Extension,Raychester,WI,21580,United States,28-3429671,445-278-4300,Construction
A-001039,"Gardner, Mason and Fischer",6594 Donna Walk Suite 849,Terryborough,UT,23886,United States,18-7978213,039-226-8687,Facilities Management
A-001040,"Cohen, Ruiz and Watson",545 Thornton Lights Suite 309,West Julie,MT,38232,United States,22-4026766,308-132-2257,Construction
A-001041,"Harrell, Hamilton and Ryan",2235 Travis Views Apt. 787,Lake Crystal,DC,15444,United States,19-7857474,998-068-4960,Office Supplies
A-001042,ALLEN LLC,3651 Chan Creek Suite 613,New Kevin,MO,31724,United States,30-0341906,572-476-3985,Facilities Management
A-001043,Morton Ltd,07284 William Station Suite 800,Hamiltonshire,GA,91893,United States,14-7907058,450-514-9048,Construction
A-001044,"Brown, Franco and Short",1128 Carter Squares,North Shawnborough,AK,90525,United States,26-2275325,699-382-1452,Logistics
A-001045,ROGERS GROUP,00560 Nelson Lock,West Alexville,DC,88684,United States,91-2239392,350-665-6605,Professional Services
A-001046,Wood-Martin,034 Robinson Flat Apt. 874,Port Michael,MD,53376,United States,67-5004218,866-805-8000,Facilities Management
A-001047,Solomon-Johnston,381 Harrison Landing Apt. 154,Lake Amy,UT,98324,United States,71-4947283,578-180-7794,Professional Services
A-001048,"Gillespie, Lloyd and Hobbs",1446 Davis Ranch,Johnnymouth,CO,05158,United States,61-1382735,065-626-6688,Construction
A-001049,"Lucas, Fox and Myers",2883 Robinson Isle Apt. 533,Lake Michaelborough,CA,89309,United States,86-6979905,356-117-0278,Manufacturing
A-001050,Lopez-Parker,2239 Timothy Light,New Hollychester,OH,21535,United States,63-9127345,258-858-4313,IT Services
A-001051,"Potter, Horton and Becker",87474 Michelle Fields Suite 296,Lake Tonychester,MA,58079,United States,22-9151674,799-061-8344,Facilities Management
A-001052,Martinez-Hunter,5519 Keith Land Apt. 863,Amytown,CA,56327,United States,28-5627380,170-649-1445,IT Services
A-001053,VASQUEZ LLC,15691 Graham Spring,South Gailport,CA,46468,United States,32-7515325,733-768-4091,Professional Services
A-001054,Dunn-Sosa,96618 Amanda Garden Apt. 684,Port Taylor,GA,26109,United States,55-4595339,099-070-4644,Logistics
A-001055,Bridges-Davis,964 Robert Roads Suite 009,Mooreview,FM,01952,United States,99-5616775,514-316-4119,Construction
A-001056,Haynes Grp,4025 Mcclure Extensions Suite 006,New Karen,OK,86862,United States,44-3328397,223-843-5799,Logistics
A-001057,"Lucas, Flores and Berry",922 Brown Orchard Suite 752,Cindymouth,MI,52687,United States,19-3445007,551-288-9563,Office Supplies
A-001058,Patterson Group,7031 Christian Crossroad Apt. 338,Kellyborough,SD,89667,United States,69-7391512,421-448-3545,Office Supplies
A-001059,Roberts-Hunter,683 Michael Landing,Jasonborough,MA,90842,United States,69-2763677,352-151-7346,Healthcare Supplies
A-001060,Rodriguez-Davis,832 Eric Knoll Suite 142,South Lori,SC,17941,United States,11-3275526,621-445-3715,Office Supplies
A-001061,"Roberts, Cordova and Pruitt",6123 Carmen Shore Apt. 024,West Matthewfort,PR,43344,United States,21-3424523,863-735-3327,Logistics
A-001062,Wagner PLC,6868 Li Village Suite 311,Martinland,AR,93875,United States,94-3687944,651-494-7396,Construction
A-001063,Cohen-Roberts,05577 Elizabeth Ford,Lake Kendramouth,MA,75640,United States,67-5132064,608-895-8697,Healthcare Supplies
A-001064,Hinton PLC,42314 Hammond Expressway Apt. 258,Williamsberg,SD,01142,United States,54-1189818,981-804-0999,Construction
A-001065,Martinez-Maynard,0508 Smith Common,Lake Joseph,SC,36251,United States,51-1289794,296-364-1226,Facilities Management
A-001066,Lawson Ltd,1591 Taylor Run,East David,AR,18231,United States,39-5723682,533-797-0860,Office Supplies
A-001067,Larson PLC,484 Donald Shoal,Gonzalezstad,ME,28323,United States,14-1642429,099-034-9131,Office Supplies
A-001068,"Carroll, Joseph and Carlson",7758 Yolanda Forges Suite 219,Smithfurt,LA,01355,United States,15-2925780,641-231-5402,Facilities Management
A-001069,WHITNEY-SHAW,5016 Donald Roads,East Debrashire,DE,33621,United States,38-8390253,105-269-6364,Healthcare Supplies
A-001070,"Hall, Walker and Freeman",70267 Carrie Lights,West Melissaport,RI,12824,United States,97-7661452,851-475-6160,Construction
A-001071,"Garrett, Moyer and Little",129 Tina Camp Suite 223,Port Jamiestad,WA,73042,United States,34-4767409,233-989-5111,IT Services
A-001072,"Robinson, Wilson and Roberts",811 Garza Gateway,North Connie,AL,60082,United States,38-9287503,495-044-3271,Office Supplies
A-001073,Jenkins LLC,8471 George River Apt. 102,West Adriennemouth,TX,16331,United States,32-6978821,185-811-0146,Office Supplies
A-001074,Lee Ltd,59682 Connor Groves Apt. 812,West Roy,AS,11193,United States,89-5583423,676-602-7168,Facilities Management
A-001075,Ford Ltd,8718 Melissa Flat Apt. 477,West Theresatown,SD,97761,United States,91-5499713,473-080-2821,Healthcare Supplies
A-001076,Jimenez-Murray,96362 Jasmine Prairie,South Adrianview,OR,89240,United States,86-1894343,417-231-9017,Office Supplies
A-001077,"Smith, Flowers and Cole",90959 Douglas Mountain Apt. 463,Jacobsland,WI,78473,United States,36-7888133,918-386-4883,Manufacturing
A-001078,Torres LLC,8432 Tiffany Canyon Suite 496,Garciamouth,AS,94604,United States,64-2375317,307-909-9199,Office Supplies
A-001079,"Dickson, Cooper and Johnson",4415 York Village,Frazierton,PW,49570,United States,83-1405402,727-562-2021,Manufacturing
A-001080,Perez Grp,6779 Walls Loaf Suite 324,Port Kellyport,FL,55363,United States,62-4830763,898-807-7574,Facilities Management
A-001081,Schmitt-Golden,4205 Elizabeth Ville Suite 784,Thompsonland,MO,27926,United States,46-9634556,465-186-5153,IT Services
A-001082,Ford-Rodriguez,2264 Joann Greens Suite 552,Jenniferside,NV,26146,United States,90-4190892,516-832-0227,Logistics
A-001083,Simmons-Wells,0244 Sweeney Pine,Michaelside,RI,95694,United States,27-4920492,090-660-9478,Professional Services
A-001084,"Suarez, Hernandez and Cisneros",898 Jill Extension Apt. 078,West Danielmouth,NH,03219,United States,93-7844678,670-779-2445,Manufacturing
A-001085,"Petersen, Harrison and Valdez",13156 Clark Spring Apt. 242,Brockmouth,PA,95555,United States,60-9057994,639-468-4583,IT Services
A-001086,Conway and Sons,6506 Murray Meadow,East Stevenborough,DE,56169,United States,86-5299271,035-024-5063,Construction
A-001087,"Ford, Conley and Brown",41694 Reynolds Hills Suite 866,Sandersview,MT,80982,United States,55-5059083,142-840-0001,Office Supplies
A-001088,"Cantu, Flores and Garcia",813 Espinoza Springs,Melissaside,ME,23696,United States,82-7133833,932-645-7017,Office Supplies
A-001089,Perez Group,06536 Michael Turnpike,Millerfort,OK,31034,United States,72-7588309,108-262-7756,Logistics
A-001090,"Harper, Padilla and Brady",041 Jensen Loaf Apt. 956,Shieldsville,CO,97103,United States,10-7889398,828-921-0758,Healthcare Supplies
A-001091,Roberts PLC,92727 Hunter Fords,Brandonshire,MP,90362,United States,61-7262695,328-181-6717,Logistics
A-001092,"Jackson, Wilson and Summers",0113 Daniel Shore,New Edwardfort,FL,35440,United States,78-7833374,437-645-6184,Healthcare Supplies
A-001093,"Berry, Garcia and Mckee",65974 Henson Roads,West Zacharyville,PA,24765,United States,39-7302928,908-338-2656,Construction
A-001094,"Porter, Cabrera and Cole",85460 Moore Mount Apt. 213,North Danielle,NY,58017,United States,65-5439758,892-880-2295,Professional Services
A-001095,Sanders-Sherman,883 Olsen Bypass,Georgeshire,VA,09470,United States,16-0961339,906-231-5434,Office Supplies
A-001096,"Miller, Serrano and Collins",84867 Daniel Mill Apt. 498,Mariafurt,IA,34068,United States,80-9239039,365-094-1626,Healthcare Supplies
A-001097,Adams PLC,87013 Melanie Landing Suite 670,Lake Michelleland,NY,61461,United States,83-0955923,171-045-9992,IT Services
A-001098,HICKS-COOK,4435 Rachel Island,North Toniland,MT,48459,United States,41-7403063,364-706-6967,Construction
A-001099,"Weber, Short and Clark",5244 Hill Prairie,Lake Loriborough,MI,03713,United States,54-9431487,904-351-8406,Office Supplies
A-001100,Trevino-Allen,362 Aguilar Forges,Port Andrea,MN,64673,United States,72-6016935,119-249-1283,Professional Services
A-001101,Patterson and Sons,392 Cox Mall,Duncanfort,NV,52927,United States,46-8472812,196-079-1172,Professional Services
A-001102,PIERCE-SCHMIDT,82446 Lisa Court,Leeberg,PA,64491,United States,82-1413281,038-647-3223,Healthcare Supplies
A-001103,Salazar-Mitchell,48492 Wilson Extensions Apt. 056,Lake Brett,OH,06670,United States,60-5497119,820-780-9882,IT Services
A-001104,Carpenter and Sons,10942 Cynthia Springs Suite 791,North Jessica,NM,76659,United States,89-5555607,299-025-1002,Construction
A-001105,Harper-Middleton,7998 Mason Ridge,Sarahburgh,NE,04950,United States,87-8663220,322-408-0770,IT Services
A-001106,"Dalton, Butler and Reyes",99974 Hull Cove,Rodriguezshire,MH,08685,United States,80-2693852,364-873-7259,Logistics
A-001107,"Kane, Crawford and Williams",103 Lopez Locks,West Claire,DE,82488,United States,33-9796534,723-405-1558,Construction
A-001108,"Brewer, Hamilton and Wright",438 Brown Creek,West Kevinville,DE,91836,United States,55-1478978,889-594-9192,Healthcare Supplies
A-001109,"Hughes, Powers and Rogers",36664 Joshua Corners Apt. 740,Lake Christopherside,AR,15846,United States,49-9090969,106-382-2443,Construction
A-001110,Reed-Baker,89819 Mason Shore Suite 517,West Justinbury,MO,76406,United States,72-8751749,803-459-4893,Construction
A-001111,Griffin Inc,990 Ramirez Path Apt. 067,North Barbaramouth,RI,49763,United States,60-5234798,510-592-0865,Manufacturing
A-001112,"Powers, Thompson and Miller",30781 Rodgers Crossroad Apt. 255,North Deborahville,GA,97196,United States,60-7042021,776-151-8078,Professional Services
A-001113,Martinez-Price,004 Linda Key Suite 657,East Matthewport,VI,46384,United States,63-7383490,847-951-9614,Logistics
A-001114,"Smith, Kirk and Downs",90544 Chase Manors Apt. 521,Baileyside,MH,81112,United States,83-0893658,739-076-6675,Office Supplies
A-001115,Bradford Ltd,03157 Smith Key Apt. 124,Katherinefort,NV,72677,United States,66-8909764,363-509-6801,Construction
A-001116,Pace-Bryan,82332 Brett Islands,North Joshua,VI,95251,United States,26-1897130,674-071-8533,IT Services
A-001117,Peterson LLC,6287 Lee Coves,Amybury,IA,50137,United States,31-5066828,492-152-9645,Healthcare Supplies
A-001118,"Miller, Anderson and Trujillo",21883 Kelly Walk Apt. 791,Josephmouth,SC,48434,United States,25-3785761,766-962-5367,Healthcare Supplies
A-001119,Perez-Robinson,519 Sims Estate,North Caseyberg,RI,21694,United States,93-6381727,709-930-6764,Logistics
A-001120,Walters Ltd,173 Billy Canyon,North Stephanieview,MO,05202,United States,62-3535947,052-049-5668,Healthcare Supplies
A-001121,"Reed, Smith and Kelley",72278 Margaret Falls Apt. 253,West Joseph,ND,71855,United States,77-7566277,076-965-7765,IT Services
A-001122,"Drake, Stephens and Fry",23449 Ramirez Turnpike,Amandahaven,MI,87644,United States,10-5061082,694-451-4215,Facilities Management
A-001123,"Bradshaw, Walsh and Thomas",913 Thompson Branch Suite 773,New Sydneymouth,OH,03960,United States,91-7325063,399-346-8620,IT Services
A-001124,Cooper-Valentine,191 Ana Estate,New Maryborough,FM,95312,United States,71-8774770,507-398-4855,IT Services
A-001125,"Singleton, Adams and Morrison",01446 John Green Suite 545,North Davidberg,DC,10121,United States,23-8948590,988-481-3120,Office Supplies
A-001126,West-Brown,097 Walker Spurs,Bettychester,HI,48387,United States,53-3140455,959-012-1355,Office Supplies
A-001127,"Campbell, Lane and Gonzalez",886 Wagner Pines,North Anthonymouth,WI,95369,United States,67-3144707,285-443-0523,Professional Services
A-001128,Frazier PLC,9515 Bishop Village Apt. 291,South Crystal,OR,04940,United States,91-2659064,168-840-4763,Professional Services
A-001129,"Harris, Nguyen and Smith",28831 Duncan Trail,West Chaseland,CO,97694,United States,34-2950952,201-747-4815,Healthcare Supplies
A-001130,Carroll-Davis,38021 Jonathan Unions Apt. 470,Lake Tylershire,HI,60970,United States,43-5106513,857-436-4254,IT Services
A-001131,"Collins, Murray and Valentine",154 Sullivan Rest Apt. 072,Hernandezbury,UT,15723,United States,21-0282113,870-863-3445,Office Supplies
A-001132,Love and Sons,72344 Joseph Trafficway,Atkinsonhaven,IL,73402,United States,42-0192227,814-899-4822,Construction
A-001133,"Sosa, Martinez and Shaw",6199 Miller Pass Apt. 863,North John,IN,58971,United States,58-9547144,521-455-4472,Healthcare Supplies
A-001134,Johnson-Williams,997 Barton Expressway Apt. 597,North Jeffery,KS,68017,United States,56-5644493,508-374-3200,IT Services
A-001135,"Smith, Wong and Pierce",773 Francis Light,Hodgeshaven,MI,76727,United States,46-8006578,877-157-3335,Facilities Management
A-001136,"Gardner, Wise and Weaver",973 Heather Row Apt. 780,New Joe,AS,92323,United States,32-6763783,986-391-0620,Manufacturing
A-001137,Miller-Rodriguez,272 Cook Mount Apt. 018,New Troymouth,NY,40009,United States,23-2244172,230-227-2752,Healthcare Supplies
A-001138,"Cooper, Cisneros and Freeman",11434 Jessica Lights,New Eric,NH,58058,United States,86-3548641,597-277-7198,Manufacturing
A-001139,Lopez Inc,339 Eugene Well,Deborahstad,KS,86983,United States,73-7721108,544-727-8792,Manufacturing
A-001140,Robles-Velasquez,74066 Cole Trail Suite 206,East Thomasside,VI,22167,United States,81-0784787,376-182-5930,Logistics
A-001141,Holmes-Wise,128 Gregory Corner,South Jeff,AS,94173,United States,80-1762883,815-671-0262,Manufacturing
A-001142,"Nguyen, Monroe and Garcia",56284 Hall Spring,Port Amber,FM,66043,United States,15-1791998,401-252-0043,Logistics
A-001143,Mercado and Sons,54495 Garrett Gateway Apt. 795,West John,NE,62028,United States,60-9379184,723-967-7839,IT Services
A-001144,"Morales, Fletcher and Taylor",1174 Lopez Road,New Jill,MI,71133,United States,81-0456933,460-704-3517,Logistics
A-001145,Velasquez-Galloway,6998 Amber View,Davidshire,FL,03976,United States,64-9309976,085-463-1646,Logistics
A-001146,Cantrell-Morales,323 Cook Square Apt. 883,East Desiree,KS,76712,United States,40-3554082,325-485-9282,Logistics
A-001147,Everett Group,5347 Moon Trafficway Apt. 090,East Meganland,AL,05645,United States,94-2629710,032-666-1780,Logistics
A-001148,"Dixon, Sullivan and Scott",2776 Smith Way,Sarahburgh,MI,08683,United States,63-4443249,122-915-3537,Professional Services
A-001149,"Kent, Baker and Wilson",78312 Jeffrey Walks Suite 349,Bennettville,MP,64729,United States,93-5327024,410-375-1416,Construction
A-001150,"Oconnor, Ortiz and Cruz",97327 Johnson Valleys,Heatherchester,IL,47666,United States,99-2815061,550-121-9914,Professional Services
A-001151,Gordon Ltd,71360 Dunlap Cliff Apt. 100,Richardfort,PA,62305,United States,41-7130941,521-008-4865,IT Services
A-001152,Reed L.L.C.,862 Gabriel Centers Suite 441,Davisstad,VI,50669,United States,14-2311558,739-293-6907,Facilities Management
A-001153,"Moore, Kirby and Parker",62250 Wiggins Fords,Alyssamouth,IA,98351,United States,45-4982932,230-146-4675,Professional Services
A-001154,Wright Inc,418 Neal Circle Apt. 971,Port Racheltown,KY,99541,United States,10-2939907,433-050-9809,Manufacturing
A-001155,Skinner-Mercado,92775 Christopher Fords Apt. 526,Collinsview,DC,25014,United States,21-8574293,216-609-5238,Facilities Management
A-001156,Durham-Mcgrath,06585 Shawn Unions Suite 546,West Ericaside,OK,64638,United States,93-7009907,303-785-8144,Logistics
A-001157,Blackburn PLC,8761 Steve Burg,Randyville,VT,46001,United States,87-6920515,551-074-9818,Logistics
A-001158,Pope-Obrien,15889 Caleb Cliffs Suite 297,Port Christianburgh,FM,54849,United States,37-4762050,831-562-4206,Professional Services
A-001159,FOWLER-MADDEN,9769 Matthew Gateway,Kathrynfurt,FM,72817,United States,59-0432899,219-471-9023,Construction
A-001160,Mccarthy-Johnson,25759 David Falls Apt. 034,West Robertview,AS,27285,United States,38-3602087,172-104-6311,Facilities Management
A-001161,Barrera-Smith,41350 Ramirez Avenue Suite 647,Lake Angelafurt,UT,17526,United States,97-3143678,943-681-3145,IT Services
A-001162,"Campbell, Santos and Osborne",78458 Murphy Hollow,East Davidmouth,VA,63869,United States,14-2353230,602-180-6672,Construction
A-001163,"Hernandez, Stanley and Campbell",38738 Watson Trafficway,West Mary,WY,07622,United States,11-0385578,215-638-3666,IT Services
A-001164,"Clark, Gordon and Stephens",66633 Lopez Passage Apt. 911,Jordanville,MS,67432,United States,45-2896879,249-770-5491,Healthcare Supplies
A-001165,"Frederick, Green and Johnson",4765 Tiffany Manors Suite 490,Kellybury,MI,13786,United States,56-9992383,383-456-2933,Construction
A-001166,"BAKER, MCKENZIE AND OSBORNE",687 David Mount Apt. 811,Williamsonview,MP,15527,United States,29-6354549,826-971-8701,Logistics
A-001167,Davenport PLC,937 Anita Causeway Apt. 574,North Angela,DE,05355,United States,59-0204687,049-246-0128,Construction
A-001168,Green-Pena,63150 Alan Mews Suite 704,Lake Belinda,GU,90570,United States,99-7335002,790-354-0642,Office Supplies
A-001169,"Rice, Walker and Ward",876 Amanda Union Suite 484,East Christopherbury,LA,75144,United States,84-0777094,605-937-0627,Facilities Management
A-001170,Cook Group,361 John Path Suite 057,Port Ryanhaven,KY,65708,United States,95-8885115,548-700-9646,Office Supplies
A-001171,Bennett-Bishop,560 Ryan Manors,Angelachester,NH,58102,United States,79-6693603,895-324-9753,IT Services
A-001172,Williams Ltd,99932 Dennis Gateway Suite 157,Traceyborough,VI,52006,United States,22-1393557,837-803-7171,IT Services
A-001173,Rivas Group,361 Ball Circle Suite 761,Nicolechester,CO,88269,United States,29-4627041,581-811-0699,Office Supplies
A-001174,"Villanueva, Lindsey and English",31978 Reeves Pike,Lake Debra,AZ,08922,United States,93-6621291,089-810-7232,Healthcare Supplies
A-001175,"Burgess, Hernandez and Horn",0596 Daniel Lane,South Mary,LA,37412,United States,61-8702826,187-768-9617,Facilities Management
A-001176,Preston Group,2632 Monica Pike Suite 413,Lake James,OH,85974,United States,16-8006560,021-037-7002,Construction
A-001177,Stewart and Sons,0627 Caldwell Streets,Thomaston,MH,67093,United States,80-3272515,832-860-4161,Healthcare Supplies
A-001178,Garcia-Lopez,0002 Berry Park,Melissaland,ND,30381,United States,81-2653878,500-228-7408,Office Supplies
A-001179,"Butler, Buchanan and Li",205 Poole Village,Joycemouth,AL,33401,United States,11-2503578,533-043-4948,IT Services
A-001180,"Thomas, Reid and Grant",37195 Tracy Turnpike Apt. 714,Walkermouth,LA,19178,United States,18-0385942,846-863-8720,Facilities Management
A-001181,Young Ltd,08185 Le Stream,Port Markland,KS,31387,United States,45-5295629,882-737-4909,Construction
A-001182,Sanchez-Porter,583 Jonathan Trail,Robinsonbury,CA,07014,United States,18-4643708,265-574-7449,Facilities Management
A-001183,Long-Perez,60834 Gary Village,Ballardtown,RI,28267,United States,57-6944168,934-964-7935,Facilities Management
A-001184,"Page, Camacho and Parrish",54262 Gibson Common,South Jessica,AR,12273,United States,19-4510603,361-916-6732,Facilities Management
A-001185,MILES LTD,759 Shepherd Hills Suite 772,Port Joshuabury,MH,29841,United States,58-0035742,769-791-6276,Healthcare Supplies
A-001186,Harmon and Sons,987 Robinson Streets Apt. 059,Lewisport,WI,54492,United States,90-0194244,850-094-7947,Manufacturing
A-001187,"Hines, Vargas and Richards",166 Rebecca Squares Apt. 879,New Phillip,FM,50738,United States,21-0212429,367-763-9663,Office Supplies
A-001188,Alvarez Group,75504 Debra Harbor,Lake Jameshaven,IN,66103,United States,54-2745150,901-175-2820,Manufacturing
A-001189,Miller-Horton,75866 Haney Vista Suite 570,Rebeccaside,AS,69959,United States,98-6812783,339-238-4099,Logistics
A-001190,Lopez Grp,6498 West Hill,South Jason,MD,74933,United States,95-0170825,840-705-4720,Construction
A-001191,Smith Ltd,642 William Dale,West Luis,FL,04381,United States,80-2867083,941-245-6212,Facilities Management
A-001192,"HUBER, BROWN AND HORNE",580 Carol Divide Suite 790,Jamesside,WA,65980,United States,58-7972689,518-953-4297,Healthcare Supplies
A-001193,Jones-Hickman,43219 Armstrong Drives,Tinafurt,DE,61115,United States,86-8706268,403-530-0568,Facilities Management
A-001194,Foley and Sons,40697 Baker Forks Apt. 630,Port Kristinemouth,AR,72783,United States,22-2431652,922-983-0922,Logistics
A-001195,Clark Group,5038 Bonilla Parks,New Kenneth,AZ,54261,United States,91-5313588,287-345-1295,Professional Services
A-001196,"Alexander, Sutton and Thomas",8679 David Well Apt. 278,Gonzalezport,ND,58323,United States,10-2358958,656-128-0695,Healthcare Supplies
A-001197,Welch Ltd,42385 Jon River,Floresstad,LA,47091,United States,68-8078280,085-548-8598,Healthcare Supplies
A-001198,"Anderson, Daugherty and Fox",07773 Amanda Parkway,West Jerryburgh,OR,29390,United States,14-9153870,336-770-5297,IT Services
A-001199,Lee-Snyder,0324 Justin Brooks,East Charlesside,MA,56173,United States,21-4849044,343-614-5501,Construction
A-001200,Levy-Fuller,58025 Jackson Rapid,Nelsonchester,AR,39786,United States,86-9645166,404-241-4265,Healthcare Supplies
A-001201,Henderson Group,6430 Samuel Inlet,Yoderfurt,UT,01840,United States,21-5712585,531-397-8374,Office Supplies
A-001202,James-Bowen,7724 Patricia Extension,Hicksland,HI,71124,United States,14-9929379,761-282-6124,Logistics
A-001203,"Salazar, Combs and Murray",819 Steele Camp Suite 812,Reedland,VA,01901,United States,92-9084565,408-673-2586,Facilities Management
A-001204,Meyer-Johnson,7165 Gilbert Roads,Staffordland,HI,03858,United States,59-1116494,541-528-0786,IT Services
A-001205,"Meyers, Martin and Ryan",149 Barr Mews,Port Jenniferside,DE,48452,United States,72-8268579,483-611-5383,Facilities Management
A-001206,Price-Fowler,9347 Perez Fort Suite 267,Lisafurt,NE,96426,United States,64-5818292,115-568-1609,IT Services
A-001207,Powers-Wood,6017 Erica Road Suite 147,North Shaun,PW,71439,United States,84-2833609,027-972-7301,IT Services
A-001208,"Simmons, Tyler and Richards",2174 Delgado Island Suite 386,Margaretbury,UT,73566,United States,88-4362665,068-414-5795,IT Services
A-001209,"Burnett, Griffith and Norton",156 Lane Ranch,Dayhaven,CO,45559,United States,21-1190223,613-023-2763,Office Supplies
A-001210,Long Ltd,739 Long Mountain Suite 596,Tracifort,CT,70390,United States,80-6008664,175-340-9619,Healthcare Supplies
A-001211,"Huffman, Rogers and White",00659 Lucas Inlet,West Josephton,CO,67033,United States,46-8141835,034-206-8721,Construction
A-001212,Moreno-Jones,0824 Turner Streets Suite 943,Larryville,TN,61724,United States,74-6955700,566-619-6213,Construction
A-001213,Silva and Sons,19761 Kathryn Dale Apt. 658,New Stephenfurt,TN,62888,United States,85-3223780,051-193-8830,Healthcare Supplies
A-001214,Nelson Ltd,7291 Alec Curve,North Susanstad,OR,08551,United States,86-4369269,527-311-8765,Professional Services
A-001215,Livingston-Lopez,86503 Martinez Court,Lindashire,PA,82867,United States,31-5703009,222-492-4440,Professional Services
A-001216,"Ross, House and Stein",222 Nancy Overpass Suite 486,New Jacobside,GA,46176,United States,77-0194841,591-432-1172,Construction
A-001217,Bennett-Brown,82080 Wilson Mission Apt. 871,West Jeffrey,NC,94673,United States,83-7243267,473-242-0570,Healthcare Supplies
A-001218,Jordan PLC,257 Travis Ferry Suite 929,Lake Josechester,WA,76010,United States,82-1955780,981-172-1370,IT Services
A-001219,Herrera LLC,3118 Jerry Orchard,North Jerry,NH,19200,United States,64-1051458,988-728-7713,Healthcare Supplies
A-001220,"Mendez, Snyder and Chen",1964 John Burg Suite 619,North Timothyview,WY,68343,United States,82-3963430,425-246-7193,Construction
A-001221,Espinoza-Arellano,3908 Gomez Junctions Apt. 243,Elizabethstad,PW,15371,United States,55-3533911,333-169-5432,Manufacturing
A-001222,"Lucas, West and Mckenzie",616 Charles View,Jonesville,FM,32470,United States,81-9679947,640-695-8051,Manufacturing
A-001223,Jimenez PLC,18289 John Via,Charlesberg,NH,11757,United States,90-5505027,905-814-7960,IT Services
A-001224,Wright Inc,04716 Burnett Drive,West Whitney,HI,48469,United States,25-7226287,301-281-9400,Manufacturing
A-001225,Young-Yu,4622 Erin Station Suite 766,North Cherylport,WY,76150,United States,31-9044298,091-261-9358,Manufacturing
A-001226,Walker-Thompson,241 Ford Stream,Clarkville,TN,94249,United States,89-7159606,372-307-3571,Office Supplies
A-001227,"Shaw, Brown and Tran",350 Davis Pine Apt. 440,South Michael,KS,83661,United States,54-7284589,701-429-5033,Healthcare Supplies
A-001228,"Sanchez, Stephens and Evans",10454 Courtney Village,Paulfurt,MN,25085,United States,69-2839277,493-096-6634,Manufacturing
A-001229,"Brandt, Williams and Daniels",80077 Michele Spurs Suite 870,Atkinschester,NY,87113,United States,31-8063243,843-316-5098,Facilities Management
A-001230,"Herrera, Stein and Ross",3855 Cox Causeway,Codyside,CO,92783,United States,91-0790724,761-426-6244,Professional Services
A-001231,Simpson-Gill,1108 Brian Fall,Englishville,ID,42656,United States,93-3381221,974-895-6425,Professional Services
A-001232,Morgan-Lewis,9105 Scott Knolls Suite 563,South James,KS,25600,United States,41-5870923,488-919-0000,Facilities Management
A-001233,Thompson-Mcintyre,77606 Ewing Dale,Elizabethstad,WV,62217,United States,29-0509600,874-411-2848,Logistics
A-001234,Davis Ltd,4219 Brown Streets,Tonifort,OH,95350,United States,30-0764570,913-671-6168,IT Services
A-001235,"Barnett, Gordon and Curry",263 Shannon Ranch,Christopherstad,SD,45610,United States,88-9285590,097-333-0987,Logistics
A-001236,Bond PLC,429 Brady Parks,West Christinabury,KY,40621,United States,50-5013519,463-464-7496,Manufacturing
A-001237,MCCARTHY-STEWART,4180 Adams Branch Apt. 853,Lake Elizabethview,WI,21407,United States,10-6061417,079-619-9097,Healthcare Supplies
A-001238,"Cunningham, Gates and Gonzalez",72066 Richardson Harbor Apt. 597,North John,MD,87813,United States,17-8255153,374-508-8306,Healthcare Supplies
A-001239,Elliott PLC,0496 Hernandez Hills,South Jennifer,WV,11552,United States,66-4138658,916-379-8004,Professional Services
A-001240,"Robinson, Williams and Rivera",0827 Jennings Rapid Suite 858,New Susanview,NY,72804,United States,54-6602768,467-482-2328,Office Supplies
A-001241,Martin-Cook,4717 Taylor Lake Suite 066,East Josephtown,CO,09700,United States,19-8725784,601-241-8116,Healthcare Supplies
A-001242,Sanders-Singh,692 Gross Course,Hoffmanfort,HI,96333,United States,33-7509631,020-631-4109,Professional Services
A-001243,Parker Group,37445 Jones Road,Lake Samuelfort,ID,37407,United States,45-5479984,214-211-4078,Healthcare Supplies
A-001244,Boyer Group,9290 Brown Path Apt. 942,Wilsonbury,VA,35234,United States,41-5223070,247-064-9222,Professional Services
A-001245,"Wallace, Cervantes and Davis",04895 Joseph Grove Apt. 456,Rickyfurt,IL,79605,United States,90-8157894,718-012-0633,Facilities Management
A-001246,Scott Ltd,6291 Sandra Valley Suite 215,New Joshua,VI,34300,United States,68-0075399,060-146-1205,Construction
A-001247,"Hill, Grant and Scott",3936 Anthony Hill Apt. 335,East Susan,IA,56682,United States,12-6527569,941-751-8007,Healthcare Supplies
A-001248,Rocha-Cruz,35782 Joseph Summit,Sarahbury,FM,43113,United States,44-3933202,068-843-9393,Logistics
A-001249,Shelton-Ruiz,88440 Laura Mission,New Gregoryborough,CO,90133,United States,77-3164268,961-725-8828,Logistics
A-001250,PAYNE-WHITE,1727 Tanner Centers Apt. 341,Port Nathanielside,WY,73508,United States,12-5504528,287-035-1719,Facilities Management
A-001251,"Morton, Acosta and Brown",113 Patricia Run Apt. 953,North Kaylamouth,SC,90595,United States,14-0680121,152-234-5089,Logistics
A-001252,Mcdaniel Group,376 Morton Bridge,South Kathrynchester,AR,45521,United States,17-8649475,064-051-1832,Manufacturing
A-001253,"Hill, Carey and Mcgee",407 Joshua Path Apt. 531,Leeberg,VI,38613,United States,29-1117627,615-522-4113,Construction
A-001254,Carter PLC,68926 Ryan Forges,Sophiaburgh,NJ,31940,United States,69-9238353,839-688-5606,Logistics
A-001255,"Baker, Carlson and Ball",07714 Holloway Spur,Lake Yolandaberg,OH,55802,United States,37-7721135,011-837-6910,Office Supplies
A-001256,Glover PLC,378 Daniel Cape,Stephenhaven,SD,84833,United States,51-6646839,444-453-2567,Facilities Management
A-001257,Mcpherson Ltd,511 Ashley Lake,South Michael,WV,69358,United States,77-6690635,216-551-4620,Office Supplies
A-001258,Patel PLC,641 Allen Mills Apt. 228,Markchester,WY,76451,United States,56-4957091,314-935-4881,Healthcare Supplies
A-001259,Griffith Group,76199 Joel Mountains,Wrightville,AL,22783,United States,11-8136542,537-593-3585,Office Supplies
A-001260,Pierce LLC,21662 Powers Lights Apt. 734,New Anne,AR,86185,United States,78-8722430,426-854-4606,Logistics
A-001261,"Andrews, Pineda and Bonilla",19133 Samantha Hills,North Timothy,MD,28054,United States,91-1706504,485-645-0446,Manufacturing
A-001262,Johnson-Rowe,63166 Bridges Oval Apt. 003,South Brenda,KS,58261,United States,85-2566344,421-206-6058,Logistics
A-001263,Galvan-Perez,601 Klein Cape Suite 854,Lake Kellyfurt,MI,09351,United States,41-1209672,679-212-7195,Construction
A-001264,Davis-Martinez,0968 Michele Station Suite 201,Scottmouth,KS,61135,United States,75-1295118,133-258-1963,Logistics
A-001265,Johnson Ltd,581 Davis Ridge,Lake Eddie,UT,71537,United States,50-9539711,653-661-4501,Office Supplies
A-001266,Hoffman PLC,37436 Gregory Circles Suite 261,East Larrymouth,GU,94083,United States,98-2747173,212-193-3873,Manufacturing
A-001267,Mendoza LLC,037 Baker Hills Apt. 330,Jessicastad,FL,94098,United States,67-2806655,255-494-2285,Professional Services
A-001268,"Miller, Newman and Hart",20828 Sandoval Shore Apt. 814,East Kathy,SD,68567,United States,78-0801356,628-358-8058,IT Services
A-001269,Tucker-Bean,076 Carroll Fall Suite 464,Ericborough,SD,45639,United States,42-0035728,986-484-0927,Healthcare Supplies
A-001270,Ray Group,2248 Christopher Mountain Suite 898,Port Richard,SD,88729,United States,11-1972445,915-965-8668,IT Services
A-001271,Nelson and Sons,454 Allen Motorway Apt. 263,West Melvin,NV,08130,United States,23-2322744,811-759-6614,Manufacturing
A-001272,Thompson-Beasley,94436 Laurie Groves Suite 861,South Justinmouth,WA,41948,United States,67-6762622,768-263-6900,Logistics
A-001273,Lin-Kidd,2749 Dominguez Court,Jimmyview,AK,19541,United States,90-3477338,610-158-5263,Healthcare Supplies
A-001274,"Turner, Miller and Hicks",9774 Andrea Club,South Christopher,MI,98571,United States,79-3563667,131-948-2882,IT Services
A-001275,Hale-Nelson,3571 Walsh Trace Apt. 547,Port Steven,MA,60905,United States,27-2823429,147-274-7931,IT Services
A-001276,Lowery-Fernandez,36432 Micheal Terrace Apt. 632,Hayesmouth,KS,94830,United States,30-8656189,840-042-1099,Logistics
A-001277,"White, Smith and Hopkins",381 Daniel Throughway,South Natasha,KY,01216,United States,90-6425007,831-952-6467,Facilities Management
A-001278,Howe-Jenkins,225 Michael Run,Owenshaven,VI,68739,United States,79-2213989,488-059-5474,Logistics
A-001279,"Bauer, Powell and Carrillo",3853 Edwards Coves Apt. 207,North Madison,MD,75255,United States,36-9173782,805-602-2247,Logistics
A-001280,Hall Ltd,37800 Medina Branch,Ramirezberg,OK,30752,United States,31-1975522,855-507-9320,Facilities Management
A-001281,"Zimmerman, Moreno and Barrett",9130 Bridges Alley Suite 570,Davidborough,MT,33877,United States,45-5248480,064-151-1822,Healthcare Supplies
A-001282,"Spence, Cervantes and Boyd",4562 Crystal Ridges,Lake Gregory,NM,25465,United States,30-7767506,652-939-7252,Healthcare Supplies
A-001283,"Lutz, Stewart and Bell",167 Patricia Divide Suite 944,North Jeremystad,OK,59554,United States,62-1689527,253-324-9707,Facilities Management
A-001284,"Delgado, Martin and Salinas",190 Smith Isle Apt. 781,Rachelton,MA,87498,United States,84-4594995,649-717-2912,IT Services
A-001285,Hendrix LLC,58565 Miller Via Suite 439,Sherryview,FM,39384,United States,96-7261018,492-095-4554,Healthcare Supplies
A-001286,WHITE PLC,17949 Mckee Curve,Port William,FL,82295,United States,55-9891563,958-742-7963,IT Services
A-001287,LLOYD-JOHNSON,24286 White Parks Apt. 921,Walkerfurt,WA,44623,United States,57-8199481,667-390-6072,Healthcare Supplies
A-001288,"Simpson, Martin and Cobb",5761 Stevens Meadows,Gomezfort,SC,15994,United States,93-1899691,640-226-1234,Construction
A-001289,"Scott, Ho and Acosta",4917 Nelson Stravenue,South Cole,AS,69354,United States,62-2881542,109-957-8183,Logistics
A-001290,Sanders LLC,539 Davis Valleys Apt. 480,West Meganfort,MH,34848,United States,67-8336713,987-584-0249,Professional Services
A-001291,Bowman-Jackson,6636 Brandon Creek Apt. 816,Port Samuel,OR,57575,United States,88-1067043,317-333-8568,Logistics
A-001292,Foster Ltd,0015 Mckenzie Gardens Suite 316,New Gregory,VA,42670,United States,12-0004122,621-343-3571,Manufacturing
A-001293,Smith LLC,9213 Smith Parkways Apt. 897,Port Elizabeth,NY,59358,United States,97-2568129,024-564-5310,Office Supplies
A-001294,Carson-Lozano,753 Donna Stream,Katiemouth,WV,56033,United States,33-9773681,004-270-9839,Construction
A-001295,Willis LLC,9148 Angela Green,Ashleyville,SD,66914,United States,63-8076911,931-058-7686,Logistics
A-001296,Rogers-Hall,666 Valenzuela Meadow Apt. 321,Lake Ericaburgh,KY,42646,United States,63-9198004,861-547-9984,Manufacturing
A-001297,"Bauer, Thomas and Fitzgerald",611 Ashlee Point Apt. 440,South Danielle,GU,06457,United States,91-3043828,835-889-7435,IT Services
A-001298,"Phillips, Hogan and Hall",215 Mayo Parkways,Montoyaview,VT,36686,United States,89-0187877,829-612-0528,Facilities Management
A-001299,"Townsend, Kirby and Barker",691 Jennifer Mountains Apt. 887,Sabrinahaven,WV,12090,United States,34-8839570,589-186-2393,Logistics
A-001300,Henderson-Harris,27423 Flynn Parkways,South Tricia,NE,18571,United States,35-1275639,314-701-2605,Manufacturing
A-001301,"Miles, Holden and Bolton",6923 Anderson Court,West Donald,CT,33462,United States,81-7888322,876-302-9862,Professional Services
A-001302,Livingston-Mitchell,54755 Ian Creek Apt. 690,Johnsonburgh,VA,84514,United States,58-8169687,499-141-0717,Manufacturing
A-001303,Murray Inc,05009 Todd Cove Suite 372,South Timothyview,AL,73638,United States,50-4435133,988-479-7531,Office Supplies
A-001304,"Potter, Mcdaniel and Thompson",280 Charles Coves Apt. 265,Lake Kristenmouth,HI,76727,United States,65-4449982,257-836-3681,Office Supplies
A-001305,Smith Ltd,52600 Cynthia Plains,East Samanthabury,PW,02673,United States,47-8921345,738-880-1221,Healthcare Supplies
A-001306,Garrett-Francis,2101 Scott Route Suite 520,Janeton,OR,76080,United States,62-2763616,119-715-8085,Facilities Management
A-001307,Miller Ltd,0412 Jessica Junctions,Port Charlesburgh,MH,66517,United States,74-8766605,750-826-7039,Manufacturing
A-001308,Ryan-Allen,75362 Mclean Mountains,West Isaacbury,TX,25786,United States,57-2337634,475-091-7835,IT Services
A-001309,Lee-Lucas,58588 Craig Landing Suite 771,Holdenmouth,MP,59655,United States,34-6950710,576-627-1061,Logistics
A-001310,Green Grp,0748 Jonathan Inlet Apt. 944,Mcgeeburgh,MO,52779,United States,32-7114760,263-951-9813,IT Services
A-001311,"Obrien, Murray and Erickson",309 Sandra Mission,Taylormouth,OH,39665,United States,48-8933925,009-062-5094,Logistics
A-001312,"Cruz, Foster and Cook",8902 Figueroa Street,Port William,WI,98874,United States,80-9861078,973-784-0704,Professional Services
A-001313,"Johnson, Cooke and Short",177 James Parks Suite 309,West Rachelborough,WV,07849,United States,54-5188049,192-518-6470,Healthcare Supplies
A-001314,"Watson, Frank and Williams",37447 Melissa Lane,Brettfort,CT,42899,United States,87-3368624,007-488-3826,Logistics
A-001315,Lynch Ltd,264 Kristen Flat Suite 443,Bryanhaven,NC,44395,United States,79-4989306,599-108-7717,Office Supplies
A-001316,"White, Lynch and Wong",9761 Kyle Place,Wellsfurt,AZ,13170,United States,14-6325879,310-986-2453,IT Services
A-001317,"Guerra, Riley and Newman",4973 Evans Mall,Cherryburgh,GU,10816,United States,24-4658840,249-876-4155,Manufacturing
A-001318,Li Ltd,66894 Jacobs Park,South Thomas,KY,39347,United States,16-0035062,732-457-1955,IT Services
A-001319,NELSON INC,2955 Esparza Mountains,East Brandonmouth,IN,12060,United States,65-4738715,680-806-8242,Office Supplies
A-001320,Swanson Group,06169 Amber Greens Suite 381,Port Hannahbury,NM,01091,United States,87-2608028,721-850-8226,Construction
A-001321,Wright-Williams,4985 Karina Mountains Suite 240,North Shawnstad,AK,38891,United States,19-2071758,935-781-4127,Professional Services
A-001322,Jones Ltd,38792 Mary Extension Apt. 238,Lake Rachelside,NM,36935,United States,58-2328432,007-432-6284,Facilities Management
A-001323,Haley Ltd,0356 Burch Ramp Suite 424,Jacksonberg,GA,56049,United States,61-7187507,472-833-3432,IT Services
A-001324,"Kent, Keller and Ramirez",635 Wood Dam,East Anthony,RI,29385,United States,74-5145663,974-980-0929,IT Services
A-001325,"Sanchez, Green and Miller",3202 Antonio Motorway,Port Amber,HI,17028,United States,58-6909856,606-868-6630,Logistics
A-001326,Smith-Dean,8863 Edwards Meadow Apt. 929,Audreyland,CO,02860,United States,34-6760672,298-493-8350,Office Supplies
A-001327,Gibson-Gonzalez,0088 Trevino Shoals,New Christopher,UT,35548,United States,31-7270101,973-105-3888,Office Supplies
A-001328,"Allen, Clark and Wilson",38988 Adam Port,Madisonside,NC,17082,United States,94-1672107,233-586-2342,Logistics
A-001329,Perez LLC,64101 Fields Union,East Patricia,MN,50443,United States,20-0061963,657-760-6125,Facilities Management
A-001330,Scott-Turner,84398 Helen Port,East Janetchester,PA,54491,United States,80-8017427,466-802-6874,IT Services
A-001331,"Reed, Soto and Garcia",612 Vasquez Unions Suite 859,Grayport,WY,56577,United States,74-7975975,926-590-2827,Manufacturing
A-001332,"Evans, Mendez and Goodwin",4576 Kelly Valleys,Barnettburgh,AZ,06768,United States,93-2010779,137-683-5281,Office Supplies
A-001333,"Brewer, Mckinney and James",9313 John Flats,Marcusburgh,ND,04571,United States,37-3286650,433-264-4458,Facilities Management
A-001334,Cooper Inc,29822 Durham Prairie Suite 147,South Tracyfurt,GU,43667,United States,18-9998443,000-219-7976,Construction
A-001335,"Dixon, Hanson and Raymond",93852 Gabriel Ridges,North Stephanie,ME,24776,United States,72-0608968,311-547-9704,Logistics
A-001336,"Garrett, Duncan and Ferguson",20605 Brandi Well,Johnburgh,MH,67919,United States,65-8090039,451-299-3878,Manufacturing
A-001337,Harris-Smith,148 Perry Harbors Apt. 730,New Garrettville,ND,74094,United States,50-2685267,706-983-2924,Professional Services
A-001338,Wilson and Sons,68073 Ruth Cove,Wareton,NH,64827,United States,83-8483906,218-890-6650,Healthcare Supplies
A-001339,Simmons-Henson,0026 Miller Cliff,Taylormouth,NV,42117,United States,53-8994061,399-543-1611,Healthcare Supplies
A-001340,Garza-Rodriguez,218 Ray Port Apt. 004,Catherineburgh,MH,76757,United States,21-4442861,468-976-1661,IT Services
A-001341,Morris-Nguyen,8196 Thompson Fields Apt. 037,South James,WI,89895,United States,75-7001875,570-815-1807,Construction
A-001342,Kidd LLC,165 Kimberly Viaduct,Bradleyview,NV,33466,United States,91-0644910,015-866-8492,Professional Services
A-001343,Williams Ltd,414 Emily Radial,North Natalieport,AZ,16433,United States,29-1898710,774-919-2832,Healthcare Supplies
A-001344,"Macdonald, Thomas and Donovan",219 Timothy Turnpike Apt. 068,Stephaniefurt,LA,23792,United States,37-2491666,873-457-6358,Construction
A-001345,ROBINSON AND SONS,046 Melissa Highway,Vegamouth,ME,04897,United States,93-1284997,724-801-8799,Office Supplies
A-001346,Garcia-Randolph,481 Fitzpatrick Estate,Hayesville,CA,47548,United States,89-0040374,275-073-6132,IT Services
A-001347,Brown-Harrell,22362 Dawn Station Suite 991,Port Christophertown,NJ,30517,United States,80-7899575,661-967-1979,Logistics
A-001348,Webster-Ellis,7349 Angela Green,South Tracy,MT,96831,United States,57-9527597,178-405-4851,IT Services
A-001349,"Knight, Castro and Lewis",7326 Cowan Estates Suite 677,North Christopher,DC,26995,United States,94-4048177,527-943-4071,Healthcare Supplies
A-001350,"Yoder, Sullivan and Saunders",6478 Boyd Burgs Suite 641,North Jeanette,MO,53169,United States,95-9910144,602-972-9451,Manufacturing
A-001351,"Kelly, Jenkins and Burke",48068 Brian Meadow,Michellestad,TX,00667,United States,27-2591127,363-262-3750,Office Supplies
A-001352,"Combs, Carter and Moore",602 Castro Loaf,West Meredith,MS,90712,United States,78-2767320,837-594-5870,Manufacturing
A-001353,Walton Group,56400 Cole Inlet,West Aliciafort,RI,42209,United States,96-3685029,240-874-1550,Logistics
A-001354,Davidson Ltd,65679 Robert Dale,Jeromeview,MH,94549,United States,60-6450366,178-148-0896,Office Supplies
A-001355,"Santos, Hansen and Garcia",211 Loretta Light Suite 574,East Rebeccahaven,NJ,56686,United States,19-4640346,704-447-1869,Logistics
A-001356,Burton-Rosales,20969 Johnson Square,Owensmouth,NV,12722,United States,93-0655747,555-623-9476,IT Services
A-001357,Bennett PLC,1152 Barnes Turnpike,Lake Reginaldton,NE,39410,United States,94-1770040,330-540-6965,Professional Services
A-001358,Dixon-Cruz,2563 Benjamin Prairie,Lake Eric,VI,10015,United States,76-0555221,177-155-3673,IT Services
A-001359,"Webb, Carter and Moore",52192 Reese Freeway,Smithshire,NM,05670,United States,82-3728171,739-955-1310,Manufacturing
A-001360,MCDANIEL-WRIGHT,222 Evans Ferry,East Scott,ME,83639,United States,47-9167941,450-389-3476,Office Supplies
A-001361,Mullen-Richards,325 Jessica Mountains,Kimberlyburgh,SC,54401,United States,53-5349662,716-484-3514,Professional Services
A-001362,Edwards and Sons,2233 Paul Trail,Berryview,OK,89618,United States,87-9685499,465-920-5488,Healthcare Supplies
A-001363,Williams-Winters,7916 Donna River,Port Timothyfort,GA,54932,United States,47-3098534,925-232-0996,Construction
A-001364,Wagner-Stanley,40538 Lozano Square Suite 770,Port Timothy,SC,25380,United States,58-8293766,796-728-0367,Office Supplies
A-001365,Mitchell-Hardy,5525 Caroline Circles,Port Tamara,MI,42645,United States,53-7157475,250-030-8973,Logistics
A-001366,Bryant-Guzman,6558 Jeffrey Rapid,South Jenniferfort,AZ,39008,United States,96-2152669,914-185-6233,Construction
A-001367,Bishop-Nichols,233 Gail Burgs,North Amber,RI,79222,United States,50-4886868,256-311-4021,Facilities Management
A-001368,Logan Inc,87983 Colleen Extension,Lake Oscar,NV,58101,United States,83-1856709,098-953-4251,Facilities Management
A-001369,Martinez Ltd,812 Nathaniel Trace Suite 248,Port Aaron,WV,66707,United States,73-0100172,713-016-1880,Manufacturing
A-001370,Duncan-Lee,93483 Cox Inlet Apt. 857,Valeriefort,CO,64861,United States,37-6831869,715-564-8964,Logistics
A-001371,Hernandez LLC,631 Mark Place Suite 099,Lake Terri,SC,21409,United States,51-0892271,634-309-2620,Professional Services
A-001372,"Taylor, Smith and Shaffer",17381 Carlos Pike Suite 332,Kristinaville,MA,87011,United States,82-6829775,258-999-6739,Professional Services
A-001373,Garcia Group,81885 Johnson Garden Suite 319,Port Erinstad,SC,59220,United States,95-9166755,346-986-7589,Healthcare Supplies
A-001374,Davis L.L.C.,27095 Alvarez Wells Apt. 005,South Kimberly,AS,69285,United States,54-2839009,908-964-3538,Healthcare Supplies
A-001375,Spencer-Archer,289 Collin Mountains,North Randyfort,NC,10419,United States,19-9868119,186-893-8395,Office Supplies
A-001376,Bradley LLC,623 Kevin Burg,Tammyshire,WV,98459,United States,18-1635326,389-833-3378,IT Services
A-001377,Barnett and Sons,805 Cheyenne Village Suite 981,Stephanieside,AL,42898,United States,61-1697526,951-556-7464,Healthcare Supplies
A-001378,Ford Inc,3647 Joshua Pine,Brownberg,NC,82570,United States,47-9608458,048-919-2944,Professional Services
A-001379,Lewis-Reid,9938 Sarah Tunnel Suite 013,East Veronicachester,VI,01933,United States,71-6019237,491-917-9970,Construction
A-001380,Mendez and Sons,999 Scott Plaza Apt. 271,Jacobberg,NV,31268,United States,38-4976854,722-638-6171,Professional Services
A-001381,"Brown, Sherman and Kelley",8178 Anthony Knolls,West Dawn,MD,02131,United States,34-6109712,357-835-4211,Professional Services
A-001382,"Rogers, Smith and Lang",93041 April Hills,New Kayla,AK,93974,United States,92-0600973,462-087-3843,Manufacturing
A-001383,Young Ltd,032 Alicia Place Suite 026,North Cynthiaberg,AR,56005,United States,62-8646448,108-410-6977,Construction
A-001384,"Murray, Lopez and Taylor",77364 Darren Plains Suite 722,Port Jenniferbury,MO,79409,United States,62-6998235,174-238-0869,IT Services
A-001385,"Hays, Mills and Berry",4552 Barton Route,South Michelle,FM,03664,United States,92-0620417,410-233-6286,Construction
A-001386,Thomas-Fischer,3444 Adam Creek,Port Mitchellport,MA,86441,United States,63-9528648,896-019-3772,Healthcare Supplies
A-001387,"Carter, Moore and Hernandez",5796 Avila Keys Apt. 343,Heathermouth,PR,58413,United States,59-0910502,623-696-6378,Logistics
A-001388,White Inc,9776 Charles Row Suite 049,Robyntown,MO,84728,United States,84-9734394,925-191-1556,Facilities Management
A-001389,Harris-Lowe,1350 Hannah Rest,Warrenmouth,CO,39792,United States,11-2691606,120-119-0677,Professional Services
A-001390,Stephens-Thompson,4761 Matthew Place,Breannafort,WI,25518,United States,50-7407714,840-081-1052,Logistics
A-001391,Baker Ltd,6786 Christina Loaf Suite 453,New James,IN,27248,United States,44-9434459,107-476-0310,Healthcare Supplies
A-001392,Ellis-Brewer,96414 Davis Orchard,Timothyshire,ND,72882,United States,75-7965465,027-209-9352,Construction
A-001393,Davis PLC,15352 Villegas Brooks,Port Jessicachester,MH,05409,United States,35-4626229,886-384-1962,Construction
A-001394,Shepherd-Patrick,7469 Jennifer Park Apt. 321,New Marcus,MT,92813,United States,60-6103226,853-893-3562,Healthcare Supplies
A-001395,Rodriguez-Reed,631 Steven Light Suite 687,Tannermouth,UT,27020,United States,49-2908067,799-568-8085,IT Services
A-001396,"George, Fritz and Kim",63487 Curry Way,North Brettville,SD,12665,United States,63-5550230,842-641-0220,Office Supplies
A-001397,"Allen, Lane and Rollins",808 Michael Lane Apt. 738,South Randy,GU,02628,United States,32-6057528,670-625-0917,Office Supplies
A-001398,"JENSEN, SAVAGE AND BONILLA",809 Buck Squares,Port Nicholasshire,RI,31630,United States,85-2384450,232-367-3654,Healthcare Supplies
A-001399,"Miller, Hernandez and Rich",23706 Claudia Tunnel,North Justin,NH,88227,United States,29-3154584,336-123-9338,IT Services
A-001400,"Garza, Cooper and Welch",1523 Hoffman Mill Apt. 506,Dawsonbury,FL,17932,United States,71-8360105,370-903-1346,Professional Services
A-001401,"Hughes, Cook and Melton",00679 Denise Flats,Rickyton,MS,82801,United States,87-3969707,065-612-1747,Construction
A-001402,Stewart-Price,805 Debra Camp,South David,GU,02665,United States,50-8970423,460-510-0199,Professional Services
A-001403,Williams PLC,64627 Robert Motorway Suite 205,Port Yesenia,MP,44192,United States,25-6598517,415-723-9742,IT Services
A-001404,Kaiser-Hernandez,919 Mendez Overpass Suite 651,Rodneystad,MS,28190,United States,60-7865951,160-328-8894,Manufacturing
A-001405,"Haley, Webb and Clayton",72635 April Dam Apt. 823,West Jameston,TN,20435,United States,28-9630619,520-029-8904,Office Supplies
A-001406,"Sims, Hamilton and White",9874 Ethan Freeway Apt. 844,Ricardoland,NH,74938,United States,77-7157408,549-571-1704,Healthcare Supplies
A-001407,Craig Ltd,3996 Tonya Inlet,Travisstad,TX,97512,United States,16-4463569,997-719-4459,Professional Services
A-001408,"Williamson, Miller and Johnson",4184 Maria Divide Suite 405,West Derek,PA,29472,United States,97-3830502,227-697-3057,Construction
A-001409,Hicks L.L.C.,326 Margaret River Apt. 749,Lake Jeanette,KY,45748,United States,61-1680307,227-918-0554,Logistics
A-001410,Smith PLC,725 Williams Park Suite 881,Shieldsberg,AL,37055,United States,37-8924968,328-127-7317,Healthcare Supplies
A-001411,Phillips-Mcdowell,789 Lopez Plains,Mooreberg,NH,46289,United States,48-6876247,814-065-0580,Construction
A-001412,"Little, Lewis and Patterson",0594 Morgan Squares Suite 073,New Cynthia,MI,49793,United States,46-9517811,889-322-8171,Manufacturing
A-001413,"Stephens, Freeman and Shields",82311 Lamb Parks,Powersmouth,MD,87851,United States,47-6980538,833-566-3882,Professional Services
A-001414,White Inc,977 Tucker Bypass Suite 298,Rebeccamouth,MP,57879,United States,71-9392003,023-681-0463,IT Services
A-001415,Bryant Inc,582 Brown Locks Apt. 075,South Heathershire,NH,44553,United States,59-7950004,221-780-6677,IT Services
A-001416,"Vasquez, Arnold and Sandoval",147 Lopez Turnpike Apt. 802,Lifort,AR,78390,United States,55-2922001,461-867-7164,Office Supplies
A-001417,Preston-Smith,60146 Hull Keys,North Susanside,TX,74027,United States,34-5047145,882-703-2248,Healthcare Supplies
A-001418,Butler Inc,0376 Jay Estates,Elijahville,NE,76563,United States,75-0027161,453-845-5427,Office Supplies
A-001419,Morales LLC,1150 Mario Land Apt. 800,Rosstown,MI,55996,United States,93-8564480,772-136-0084,Healthcare Supplies
A-001420,Davis-Stephens,7215 Mark Shores,North Chloemouth,NY,59477,United States,54-4517369,170-200-5550,IT Services
A-001421,Brady Grp,52994 Jeffrey Knoll,Elizabethborough,SD,26300,United States,29-7446299,492-321-2430,Manufacturing
A-001422,Robertson-Fields,03613 Donald Overpass,Grosstown,MH,33958,United States,23-4260583,744-730-9811,Professional Services
A-001423,"Wallace, Bowman and Hawkins",6784 Harris Flat Suite 335,Huntbury,NH,05664,United States,81-0841299,118-033-6136,Construction
A-001424,Alexander and Sons,69927 Dana Mountain,East Jackport,WA,02347,United States,32-6099417,097-511-0293,IT Services
A-001425,Perez-Bell,76300 Reyes Forks Apt. 527,New Scott,MS,64173,United States,12-8309105,488-139-1420,Office Supplies
A-001426,"Richardson, Nunez and Shaw",852 Edwin Center,Port Justinland,MO,35490,United States,21-1592272,851-559-6487,Construction
A-001427,KANE AND SONS,703 Luna Stream,Fredbury,TN,48045,United States,76-3682156,940-216-9806,IT Services
A-001428,Perez Ltd,62244 Townsend Meadow Suite 561,Elizabethmouth,DC,30517,United States,19-0528528,551-727-4847,Office Supplies
A-001429,"Brown, Swanson and Gaines",06480 Kimberly Drive,Emilyhaven,MO,74315,United States,36-5639987,980-088-1484,Construction
A-001430,"Munoz, Hughes and Mcmillan",1124 Tamara Rapid Suite 069,East Kristinburgh,WY,96301,United States,57-5839885,172-952-1866,IT Services
A-001431,"Horn, Lewis and Orozco",5676 Richards Spur Suite 378,Colonhaven,MI,44291,United States,24-0957723,971-189-7248,IT Services
A-001432,"Dennis, Smith and Hamilton",8747 Jeanette Trafficway,Griffithburgh,MP,51016,United States,13-0678197,813-615-9364,Manufacturing
A-001433,Holt-Anderson,820 Parker Radial,Jenniferchester,HI,97628,United States,81-2480457,413-245-9123,Healthcare Supplies
A-001434,Mitchell Ltd,2158 Matthew Walk,Susanmouth,WA,90306,United States,44-9182252,143-438-2500,Facilities Management
A-001435,Olson-Luna,9764 Jesse Ridge,South Nicoleton,IA,17761,United States,68-8996003,422-341-7792,Facilities Management
A-001436,Bell Inc,971 Joyce Via,Griffithstad,MH,86020,United States,73-4399876,615-636-8864,Facilities Management
A-001437,Herman Group,4313 Stefanie Course,Lake Sarah,WA,07317,United States,66-2060684,645-478-3990,Construction
A-001438,Ali-Sanchez,8235 Thomas Forks,Harrisside,WI,08241,United States,96-4048388,617-799-8904,Logistics
A-001439,"Thomas, Rodriguez and Greene",91149 Daryl Light,Nicoleshire,MH,67561,United States,49-2756851,947-939-8364,Office Supplies
A-001440,"Johnson, Salazar and Webster",18872 Robert Locks Suite 776,Bendermouth,ND,66614,United States,42-5958941,713-084-8397,Manufacturing
A-001441,Hendricks Group,29568 Gomez Inlet Apt. 670,Curryshire,UT,98428,United States,10-0099158,750-038-1404,IT Services
A-001442,"Fernandez, Davis and Jefferson",0058 Nathan Field,Gracemouth,SD,73212,United States,46-9243620,425-561-4178,Construction
A-001443,Figueroa-Becker,93958 Jasmine Pass,Joeburgh,KY,40807,United States,83-8487369,574-342-5951,Facilities Management
A-001444,Hicks-Hernandez,25958 Beard Views,Rachelborough,PA,29353,United States,42-1704344,974-260-8550,Manufacturing
A-001445,"Long, Hodges and Brooks",3539 Valentine Unions,Richardville,NH,21686,United States,92-2345794,070-367-9889,Office Supplies
A-001446,Compton-Hood,506 Claudia Stravenue Apt. 371,Gomezmouth,CA,03271,United States,95-5522471,214-654-8193,Manufacturing
A-001447,"Campbell, Payne and Watkins",93604 Washington Mountain,South Ryanstad,NM,81333,United States,30-2476546,652-739-8311,Office Supplies
A-001448,"Singleton, Watkins and Huffman",89870 Ryan Drives,Gabrielleview,MI,09744,United States,70-1890658,696-137-0340,Office Supplies
A-001449,"Mcdonald, Stewart and Fuentes",32661 Jason Drives Apt. 186,North Kathy,WY,99675,United States,98-9516564,025-513-0999,Office Supplies
A-001450,Lynch and Sons,9770 Smith Highway Suite 621,Michaelberg,NM,34057,United States,33-6859315,216-919-5759,Construction
A-001451,Leach-Johnson,4788 Lauren Underpass Suite 939,Henrystad,TX,87908,United States,65-4705830,142-580-7422,Construction
A-001452,Solomon LLC,07311 Monroe Track Suite 762,New Melanie,MI,70226,United States,17-3512612,263-016-1803,IT Services
A-001453,"Lewis, Kim and Carpenter",63405 Avila Knolls Suite 156,East Jacob,GU,76309,United States,24-6698943,181-280-9191,Construction
A-001454,Wolfe-Miller,7179 Sullivan Path,Stephanieside,NV,52503,United States,21-8494225,612-177-4441,Facilities Management
A-001455,Ward-Mitchell,9824 Jason Plain Apt. 801,New Glenda,MI,66301,United States,76-3281908,445-735-2640,Facilities Management
A-001456,Wolfe LLC,10465 Tyrone Centers,Michaelview,MD,37177,United States,39-2201792,312-903-8265,Facilities Management
A-001457,SHERMAN LLC,99263 Shannon Shoal Apt. 951,East Margaretland,TX,24682,United States,30-1637382,227-615-8425,Healthcare Supplies
A-001458,Miller PLC,422 David Isle Apt. 132,Belltown,ID,38688,United States,12-0825650,097-181-4854,IT Services
A-001459,Thomas-Hampton,187 Darren Stream Suite 297,Robertshaven,KS,86385,United States,15-3292024,685-192-6175,Manufacturing
A-001460,Shaw PLC,1265 Trevor Mall Suite 731,Miguelmouth,MP,35873,United States,88-0725278,178-321-1268,Manufacturing
A-001461,"Gutierrez, Wood and Abbott",45856 Sellers Circles Apt. 456,South Sally,IA,40180,United States,34-9978373,242-359-2887,Logistics
A-001462,Rivera LLC,62725 Wilson Ferry,North Courtneytown,VT,72408,United States,26-1795387,487-426-1547,Manufacturing
A-001463,Lin-Soto,638 Tara Shoal Suite 607,Brandyland,MO,98487,United States,46-7126134,981-555-6139,Office Supplies
A-001464,"Williams, Lambert and Kennedy",04242 Woodward Green Suite 589,East John,AS,44910,United States,43-4552915,717-685-3849,Facilities Management
A-001465,Johnson-Moss,772 Mendez Mission Apt. 809,South Tiffany,WA,10141,United States,49-8784578,400-464-0879,Facilities Management
A-001466,"DAVID, MILLER AND TAYLOR",463 John Coves Suite 984,South Tiffany,PW,78233,United States,45-4601784,017-706-9053,Logistics
A-001467,"Williams, Aguilar and Foster",58404 Perry Centers,Port Jill,NV,32865,United States,16-0170716,546-007-9740,Construction
A-001468,Mccormick-Kim,4492 Bauer Ports Apt. 348,Bradleyport,MT,72136,United States,93-2850970,002-209-7646,Office Supplies
A-001469,Jones Ltd,595 Anderson Skyway Suite 423,West Shelly,DE,20534,United States,17-6648733,834-370-3752,Facilities Management
A-001470,"Pacheco, Hunt and Woods",169 Jacob Greens,Piercebury,IA,17218,United States,29-4995530,766-163-9848,Professional Services
A-001471,Ellis and Sons,25748 Michelle Tunnel Apt. 246,Lake Nicholasbury,PA,67831,United States,36-8520783,180-855-4206,Office Supplies
A-001472,"Sims, Klein and Bishop",07894 Matthew Avenue Suite 177,East Paula,DC,04654,United States,98-9328868,751-134-8657,Manufacturing
A-001473,Mccarthy-Hawkins,20224 Cory Forges,New Christopher,RI,90674,United States,23-0955221,543-124-6740,Professional Services
A-001474,Hall,79182 Jeffrey Crossing,Tuckerchester,DC,78853,United States,36-5388382,968-175-4814,Manufacturing
A-001475,Santos and Sons,2156 Donald Skyway,West Nicole,PR,65483,United States,31-3867761,468-792-7185,Facilities Management
A-001476,"Huerta, Andrews and Lewis",249 Tony Unions Apt. 041,Sandersside,PW,44080,United States,60-7692567,103-016-4040,Office Supplies
A-001477,Christensen-Jones,4150 Hahn Streets Suite 681,Lake Jeremybury,CA,44831,United States,44-6886458,329-314-9392,IT Services
A-001478,"Lucas, Maxwell and Clark",47262 Hood Cove Apt. 916,Patriciaburgh,NV,88841,United States,77-5559969,730-872-4036,Manufacturing
A-001479,"Potter, Williams and Dyer",540 Fletcher Well,Caldwellmouth,NE,48449,United States,89-9641923,172-775-3291,Logistics
A-001480,Coleman-Johnson,6958 Sarah Heights,Andrewfurt,MT,40005,United States,78-5605643,465-157-1792,Construction
A-001481,Esparza Inc,56897 Harper Fork,Guerrafurt,ME,40015,United States,15-5928537,221-696-8928,Professional Services
A-001482,"Tucker, Pacheco and Choi",8596 Melissa Mountains,East Linda,TN,26661,United States,22-1256011,152-605-7948,Professional Services
A-001483,Thomas-Hanson,09912 Hernandez Inlet,Lake Christine,WV,05431,United States,27-9701810,618-456-7278,Construction
A-001484,"Taylor, Andrews and Wilson",6386 Andrea Ridge,New Michaeltown,SC,29730,United States,10-9588354,032-535-5599,Manufacturing
A-001485,Gonzalez-Cole,560 Cynthia Station,Melissatown,PA,23237,United States,72-3926702,259-739-6707,Facilities Management
A-001486,Price Inc,130 Derek Forest,East Michael,ME,29832,United States,83-9170893,374-536-5602,IT Services
A-001487,Brown PLC,353 Hernandez Harbor,Albertland,MD,22834,United States,63-6784164,800-648-6157,Logistics
A-001488,Bauer-Perkins,6964 Stacy Radial,Harrishaven,RI,85712,United States,83-6527450,996-801-2669,Healthcare Supplies
A-001489,Rodriguez Group,660 Vanessa Radial,Perezchester,MI,06791,United States,16-4183056,124-040-3417,Healthcare Supplies
A-001490,Ortega PLC,37779 April Hills Apt. 470,Madisonberg,AZ,87047,United States,79-2107026,866-478-6359,IT Services
A-001491,Stout-Cline,40840 Phillips Flat,West Pamela,MT,18858,United States,23-5106204,325-287-4402,Facilities Management
A-001492,Powell-Young,058 Laurie Branch,Myerstown,WY,86839,United States,69-9524216,463-507-7318,Healthcare Supplies
A-001493,Beasley-Young,5335 Walsh Port Suite 332,Erinbury,ID,94821,United States,96-4926282,506-984-4338,Facilities Management
A-001494,Martin LLC,127 Maria Lock Suite 448,Veronicachester,AS,63781,United States,88-7255513,868-926-8551,Professional Services
A-001495,"Osborne, Dean and Phillips",93667 Christopher Expressway,Jamesburgh,DC,80023,United States,70-0248296,386-291-8793,Construction
A-001496,"May, Carson and Morgan",727 Hanna Forge,Port Michellemouth,NC,97602,United States,68-2756272,620-713-8947,Facilities Management
A-001497,Mccann-Spencer,079 Stout Gateway Apt. 411,East Nichole,ME,53786,United States,30-3770248,285-069-6720,IT Services
A-001498,Murray-Smith,0375 David Street Suite 055,Francisview,PR,63470,United States,68-3708118,871-237-2873,Healthcare Supplies
A-001499,Norris LLC,600 Jonathan Ford,Jillbury,VI,45506,United States,39-5627385,100-670-7603,IT Services
A-001500,"Baker, Finley and Walker",734 Michael Neck,Katherineberg,WA,11640,United States,17-3955669,281-330-9438,IT Services
A-001501,"Nichols, Shaw and Clay",82536 Pope Drive,North Lee,AS,71054,United States,97-9843968,480-302-5157,Construction
A-001502,Myers Inc,467 Jake Bridge Suite 418,Gracemouth,CA,99385,United States,68-1544961,138-351-4635,Healthcare Supplies
A-001503,"Dixon, Smith and Gates",45382 John Course,Lake Nicole,CA,78312,United States,93-3241446,386-822-6723,Professional Services
A-001504,Garcia-Harper,61475 Taylor Mission Apt. 355,North Sara,PR,84492,United States,44-4342661,444-690-4883,Logistics
A-001505,Evans Inc,1421 Louis Gardens Suite 137,New Jesusview,MH,77978,United States,30-3870775,799-229-1080,Facilities Management
A-001506,Weaver-Watson,919 Willie Spring Apt. 176,Yatesbury,ND,31412,United States,92-2200725,478-626-4616,IT Services
A-001507,Gibbs-Brooks,507 Ellis Expressway,New Amyshire,WA,32354,United States,44-6389157,835-930-1684,Office Supplies
A-001508,"Alvarez, Griffith and Thomas",9811 Fitzgerald Tunnel Suite 913,Bassmouth,TN,68952,United States,66-1782298,953-792-8063,Logistics
A-001509,Medina Ltd,145 Beard Mountain,Lake Donnaport,PW,33051,United States,29-1811951,321-259-5432,Manufacturing
A-001510,Carter-Lewis,07810 Cummings Burgs,Jessicaton,WA,71358,United States,31-6980704,167-233-6935,Logistics
A-001511,"Browning, Avery and Taylor",51108 Jaclyn Plains,Sarafurt,MT,49341,United States,80-6437569,935-614-0081,Facilities Management
A-001512,"Bell, Macdonald and Clay",68921 Rodgers Greens Suite 074,Gilbertport,PA,81604,United States,66-4596387,498-976-3916,Construction
A-001513,Cole PLC,65870 Michael River Suite 063,Kennethchester,NV,69413,United States,15-2705290,530-445-6759,Healthcare Supplies
A-001514,"Velazquez, Peters and Fuller",24335 Susan Shoal Suite 112,Greenhaven,SD,93779,United States,33-6999287,162-698-5205,Logistics
A-001515,"Montgomery, Guzman and Graham",241 Mason Viaduct,Hunterton,KS,22587,United States,48-7541399,887-892-5986,Office Supplies
A-001516,"Moore, Phillips and Valenzuela",1571 Graham Lodge Suite 728,West Todd,WY,46118,United States,98-2644252,551-465-9983,Healthcare Supplies
A-001517,Gonzalez-Brown,21893 Monica Lake Apt. 058,Mirandastad,KS,71789,United States,95-2818991,338-806-7191,Manufacturing
A-001518,"Carpenter, Weiss and Williams",4185 Alec Throughway,Johnsontown,NM,86498,United States,66-8031793,984-363-4861,Manufacturing
A-001519,"Patterson, Gardner and Estes",0486 Amy Greens,East Tinafort,AK,58493,United States,88-8448988,870-330-1411,Logistics
A-001520,Brown Ltd,0620 David Rapids,Port Patrickside,OH,63421,United States,18-3682466,090-904-2326,Professional Services
A-001521,"Bruce, Walker and Ramirez",5040 Vargas Hill Apt. 592,North Garrett,IN,82401,United States,65-7793068,520-764-3593,Logistics
A-001522,"MILLER, DAVIDSON AND LUCAS",1756 Emily Roads,Nicholsland,FM,34349,United States,67-0866707,155-014-5700,Office Supplies
A-001523,"Rojas, Roberts and Robinson",9970 Morgan Island Suite 538,East John,VA,36088,United States,69-9602642,091-708-9574,Office Supplies
A-001524,"Johnson, Williams and Ellis",15247 Teresa Streets Suite 100,Port Jameston,IA,45190,United States,82-4230874,275-172-8632,Facilities Management
A-001525,"Torres, Pittman and Vasquez",0029 Cortez Squares,Deannaside,HI,66572,United States,85-4357762,146-172-7018,Office Supplies
A-001526,Ramirez Ltd,2743 Hood Springs,Patrickborough,PR,17208,United States,95-0899166,874-342-0502,IT Services
A-001527,Ochoa Inc,83450 Melissa Mission Apt. 509,Lake Patrick,WI,74987,United States,69-0520920,252-617-5154,Office Supplies
A-001528,"Pennington, Curtis and Mcclure",870 Douglas Wall,South Karen,CO,28821,United States,64-1909751,999-232-3987,Healthcare Supplies
A-001529,"Johnson, Morris and Wheeler",335 Barry Pike Suite 611,Lake Nicolemouth,MP,57242,United States,49-9130788,302-866-5358,Office Supplies
A-001530,"COLLIER, RILEY AND DUNN",172 Joseph Locks Apt. 385,Davidstad,CT,04323,United States,92-0536715,934-667-3088,Office Supplies
A-001531,Callahan Ltd,124 Dalton Heights,Sullivanshire,MO,36722,United States,75-3278884,846-159-1014,Professional Services
A-001532,Calhoun Group,3043 Sarah Wells,East Williammouth,FM,42989,United States,70-4672023,093-106-1735,Professional Services
A-001533,Ortega-Montgomery,77721 Reyes Heights Apt. 162,Anneborough,KS,47625,United States,50-2720908,479-728-0893,Construction
A-001534,"Woodard, Cabrera and Collins",4778 David Extensions,Rothtown,NM,39399,United States,58-0499237,869-935-8839,Office Supplies
A-001535,"Arnold, Baker and George",5914 Green Brook Apt. 231,West Cynthia,SD,96083,United States,10-0210054,914-274-2589,Manufacturing
A-001536,Vasquez-Gates,2408 Anita Village Apt. 009,South Jeffery,NC,42713,United States,65-5778818,289-257-0267,IT Services
A-001537,Weaver LLC,57731 Murphy Underpass Suite 397,Rioston,IN,51964,United States,42-4100009,184-396-8229,Manufacturing
A-001538,Hall-Miller,98204 Richard Circles,East Roy,HI,73513,United States,12-3301671,857-015-8967,Construction
A-001539,Johnston-Johnson,8824 Misty Forest Apt. 567,North Thomas,VI,89955,United States,59-4318319,190-147-3427,Healthcare Supplies
A-001540,Williams PLC,090 Michael Club Suite 489,Andersontown,MT,70807,United States,26-7618731,673-643-8941,IT Services
A-001541,Campbell-Howell,650 John Brook Suite 680,West Heathermouth,WY,53704,United States,72-5084928,509-603-0758,Professional Services
A-001542,Franklin-Patton,963 Lisa Extensions,New Jordanmouth,UT,64072,United States,35-0175561,634-339-9712,Construction
A-001543,Phelps-Peterson,242 Cochran Curve Apt. 784,Lake Steven,WV,60574,United States,19-8682372,137-564-8671,Office Supplies
A-001544,Barr-Young,10220 Jeffrey Dale Apt. 609,East Samantha,VI,80649,United States,88-8412068,370-997-2633,Logistics
A-001545,"Gordon, Moore and Chavez",029 Michelle Extensions Suite 699,Port Kristinaview,MH,41828,United States,95-1374399,082-026-9278,Facilities Management
A-001546,"Montgomery, Martin and Navarro",98374 Perez Grove Apt. 126,Karenton,PW,70796,United States,28-5652633,564-320-6593,Facilities Management
A-001547,Travis PLC,279 Peter Island,Matthewbury,KS,88509,United States,98-6594254,854-132-3661,Logistics
A-001548,Houston and Sons,81973 Teresa Roads,Christinamouth,FL,02472,United States,73-9124632,452-420-5267,Construction
A-001549,"Wong, Dixon and Potts",1318 Miles Forks Suite 400,Port Devin,VT,21294,United States,14-0127441,678-869-5127,Office Supplies
A-001550,"Mercado, Rodriguez and Benjamin",88781 Wilson Highway,South Williamburgh,NE,48603,United States,92-7749187,401-624-2955,Healthcare Supplies
A-001551,Dixon Inc,154 Teresa Extensions Apt. 583,Lake Abigail,NJ,08710,United States,47-3587211,587-544-9632,Office Supplies
A-001552,Bright Group,47294 Moore Burg Apt. 014,Port Valerie,AZ,09360,United States,54-7236783,609-706-7043,Logistics
A-001553,Nelson PLC,0805 Pittman Ford,Port Michael,LA,10305,United States,92-7200028,518-134-2881,Professional Services
A-001554,"Peters, Hughes and Stokes",2434 Barbara Mountain,Lake Kathy,MD,74543,United States,78-0631093,329-544-0554,Office Supplies
A-001555,"Cruz, Parks and Miller",0062 Spencer Manor,Port Bradport,ME,62359,United States,15-8119446,607-798-9896,Construction
A-001556,"Rogers, Lewis and Irwin",35214 Stanley Junction,South Josephland,PA,24803,United States,44-2863523,621-973-1457,IT Services
A-001557,"Ward, Rodriguez and Williams",06154 Davis Island,Medinaton,IA,82650,United States,26-4494545,713-119-4271,Manufacturing
A-001558,Gonzalez Group,63287 Kathleen Prairie Suite 560,Armstrongmouth,MD,85651,United States,82-3310328,991-524-2750,Office Supplies
A-001559,"Gray, Nichols and Goodman",14963 Simpson Plains,Rhondaview,KY,09139,United States,33-8462628,219-170-6221,Office Supplies
A-001560,"Mccann, Parker and Stein",032 Adrian Stravenue Apt. 902,West Kylestad,PA,41313,United States,41-1152157,283-981-1210,Office Supplies
A-001561,"Vasquez, Smith and Holden",442 Randy Square,West Robert,IA,23992,United States,25-8927104,291-712-3209,IT Services
A-001562,Fitzgerald and Sons,1491 Barajas Row Apt. 128,Dylanchester,SD,12290,United States,68-8574163,962-326-8625,Office Supplies
A-001563,Mcdonald and Sons,9055 Burke Ways Suite 831,East Melissaport,MT,78473,United States,38-1919481,430-749-8209,Logistics
A-001564,"Sullivan, Jones and Thomas",22699 Davis Wells,Port Mandyburgh,PA,99719,United States,52-7915151,442-052-0306,Office Supplies
A-001565,Suarez-Allen,51090 Elizabeth Corners Suite 839,Barbaraview,UT,50778,United States,62-3836867,936-663-9189,Office Supplies
A-001566,Price-Lawrence,7979 Natalie Prairie,South Caitlin,NC,12610,United States,36-0183853,335-295-4005,Logistics
A-001567,"Ford, Page and Smith",1242 Kyle Club Suite 682,Port Thomasfort,TX,78470,United States,22-0828027,999-499-4018,Office Supplies
A-001568,"Ray, Thompson and Coleman",674 William Mall,Robertton,AK,22113,United States,55-4773258,295-703-4935,Healthcare Supplies
A-001569,"Davis, Kim and Cohen",898 Jennifer Drives,West Tamaraville,KY,31649,United States,76-1662253,840-115-4033,Facilities Management
A-001570,"Thomas, Moran and Castillo",3795 Williamson Mall Apt. 606,New Lorraine,AK,40727,United States,57-2944000,179-588-3033,Manufacturing
A-001571,Johnson and Sons,6002 Murphy Fords Suite 710,Blackfort,ID,10251,United States,97-8505410,736-723-1010,Professional Services
A-001572,Schaefer-Conley,1301 Alejandro Parks Apt. 081,Gonzalezport,NY,15493,United States,31-4410364,105-027-2577,Healthcare Supplies
A-001573,Hamilton PLC,436 Isabella Parks Apt. 585,West James,NC,20533,United States,26-7494290,280-857-6236,Logistics
A-001574,Johnston Grp,50248 Bender Island,West Valerie,NY,58977,United States,22-0658235,088-063-5729,Manufacturing
A-001575,"Harper, Thomas and Norton",37282 Gregory Corner Suite 431,Oliverside,AR,08414,United States,36-0971128,684-116-0201,IT Services
A-001576,Booth and Sons,472 Alexandra Valleys Suite 848,Port Deborah,OK,66820,United States,99-3830749,022-509-1357,Construction
A-001577,"Hoffman, Davis and Harrison",14157 Ashley Landing Apt. 104,Lindseymouth,RI,70797,United States,11-4746008,992-611-0447,Healthcare Supplies
A-001578,Diaz-Bell,41108 Day Corners Suite 409,East Christina,TX,88631,United States,42-7618008,346-629-7254,Facilities Management
A-001579,"Ryan, Ortiz and Evans",6867 Tammy Harbor Apt. 539,East Garyland,PA,02384,United States,89-4582888,436-056-9043,Professional Services
A-001580,"Turner, Quinn and Scott",442 Jennifer Bridge Suite 709,West Jasonton,IN,22924,United States,31-8830034,615-187-1040,Construction
A-001581,Hill-Patterson,89892 Zachary Camp Apt. 449,Duncanmouth,SC,65214,United States,68-9269569,358-054-1631,Facilities Management
A-001582,"Baldwin, Bullock and Ramos",06921 Lopez Shoal Apt. 050,Oconnellfort,VT,93254,United States,76-8986243,481-798-9033,IT Services
A-001583,MACIAS AND SONS,8130 Mary Corners Suite 099,Justinmouth,FM,61143,United States,84-6326954,181-341-0290,Manufacturing
A-001584,Nolan PLC,853 Barajas Centers,Portermouth,MO,77675,United States,50-4378331,670-258-9127,Manufacturing
A-001585,Olson-Mckay,8578 Bruce Key,New Brittney,CA,54153,United States,37-4294163,863-185-5256,IT Services
A-001586,Padilla-Fernandez,4116 Carlson Course,West Jaredtown,SC,42007,United States,16-4542674,242-699-6969,Construction
A-001587,Black-Gilbert,78281 Underwood Bridge,Dannybury,NM,77863,United States,31-5495749,640-497-0383,Construction
A-001588,"Castillo, Morrow and Sloan",496 Emily Meadows Apt. 766,Toddberg,KY,27931,United States,17-1508836,468-348-5497,Office Supplies
A-001589,Parks Group,58326 Fields Lodge,South Stephaniebury,WA,08226,United States,80-9069927,179-821-0959,Construction
A-001590,Mendez and Sons,8834 Mathis Isle Apt. 048,West Dustin,GU,89341,United States,21-5847550,791-388-5158,Manufacturing
A-001591,"Mitchell, Johnson and Evans",88299 Cynthia Place Apt. 766,West Jonathanhaven,WA,01558,United States,41-4064734,618-700-1365,Office Supplies
A-001592,Lopez Inc,57691 Richard Rue Suite 259,Patrickview,HI,13746,United States,34-8215410,228-985-3541,Office Supplies
A-001593,Johnson Ltd,67363 Mark Unions Apt. 531,Lake Josebury,AK,71562,United States,64-6041020,045-310-0259,Logistics
A-001594,West-Carter,9171 Michael Islands Apt. 846,South Edwardport,NJ,11705,United States,43-8718269,271-992-7241,Facilities Management
A-001595,"Warner, Medina and Harris",30655 Wise Cliff,West Matthew,VT,18703,United States,74-1138124,022-796-1770,Logistics
A-001596,LI PLC,551 White Ramp,Amyside,IA,29555,United States,30-0164147,119-896-8354,Professional Services
A-001597,TAYLOR-NGUYEN,0605 Parker Fords Apt. 900,Staceyshire,CA,44292,United States,63-7569722,727-506-3622,Facilities Management
A-001598,"Valenzuela, Grimes and Martin",3865 Clarence Flat,Anitahaven,UT,35307,United States,70-2033662,209-418-4446,Manufacturing
A-001599,Irwin Inc,45797 Seth Trafficway Apt. 392,North Dawnton,NY,84967,United States,14-2683817,293-807-4385,Professional Services
A-001600,"Ellis, Jackson and Williams",65155 Bowman Motorway,Lake Jake,MS,10063,United States,66-8455421,072-778-7659,Construction
A-001601,Hernandez Group,7050 Heather Court,West Alex,WI,48978,United States,45-8167668,836-825-1702,Facilities Management
A-001602,Turner PLC,00453 Roberts Lock Apt. 279,New Charles,FL,63956,United States,11-9727026,243-347-7204,Healthcare Supplies
A-001603,Holland-Ramirez,30961 Steven Fork Suite 857,Vickiport,CA,73476,United States,35-3622930,442-654-9537,Construction
A-001604,Bell-Calderon,9087 Jacobs Crest,Stevenside,WV,04417,United States,77-1939435,048-690-8026,Construction
A-001605,"Robertson, Martin and Berry",2749 Spence Hill,Morrisburgh,NY,08848,United States,51-5721250,551-562-4993,Manufacturing
A-001606,Group,73849 Moore Mission,Spearston,MI,34857,United States,91-8671750,368-485-0701,Logistics
A-001607,"Andrews, Stanton and Consulting",422 Mark Island,Ricetown,SD,98243,United States,76-2441268,044-057-1062,Facilities Management
A-001608,Solutions,020 Debra Center,Bishopburgh,MN,34148,United States,75-0262890,125-886-0496,Facilities Management
A-001609,Irwin Holdings,525 Williams Branch Apt. 518,North Dawnton,NY,67309,United States,34-7940275,934-576-4947,Professional Services
A-001610,Consulting,4402 Dougherty Course Apt. 432,Bryanshire,RI,01281,United States,74-9304307,589-207-9042,Manufacturing
A-001611,Herring Partners,855 Long Greens,Lake Kevinland,AR,16738,United States,92-0917342,625-316-4023,Facilities Management
A-001612,Holdings,81089 Angela Parkways,East Justin,TX,58713,United States,57-1678892,089-850-0038,Healthcare Supplies
A-001613,Holdings,4600 Rollins Common,North Dwayne,MA,79740,United States,55-9084418,492-359-2027,Office Supplies
A-001614,"LOPEZ, BOYLE AND PARTNERS",049 Moreno Bypass,Ellisbury,IL,43517,United States,93-3454210,501-443-0111,Logistics
A-001615,Consulting,0716 Susan Drive,Joneston,NC,15966,United States,89-7218787,711-467-5301,IT Services
A-001616,Mays and Consulting,0557 Megan Harbor Apt. 027,Theresastad,MT,93721,United States,73-7594123,679-918-2440,Construction
A-001617,Ferguson Consulting,83242 Blake Isle Suite 108,North Davidview,GA,39033,United States,66-3961987,297-967-6426,Construction
A-001618,Barton and Group,331 Eric Mall,Port Henry,IA,24274,United States,65-9042709,127-414-0551,Construction
A-001619,Group,297 Sloan Drive Apt. 616,Francisview,PR,77619,United States,58-4912105,349-617-4648,Healthcare Supplies
A-001620,Flores Partners,820 Richard Radial Suite 207,East Tylerbury,MO,44853,United States,98-7995334,704-648-3715,Facilities Management
A-001621,"Kent, Baker and Group",37631 Dudley Harbors,Bennettville,MP,66766,United States,36-3841612,167-431-2182,Construction
A-001622,Consulting,59673 Ortega Island Apt. 178,Lake Kimberlyshire,NY,39029,United States,67-7532596,164-756-0915,Professional Services
A-001623,Partners,541 Gibson Meadow Apt. 428,New Kelly,NV,24562,United States,88-9382867,342-820-9788,Construction
A-001624,Dawson Group,23534 Edward Fork Apt. 868,Schneiderbury,AZ,65171,United States,69-8826833,973-259-8960,Construction
A-001625,Young Partners,475 Harvey Rest,New Tamarafort,MA,32578,United States,65-4186806,443-280-1940,Construction
A-001626,Smith Partners,2489 James Lock Suite 464,Lake Thomasberg,TX,28659,United States,42-7012523,989-979-3070,Facilities Management
A-001627,Dennis Solutions,6660 Maldonado Dale,Morganbury,AS,92235,United States,59-5367749,612-471-3052,IT Services
A-001628,"RAY, THOMPSON AND GROUP",9835 Jefferson Freeway,Robertton,AK,24662,United States,84-0831347,770-361-9328,Healthcare Supplies
A-001629,"Haney, Johnson and Consulting",2576 Bailey Shoals Apt. 643,Masseychester,OH,57858,United States,25-2728624,979-752-5421,Facilities Management
A-001630,Little Holdings,312 Serrano Road Suite 075,South Bradley,NV,13017,United States,93-6156197,497-674-0028,Manufacturing
A-001631,Peterson Consulting,82872 Fowler Highway Apt. 647,New Katieton,WY,06570,United States,24-5284437,887-044-9160,Manufacturing
A-001632,Chan Partners,302 Horton Lake Suite 943,Gabrielleshire,AK,19230,United States,54-4055921,050-009-4365,Healthcare Supplies
